order_id,order_date,product_id,customer_id,warehouse,quantity,unit_price,sales,order_status,delivery_date,order_year,order_month,order_month_name,fulfilled_flag
O00001,2026-04-11,P014,C0432,WH-South,2,8215.45,16430.9,Delivered,2026-04-16,2026,4,April,1
O00002,2026-06-18,P004,C0424,WH-East,9,5647.39,50826.51,Delivered,2026-06-20,2026,6,June,1
O00003,2026-02-09,P086,C0039,WH-West,13,3132.13,40717.69,Delivered,2026-02-15,2026,2,February,1
O00004,2026-05-28,P055,C0980,WH-South,12,1487.11,17845.32,Delivered,2026-05-30,2026,5,May,1
O00005,2025-08-21,P100,C0387,WH-West,13,6160.6,80087.8,Delivered,2025-08-23,2025,8,August,1
O00006,2026-06-08,P034,C0951,WH-West,8,7873.1,62984.8,Delivered,2026-06-10,2026,6,June,1
O00007,2025-12-12,P027,C0769,WH-North,13,3927.78,51061.14,Delivered,2025-12-14,2025,12,December,1
O00008,2025-02-15,P007,C0791,WH-North,11,11389.37,125283.07,Delivered,2025-02-24,2025,2,February,1
O00009,2026-06-30,P003,C0742,WH-South,10,8874.43,88744.3,Delivered,2026-07-03,2026,6,June,1
O00010,2025-03-19,P047,C0451,WH-South,10,9554.1,95541.0,Cancelled,Unknown,2025,3,March,0
O00011,2025-03-14,P097,C0958,WH-North,6,7927.96,47567.76,Delivered,2025-03-22,2025,3,March,1
O00012,2025-09-06,P002,C0115,WH-West,7,9662.88,67640.16,Processing,2025-09-10,2025,9,September,0
O00013,2025-02-16,P080,C0930,WH-South,12,6733.38,80800.56,Delivered,2025-02-26,2025,2,February,1
O00014,2025-05-01,P025,C0401,WH-East,6,2564.25,15385.5,Delivered,2025-05-06,2025,5,May,1
O00015,2025-08-02,P060,C0304,WH-South,15,1239.87,18598.05,Delivered,2025-08-10,2025,8,August,1
O00016,2025-08-27,P079,C0603,WH-South,15,8889.27,133339.05,Delivered,2025-08-31,2025,8,August,1
O00017,2025-02-25,P024,C0309,WH-East,5,5645.0,28225.0,Delivered,2025-03-03,2025,2,February,1
O00018,2025-12-16,P015,C0573,WH-South,4,10925.43,43701.72,Delivered,2025-12-21,2025,12,December,1
O00019,2025-04-17,P095,C0103,WH-West,7,5427.18,37990.26,Delivered,2025-04-24,2025,4,April,1
O00020,2025-02-17,P014,C0727,WH-East,4,8215.45,32861.8,Delivered,2025-02-27,2025,2,February,1
O00021,2025-12-03,P054,C0102,WH-East,10,5559.97,55599.7,Delivered,2025-12-09,2025,12,December,1
O00022,2025-01-26,P078,C0907,WH-North,10,8749.35,87493.5,Delivered,2025-01-28,2025,1,January,1
O00023,2025-09-14,P006,C0655,WH-West,10,716.9,7169.0,Delivered,2025-09-20,2025,9,September,1
O00024,2025-01-08,P078,C0090,WH-North,9,8749.35,78744.15,Delivered,2025-01-14,2025,1,January,1
O00025,2025-09-10,P081,C0118,WH-West,5,8788.43,43942.15,Delivered,2025-09-20,2025,9,September,1
O00026,2025-10-30,P018,C0139,WH-South,8,6842.11,54736.88,Delivered,2025-11-08,2025,10,October,1
O00027,2025-02-25,P020,C0903,WH-North,12,2297.9,27574.8,Delivered,2025-03-03,2025,2,February,1
O00028,2026-06-10,P062,C0303,WH-South,13,11436.7,148677.1,Delivered,2026-06-16,2026,6,June,1
O00029,2026-04-19,P081,C0752,WH-South,15,8788.43,131826.45,Delivered,2026-04-22,2026,4,April,1
O00030,2025-01-28,P080,C0648,WH-North,12,6733.38,80800.56,Delivered,2025-02-07,2025,1,January,1
O00031,2025-03-19,P040,C0517,WH-North,12,7396.64,88759.68,Processing,2025-03-24,2025,3,March,0
O00032,2025-08-04,P039,C0209,WH-South,6,2741.34,16448.04,Delivered,2025-08-12,2025,8,August,1
O00033,2026-01-21,P052,C0087,WH-South,4,2109.04,8436.16,Delivered,2026-01-28,2026,1,January,1
O00034,2025-12-31,P032,C0962,WH-West,12,8387.44,100649.28,Delivered,2026-01-06,2025,12,December,1
O00035,2026-06-10,P073,C0859,WH-South,3,5286.08,15858.24,Delivered,2026-06-16,2026,6,June,1
O00036,2025-11-08,P027,C0319,WH-East,11,3927.78,43205.58,Delivered,2025-11-16,2025,11,November,1
O00037,2025-01-07,P052,C0789,WH-South,6,2109.04,12654.24,Delivered,2025-01-10,2025,1,January,1
O00038,2025-01-03,P097,C0967,WH-South,1,7927.96,7927.96,Delivered,2025-01-13,2025,1,January,1
O00039,2025-12-29,P063,C0887,WH-South,2,6119.08,12238.16,Delivered,2026-01-01,2025,12,December,1
O00040,2026-05-23,P074,C0633,WH-North,7,8610.83,60275.81,Delivered,2026-06-02,2026,5,May,1
O00041,2025-10-01,P063,C0245,WH-North,15,6119.08,91786.2,Delivered,2025-10-06,2025,10,October,1
O00042,2026-05-21,P017,C0870,WH-East,4,8360.81,33443.24,Delivered,2026-05-28,2026,5,May,1
O00043,2025-01-15,P049,C0090,WH-South,5,3014.05,15070.25,Delivered,2025-01-17,2025,1,January,1
O00044,2025-07-11,P100,C0478,WH-West,15,6160.6,92409.0,Delivered,2025-07-17,2025,7,July,1
O00045,2026-04-30,P081,C0652,WH-West,11,8788.43,96672.73,Delivered,2026-05-07,2026,4,April,1
O00046,2025-01-28,P082,C0112,WH-South,10,7665.58,76655.8,Delivered,2025-02-07,2025,1,January,1
O00047,2025-02-08,P023,C0907,WH-South,1,2561.5,2561.5,Delivered,2025-02-18,2025,2,February,1
O00048,2025-09-30,P098,C0950,WH-South,2,2843.84,5687.68,Delivered,2025-10-10,2025,9,September,1
O00049,2025-08-19,P072,C0977,WH-South,4,7933.68,31734.72,Delivered,2025-08-23,2025,8,August,1
O00050,2025-03-27,P013,C0394,WH-South,8,359.86,2878.88,Delivered,2025-04-01,2025,3,March,1
O00051,2026-04-19,P023,C0887,WH-North,10,2561.5,25615.0,Returned,2026-04-28,2026,4,April,0
O00052,2025-05-06,P057,C0240,WH-East,4,919.99,3679.96,Delivered,2025-05-15,2025,5,May,1
O00053,2026-06-21,P062,C0272,WH-North,14,11436.7,160113.8,Delivered,2026-06-24,2026,6,June,1
O00054,2025-05-25,P054,C0143,WH-West,3,5559.97,16679.91,Delivered,2025-06-03,2025,5,May,1
O00055,2026-06-09,P020,C0954,WH-North,3,2297.9,6893.7,Processing,2026-06-17,2026,6,June,0
O00056,2025-07-31,P086,C0719,WH-North,12,3132.13,37585.56,Delivered,2025-08-10,2025,7,July,1
O00057,2025-01-25,P052,C0119,WH-East,5,2109.04,10545.2,Delivered,2025-01-31,2025,1,January,1
O00058,2026-01-29,P023,C0596,WH-West,3,2561.5,7684.5,Delivered,2026-02-01,2026,1,January,1
O00059,2025-03-08,P035,C0900,WH-West,8,10862.84,86902.72,Delivered,2025-03-14,2025,3,March,1
O00060,2025-08-21,P067,C0992,WH-South,5,3626.7,18133.5,Delivered,2025-08-24,2025,8,August,1
O00061,2025-04-19,P034,C0251,WH-East,12,7873.1,94477.2,Delivered,2025-04-25,2025,4,April,1
O00062,2025-05-26,P033,C0278,WH-North,14,7876.29,110268.06,Delivered,2025-06-05,2025,5,May,1
O00063,2025-04-21,P046,C0163,WH-North,12,2032.34,24388.08,Delivered,2025-04-29,2025,4,April,1
O00064,2025-08-16,P081,C0654,WH-North,14,8788.43,123038.02,Delivered,2025-08-24,2025,8,August,1
O00065,2025-04-21,P045,C0350,WH-West,7,11503.77,80526.39,Delivered,2025-04-23,2025,4,April,1
O00066,2026-04-15,P019,C0031,WH-West,11,6267.38,68941.18,Delivered,2026-04-25,2026,4,April,1
O00067,2025-02-03,P094,C0458,WH-North,8,9560.46,76483.68,Delivered,2025-02-10,2025,2,February,1
O00068,2026-01-04,P087,C0838,WH-West,5,6619.57,33097.85,Delivered,2026-01-12,2026,1,January,1
O00069,2026-03-01,P015,C0091,WH-South,8,10925.43,87403.44,Delivered,2026-03-04,2026,3,March,1
O00070,2026-06-02,P078,C0128,WH-North,12,8749.35,104992.2,Delivered,2026-06-04,2026,6,June,1
O00071,2025-10-09,P066,C0779,WH-North,15,9296.31,139444.65,Delivered,2025-10-14,2025,10,October,1
O00072,2025-11-16,P039,C0548,WH-South,3,2741.34,8224.02,Delivered,2025-11-26,2025,11,November,1
O00073,2026-03-19,P018,C0970,WH-West,15,6842.11,102631.65,Cancelled,Unknown,2026,3,March,0
O00074,2025-11-11,P070,C0848,WH-North,14,2886.35,40408.9,Delivered,2025-11-15,2025,11,November,1
O00075,2026-01-12,P059,C0792,WH-South,12,722.03,8664.36,Delivered,2026-01-14,2026,1,January,1
O00076,2025-10-16,P032,C0725,WH-East,7,8387.44,58712.08,Delivered,2025-10-19,2025,10,October,1
O00077,2026-03-13,P021,C0509,WH-South,8,2945.59,23564.72,Processing,2026-03-23,2026,3,March,0
O00078,2025-10-04,P040,C0936,WH-North,7,7396.64,51776.48,Delivered,2025-10-14,2025,10,October,1
O00079,2026-05-18,P092,C0745,WH-South,14,9918.59,138860.26,Cancelled,Unknown,2026,5,May,0
O00080,2026-05-31,P027,C0740,WH-West,2,3927.78,7855.56,Delivered,2026-06-10,2026,5,May,1
O00081,2025-12-16,P002,C0881,WH-North,8,9662.88,77303.04,Delivered,2025-12-18,2025,12,December,1
O00082,2026-03-22,P097,C0810,WH-North,6,7927.96,47567.76,Delivered,2026-03-27,2026,3,March,1
O00083,2025-12-16,P080,C0237,WH-West,10,6733.38,67333.8,Delivered,2025-12-22,2025,12,December,1
O00084,2025-05-17,P039,C0983,WH-West,3,2741.34,8224.02,Delivered,2025-05-26,2025,5,May,1
O00085,2025-08-31,P086,C0533,WH-West,4,3132.13,12528.52,Delivered,2025-09-06,2025,8,August,1
O00086,2026-06-27,P056,C0608,WH-East,7,888.53,6219.71,Delivered,2026-07-03,2026,6,June,1
O00087,2025-02-09,P013,C0977,WH-North,3,359.86,1079.58,Cancelled,Unknown,2025,2,February,0
O00088,2025-08-17,P056,C0051,WH-North,1,888.53,888.53,Delivered,2025-08-27,2025,8,August,1
O00089,2025-08-11,P066,C0849,WH-North,6,9296.31,55777.86,Cancelled,Unknown,2025,8,August,0
O00090,2025-01-06,P078,C0823,WH-South,3,8749.35,26248.05,Delivered,2025-01-16,2025,1,January,1
O00091,2025-11-18,P056,C0469,WH-North,11,888.53,9773.83,Delivered,2025-11-26,2025,11,November,1
O00092,2026-04-13,P028,C0892,WH-North,15,1732.59,25988.85,Delivered,2026-04-21,2026,4,April,1
O00093,2025-03-16,P064,C0388,WH-West,10,9772.25,97722.5,Delivered,2025-03-22,2025,3,March,1
O00094,2025-01-04,P071,C0062,WH-West,6,4401.72,26410.32,Delivered,2025-01-06,2025,1,January,1
O00095,2025-04-28,P082,C0343,WH-West,10,7665.58,76655.8,Delivered,2025-05-05,2025,4,April,1
O00096,2026-05-19,P064,C0153,WH-North,12,9772.25,117267.0,Delivered,2026-05-26,2026,5,May,1
O00097,2026-03-17,P056,C0736,WH-West,3,888.53,2665.59,Delivered,2026-03-22,2026,3,March,1
O00098,2025-07-13,P041,C0966,WH-East,6,10031.16,60186.96,Delivered,2025-07-16,2025,7,July,1
O00099,2026-01-27,P100,C0654,WH-West,11,6160.6,67766.6,Delivered,2026-01-29,2026,1,January,1
O00100,2025-01-26,P041,C0041,WH-East,4,10031.16,40124.64,Delivered,2025-01-30,2025,1,January,1
O00101,2026-03-11,P100,C0486,WH-South,13,6160.6,80087.8,Returned,2026-03-21,2026,3,March,0
O00102,2025-06-22,P004,C0953,WH-East,4,5647.39,22589.56,Delivered,2025-06-24,2025,6,June,1
O00103,2025-10-27,P057,C0678,WH-East,10,919.99,9199.9,Returned,2025-11-02,2025,10,October,0
O00104,2025-11-22,P030,C0702,WH-South,10,6989.65,69896.5,Delivered,2025-11-29,2025,11,November,1
O00105,2026-02-14,P088,C0809,WH-East,11,7327.81,80605.91,Delivered,2026-02-24,2026,2,February,1
O00106,2025-04-28,P084,C0557,WH-North,2,9567.6,19135.2,Delivered,2025-04-30,2025,4,April,1
O00107,2025-08-13,P046,C0720,WH-North,14,2032.34,28452.76,Delivered,2025-08-19,2025,8,August,1
O00108,2026-06-16,P056,C0382,WH-West,4,888.53,3554.12,Delivered,2026-06-18,2026,6,June,1
O00109,2025-04-23,P031,C0096,WH-West,11,1882.62,20708.82,Delivered,2025-04-26,2025,4,April,1
O00110,2025-05-20,P088,C0912,WH-West,12,7327.81,87933.72,Delivered,2025-05-23,2025,5,May,1
O00111,2025-01-01,P007,C0787,WH-West,4,11389.37,45557.48,Returned,2025-01-07,2025,1,January,0
O00112,2025-03-31,P090,C0293,WH-North,11,2450.87,26959.57,Delivered,2025-04-05,2025,3,March,1
O00113,2025-11-16,P077,C0235,WH-West,7,12073.98,84517.86,Delivered,2025-11-23,2025,11,November,1
O00114,2025-05-19,P054,C0341,WH-East,5,5559.97,27799.85,Delivered,2025-05-25,2025,5,May,1
O00115,2026-05-26,P008,C0719,WH-South,8,7685.98,61487.84,Delivered,2026-05-29,2026,5,May,1
O00116,2025-09-16,P055,C0957,WH-East,7,1487.11,10409.77,Delivered,2025-09-26,2025,9,September,1
O00117,2025-01-10,P069,C0538,WH-South,10,7876.01,78760.1,Delivered,2025-01-19,2025,1,January,1
O00118,2025-09-18,P044,C0350,WH-North,9,3533.01,31797.09,Delivered,2025-09-28,2025,9,September,1
O00119,2025-06-21,P013,C0872,WH-South,8,359.86,2878.88,Delivered,2025-06-28,2025,6,June,1
O00120,2025-01-13,P093,C0207,WH-West,15,11181.17,167717.55,Delivered,2025-01-19,2025,1,January,1
O00121,2025-06-17,P020,C0960,WH-North,9,2297.9,20681.1,Processing,2025-06-23,2025,6,June,0
O00122,2025-11-17,P078,C0491,WH-West,1,8749.35,8749.35,Returned,2025-11-20,2025,11,November,0
O00123,2025-11-15,P032,C0381,WH-East,10,8387.44,83874.4,Delivered,2025-11-20,2025,11,November,1
O00124,2025-11-25,P060,C0141,WH-East,13,1239.87,16118.31,Delivered,2025-11-28,2025,11,November,1
O00125,2026-02-23,P050,C0859,WH-West,12,1973.84,23686.08,Delivered,2026-02-26,2026,2,February,1
O00126,2025-04-05,P027,C0599,WH-South,3,3927.78,11783.34,Delivered,2025-04-14,2025,4,April,1
O00127,2025-11-14,P025,C0930,WH-East,5,2564.25,12821.25,Delivered,2025-11-19,2025,11,November,1
O00128,2025-08-24,P052,C0891,WH-South,9,2109.04,18981.36,Delivered,2025-08-29,2025,8,August,1
O00129,2025-11-30,P068,C0610,WH-East,8,7862.75,62902.0,Returned,2025-12-08,2025,11,November,0
O00130,2026-01-11,P021,C0023,WH-West,14,2945.59,41238.26,Delivered,2026-01-16,2026,1,January,1
O00131,2026-04-04,P018,C0762,WH-West,10,6842.11,68421.1,Delivered,2026-04-14,2026,4,April,1
O00132,2025-05-17,P039,C0364,WH-East,7,2741.34,19189.38,Delivered,2025-05-27,2025,5,May,1
O00133,2026-05-28,P015,C0762,WH-East,2,10925.43,21850.86,Delivered,2026-06-01,2026,5,May,1
O00134,2025-10-23,P053,C0148,WH-South,15,8550.49,128257.35,Cancelled,Unknown,2025,10,October,0
O00135,2025-11-16,P038,C0566,WH-South,11,9847.32,108320.52,Delivered,2025-11-24,2025,11,November,1
O00136,2025-12-15,P048,C0969,WH-South,6,8206.14,49236.84,Delivered,2025-12-19,2025,12,December,1
O00137,2025-08-17,P052,C0954,WH-West,4,2109.04,8436.16,Delivered,2025-08-22,2025,8,August,1
O00138,2025-09-27,P088,C0827,WH-East,5,7327.81,36639.05,Delivered,2025-09-29,2025,9,September,1
O00139,2025-10-18,P072,C0916,WH-North,14,7933.68,111071.52,Delivered,2025-10-28,2025,10,October,1
O00140,2025-06-14,P028,C0551,WH-South,5,1732.59,8662.95,Delivered,2025-06-22,2025,6,June,1
O00141,2025-01-05,P085,C0505,WH-North,13,1090.03,14170.39,Delivered,2025-01-13,2025,1,January,1
O00142,2026-01-14,P016,C0846,WH-West,4,6037.0,24148.0,Delivered,2026-01-24,2026,1,January,1
O00143,2025-03-19,P016,C0218,WH-South,4,6037.0,24148.0,Delivered,2025-03-26,2025,3,March,1
O00144,2026-02-14,P035,C0859,WH-South,15,10862.84,162942.6,Delivered,2026-02-23,2026,2,February,1
O00145,2025-05-12,P017,C0482,WH-North,4,8360.81,33443.24,Returned,2025-05-18,2025,5,May,0
O00146,2025-02-11,P073,C0989,WH-North,11,5286.08,58146.88,Cancelled,Unknown,2025,2,February,0
O00147,2025-03-30,P099,C0416,WH-East,2,1477.4,2954.8,Delivered,2025-04-01,2025,3,March,1
O00148,2026-02-06,P052,C0937,WH-North,1,2109.04,2109.04,Cancelled,Unknown,2026,2,February,0
O00149,2025-10-23,P093,C0749,WH-West,12,11181.17,134174.04,Delivered,2025-10-28,2025,10,October,1
O00150,2025-10-22,P082,C0325,WH-South,2,7665.58,15331.16,Delivered,2025-11-01,2025,10,October,1
O00151,2026-06-10,P012,C0836,WH-North,7,3219.93,22539.51,Delivered,2026-06-19,2026,6,June,1
O00152,2026-02-26,P083,C0855,WH-West,12,1377.9,16534.8,Delivered,2026-03-07,2026,2,February,1
O00153,2025-01-23,P048,C0789,WH-North,1,8206.14,8206.14,Returned,2025-01-26,2025,1,January,0
O00154,2025-05-23,P022,C0737,WH-North,6,9065.34,54392.04,Delivered,2025-05-31,2025,5,May,1
O00155,2025-05-25,P049,C0489,WH-North,4,3014.05,12056.2,Delivered,2025-05-29,2025,5,May,1
O00156,2025-08-13,P052,C0408,WH-East,2,2109.04,4218.08,Delivered,2025-08-20,2025,8,August,1
O00157,2026-05-18,P079,C0144,WH-South,15,8889.27,133339.05,Cancelled,Unknown,2026,5,May,0
O00158,2025-04-14,P001,C0800,WH-South,15,2324.33,34864.95,Delivered,2025-04-21,2025,4,April,1
O00159,2025-02-08,P066,C0211,WH-South,3,9296.31,27888.93,Cancelled,Unknown,2025,2,February,0
O00160,2025-07-17,P064,C0666,WH-East,7,9772.25,68405.75,Delivered,2025-07-21,2025,7,July,1
O00161,2026-01-26,P008,C0259,WH-North,6,7685.98,46115.88,Delivered,2026-01-29,2026,1,January,1
O00162,2025-06-28,P086,C0227,WH-South,15,3132.13,46981.95,Delivered,2025-07-03,2025,6,June,1
O00163,2026-03-24,P025,C0999,WH-South,15,2564.25,38463.75,Delivered,2026-03-27,2026,3,March,1
O00164,2026-05-15,P066,C0594,WH-North,6,9296.31,55777.86,Delivered,2026-05-23,2026,5,May,1
O00165,2025-01-15,P073,C0889,WH-South,8,5286.08,42288.64,Delivered,2025-01-17,2025,1,January,1
O00166,2025-10-16,P073,C0372,WH-North,8,5286.08,42288.64,Delivered,2025-10-18,2025,10,October,1
O00167,2026-04-23,P077,C0391,WH-East,6,12073.98,72443.88,Delivered,2026-04-29,2026,4,April,1
O00168,2025-08-19,P070,C0992,WH-South,1,2886.35,2886.35,Delivered,2025-08-27,2025,8,August,1
O00169,2026-02-24,P094,C0088,WH-South,10,9560.46,95604.6,Delivered,2026-02-26,2026,2,February,1
O00170,2025-06-06,P079,C0400,WH-North,13,8889.27,115560.51,Delivered,2025-06-11,2025,6,June,1
O00171,2026-03-17,P051,C0309,WH-West,7,506.74,3547.18,Delivered,2026-03-23,2026,3,March,1
O00172,2025-04-07,P053,C0984,WH-East,8,8550.49,68403.92,Delivered,2025-04-10,2025,4,April,1
O00173,2026-02-15,P015,C0004,WH-South,5,10925.43,54627.15,Cancelled,Unknown,2026,2,February,0
O00174,2025-10-16,P050,C0173,WH-North,13,1973.84,25659.92,Delivered,2025-10-21,2025,10,October,1
O00175,2025-09-11,P071,C0544,WH-East,11,4401.72,48418.92,Delivered,2025-09-20,2025,9,September,1
O00176,2025-07-15,P075,C0746,WH-North,4,4757.22,19028.88,Delivered,2025-07-17,2025,7,July,1
O00177,2026-06-06,P038,C0226,WH-West,7,9847.32,68931.24,Delivered,2026-06-08,2026,6,June,1
O00178,2026-06-01,P040,C0339,WH-South,12,7396.64,88759.68,Delivered,2026-06-03,2026,6,June,1
O00179,2025-04-28,P066,C0206,WH-West,12,9296.31,111555.72,Delivered,2025-05-03,2025,4,April,1
O00180,2025-06-08,P039,C0102,WH-South,11,2741.34,30154.74,Delivered,2025-06-10,2025,6,June,1
O00181,2025-08-16,P074,C0058,WH-West,13,8610.83,111940.79,Delivered,2025-08-22,2025,8,August,1
O00182,2025-08-04,P017,C0781,WH-South,6,8360.81,50164.86,Delivered,2025-08-11,2025,8,August,1
O00183,2025-01-15,P007,C0150,WH-North,12,11389.37,136672.44,Delivered,2025-01-23,2025,1,January,1
O00184,2025-06-06,P039,C0252,WH-East,6,2741.34,16448.04,Delivered,2025-06-15,2025,6,June,1
O00185,2025-09-18,P068,C0479,WH-South,14,7862.75,110078.5,Delivered,2025-09-27,2025,9,September,1
O00186,2025-06-06,P035,C0556,WH-South,3,10862.84,32588.52,Returned,2025-06-09,2025,6,June,0
O00187,2025-02-16,P051,C0428,WH-North,11,506.74,5574.14,Delivered,2025-02-21,2025,2,February,1
O00188,2025-11-20,P047,Unknown,WH-West,10,9554.1,95541.0,Delivered,2025-11-28,2025,11,November,1
O00189,2025-05-10,P036,C0919,WH-South,15,9014.91,135223.65,Delivered,2025-05-20,2025,5,May,1
O00190,2026-02-15,P064,C0524,WH-West,4,9772.25,39089.0,Processing,2026-02-25,2026,2,February,0
O00191,2025-04-05,P095,C0491,WH-North,5,5427.18,27135.9,Delivered,2025-04-09,2025,4,April,1
O00192,2025-10-19,P089,C0526,WH-South,9,5210.42,46893.78,Delivered,2025-10-27,2025,10,October,1
O00193,2025-10-10,P013,C0292,WH-East,8,359.86,2878.88,Delivered,2025-10-15,2025,10,October,1
O00194,2025-03-10,P018,C0045,WH-South,3,6842.11,20526.33,Delivered,2025-03-20,2025,3,March,1
O00195,2025-01-11,P021,C0200,WH-North,6,2945.59,17673.54,Delivered,2025-01-19,2025,1,January,1
O00196,2025-09-11,P065,C0024,WH-West,10,6932.91,69329.1,Delivered,2025-09-18,2025,9,September,1
O00197,2025-05-14,P100,C0763,WH-South,1,6160.6,6160.6,Delivered,2025-05-24,2025,5,May,1
O00198,2025-01-23,P008,C0631,WH-North,3,7685.98,23057.94,Delivered,2025-01-31,2025,1,January,1
O00199,2025-12-12,P048,C0387,WH-North,10,8206.14,82061.4,Delivered,2025-12-21,2025,12,December,1
O00200,2025-10-29,P085,C0590,WH-North,14,1090.03,15260.42,Delivered,2025-11-04,2025,10,October,1
O00201,2025-12-29,P043,C0435,WH-West,12,7218.47,86621.64,Delivered,2026-01-03,2025,12,December,1
O00202,2026-01-31,P053,C0242,WH-West,7,8550.49,59853.43,Delivered,2026-02-02,2026,1,January,1
O00203,2025-08-06,P085,C0203,WH-East,7,1090.03,7630.21,Delivered,2025-08-15,2025,8,August,1
O00204,2025-05-21,P027,C0237,WH-East,2,3927.78,7855.56,Delivered,2025-05-28,2025,5,May,1
O00205,2025-07-29,P019,C0951,WH-South,3,6267.38,18802.14,Cancelled,Unknown,2025,7,July,0
O00206,2026-04-05,P023,C0294,WH-North,15,2561.5,38422.5,Delivered,2026-04-09,2026,4,April,1
O00207,2025-12-22,P050,C0348,WH-East,7,1973.84,13816.88,Delivered,2025-12-28,2025,12,December,1
O00208,2025-11-20,P051,C0087,WH-West,12,506.74,6080.88,Delivered,2025-11-25,2025,11,November,1
O00209,2025-05-13,P043,C0210,WH-North,6,7218.47,43310.82,Delivered,2025-05-21,2025,5,May,1
O00210,2025-05-07,P099,C0788,WH-South,13,1477.4,19206.2,Delivered,2025-05-14,2025,5,May,1
O00211,2025-04-16,P051,C0609,WH-North,7,506.74,3547.18,Delivered,2025-04-20,2025,4,April,1
O00212,2026-01-13,P069,C0002,WH-East,10,7876.01,78760.1,Delivered,2026-01-15,2026,1,January,1
O00213,2025-02-20,P041,C0999,WH-East,9,10031.16,90280.44,Delivered,2025-02-28,2025,2,February,1
O00214,2025-01-29,P072,C0229,WH-North,8,7933.68,63469.44,Cancelled,Unknown,2025,1,January,0
O00215,2026-04-07,P011,C0410,WH-West,6,11449.02,68694.12,Processing,2026-04-09,2026,4,April,0
O00216,2025-10-23,P080,C0243,WH-North,12,6733.38,80800.56,Delivered,2025-10-25,2025,10,October,1
O00217,2025-10-24,P088,C0770,WH-North,14,7327.81,102589.34,Delivered,2025-10-31,2025,10,October,1
O00218,2026-02-11,P085,C0963,WH-North,4,1090.03,4360.12,Delivered,2026-02-16,2026,2,February,1
O00219,2026-02-09,P052,C0468,WH-North,14,2109.04,29526.56,Delivered,2026-02-18,2026,2,February,1
O00220,2025-12-12,P023,C0458,WH-North,13,2561.5,33299.5,Delivered,2025-12-15,2025,12,December,1
O00221,2026-02-24,P049,C0554,WH-West,10,3014.05,30140.5,Delivered,2026-03-01,2026,2,February,1
O00222,2025-07-01,P038,C0213,WH-South,9,9847.32,88625.88,Delivered,2025-07-10,2025,7,July,1
O00223,2025-01-01,P047,C0808,WH-South,7,9554.1,66878.7,Delivered,2025-01-10,2025,1,January,1
O00224,2026-01-06,P072,C0905,WH-East,5,7933.68,39668.4,Delivered,2026-01-12,2026,1,January,1
O00225,2026-03-07,P007,C0386,WH-West,2,11389.37,22778.74,Processing,2026-03-11,2026,3,March,0
O00226,2025-11-05,P066,C0412,WH-North,9,9296.31,83666.79,Delivered,2025-11-10,2025,11,November,1
O00227,2025-05-17,P094,C0515,WH-West,14,9560.46,133846.44,Delivered,2025-05-21,2025,5,May,1
O00228,2025-07-21,P077,C0528,WH-South,7,12073.98,84517.86,Delivered,2025-07-24,2025,7,July,1
O00229,2026-03-12,P062,C0388,WH-North,9,11436.7,102930.3,Cancelled,Unknown,2026,3,March,0
O00230,2025-11-09,P087,C0279,WH-West,11,6619.57,72815.27,Delivered,2025-11-19,2025,11,November,1
O00231,2025-04-27,P029,C0990,WH-East,9,7630.58,68675.22,Delivered,2025-05-04,2025,4,April,1
O00232,2025-09-01,P038,C0102,WH-South,10,9847.32,98473.2,Returned,2025-09-06,2025,9,September,0
O00233,2026-06-21,P084,C0589,WH-North,5,9567.6,47838.0,Delivered,2026-06-23,2026,6,June,1
O00234,2025-03-16,P033,C0390,WH-North,7,7876.29,55134.03,Delivered,2025-03-24,2025,3,March,1
O00235,2026-01-21,P029,C0202,WH-North,5,7630.58,38152.9,Delivered,2026-01-24,2026,1,January,1
O00236,2025-07-29,P079,C0567,WH-North,15,8889.27,133339.05,Delivered,2025-08-05,2025,7,July,1
O00237,2026-04-20,P023,C0721,WH-North,3,2561.5,7684.5,Delivered,2026-04-22,2026,4,April,1
O00238,2026-02-22,P003,C0392,WH-North,10,8874.43,88744.3,Delivered,2026-03-02,2026,2,February,1
O00239,2025-12-13,P093,C0841,WH-West,8,11181.17,89449.36,Delivered,2025-12-18,2025,12,December,1
O00240,2026-06-13,P045,C0354,WH-East,8,11503.77,92030.16,Delivered,2026-06-17,2026,6,June,1
O00241,2025-06-28,P008,C0593,WH-West,9,7685.98,69173.82,Delivered,2025-07-06,2025,6,June,1
O00242,2025-07-01,P086,C0756,WH-West,11,3132.13,34453.43,Delivered,2025-07-05,2025,7,July,1
O00243,2025-01-25,P029,C0235,WH-North,14,7630.58,106828.12,Delivered,2025-02-03,2025,1,January,1
O00244,2025-06-29,P002,C0114,WH-North,12,9662.88,115954.56,Returned,2025-07-04,2025,6,June,0
O00245,2026-05-16,P050,C0982,WH-West,6,1973.84,11843.04,Delivered,2026-05-20,2026,5,May,1
O00246,2025-06-10,P065,C0960,WH-South,2,6932.91,13865.82,Delivered,2025-06-18,2025,6,June,1
O00247,2025-06-26,P020,C0067,WH-North,3,2297.9,6893.7,Delivered,2025-07-04,2025,6,June,1
O00248,2025-10-12,P052,C0809,WH-North,13,2109.04,27417.52,Delivered,2025-10-22,2025,10,October,1
O00249,2025-03-04,P085,C0040,WH-South,11,1090.03,11990.33,Delivered,2025-03-12,2025,3,March,1
O00250,2025-06-05,P037,C0733,WH-West,12,2141.55,25698.6,Delivered,2025-06-12,2025,6,June,1
O00251,2026-04-14,P072,C0103,WH-South,10,7933.68,79336.8,Delivered,2026-04-18,2026,4,April,1
O00252,2025-02-18,P027,C0411,WH-North,11,3927.78,43205.58,Delivered,2025-02-23,2025,2,February,1
O00253,2025-03-25,P047,C0295,WH-East,15,9554.1,143311.5,Delivered,2025-04-03,2025,3,March,1
O00254,2025-12-27,P099,C0565,WH-South,6,1477.4,8864.4,Delivered,2026-01-03,2025,12,December,1
O00255,2025-05-28,P006,C0808,WH-South,1,716.9,716.9,Delivered,2025-06-07,2025,5,May,1
O00256,2025-12-08,P060,C0564,WH-North,14,1239.87,17358.18,Delivered,2025-12-17,2025,12,December,1
O00257,2026-04-21,P045,C0037,WH-South,2,11503.77,23007.54,Delivered,2026-04-30,2026,4,April,1
O00258,2025-03-04,P044,C0067,WH-North,8,3533.01,28264.08,Delivered,2025-03-12,2025,3,March,1
O00259,2025-12-26,P083,C0403,WH-East,11,1377.9,15156.9,Returned,2025-12-28,2025,12,December,0
O00260,2025-11-23,P018,C0674,WH-East,8,6842.11,54736.88,Returned,2025-11-29,2025,11,November,0
O00261,2025-05-21,P065,C0206,WH-West,6,6932.91,41597.46,Delivered,2025-05-29,2025,5,May,1
O00262,2025-08-03,P025,C0341,WH-North,3,2564.25,7692.75,Processing,2025-08-13,2025,8,August,0
O00263,2026-03-11,P027,C0834,WH-East,14,3927.78,54988.92,Delivered,2026-03-16,2026,3,March,1
O00264,2025-11-14,P007,C0906,WH-North,2,11389.37,22778.74,Delivered,2025-11-23,2025,11,November,1
O00265,2025-02-01,P044,C0052,WH-South,13,3533.01,45929.13,Delivered,2025-02-03,2025,2,February,1
O00266,2025-10-12,P029,C0426,WH-South,6,7630.58,45783.48,Returned,2025-10-17,2025,10,October,0
O00267,2025-11-01,P095,C0956,WH-North,1,5427.18,5427.18,Returned,2025-11-06,2025,11,November,0
O00268,2026-03-05,P044,C0209,WH-North,14,3533.01,49462.14,Delivered,2026-03-08,2026,3,March,1
O00269,2026-04-22,P036,C0514,WH-South,10,9014.91,90149.1,Delivered,2026-04-26,2026,4,April,1
O00270,2025-10-13,P019,C0987,WH-North,6,6267.38,37604.28,Delivered,2025-10-17,2025,10,October,1
O00271,2025-05-24,P006,C0641,WH-South,9,716.9,6452.1,Delivered,2025-06-03,2025,5,May,1
O00272,2026-02-28,P025,C0178,WH-West,7,2564.25,17949.75,Delivered,2026-03-08,2026,2,February,1
O00273,2025-01-19,P031,C0676,WH-West,9,1882.62,16943.58,Delivered,2025-01-22,2025,1,January,1
O00274,2025-01-18,P009,C0865,WH-West,2,6820.58,13641.16,Delivered,2025-01-28,2025,1,January,1
O00275,2026-01-06,P084,C0022,WH-North,11,9567.6,105243.6,Delivered,2026-01-15,2026,1,January,1
O00276,2025-06-24,P074,C0369,WH-South,14,8610.83,120551.62,Delivered,2025-07-01,2025,6,June,1
O00277,2025-07-13,P037,C0739,WH-East,5,2141.55,10707.75,Delivered,2025-07-20,2025,7,July,1
O00278,2026-05-17,P027,C0994,WH-East,9,3927.78,35350.02,Delivered,2026-05-20,2026,5,May,1
O00279,2025-04-23,P013,C0082,WH-South,7,359.86,2519.02,Delivered,2025-04-27,2025,4,April,1
O00280,2025-04-24,P041,C0164,WH-South,9,10031.16,90280.44,Delivered,2025-05-01,2025,4,April,1
O00281,2025-08-10,P066,C0377,WH-South,14,9296.31,130148.34,Delivered,2025-08-14,2025,8,August,1
O00282,2025-09-21,P085,C0003,WH-South,11,1090.03,11990.33,Delivered,2025-09-29,2025,9,September,1
O00283,2025-02-24,P097,C0684,WH-South,6,7927.96,47567.76,Delivered,2025-03-02,2025,2,February,1
O00284,2026-04-03,P024,C0118,WH-East,15,5645.0,84675.0,Processing,2026-04-08,2026,4,April,0
O00285,2025-06-11,P044,C0656,WH-West,7,3533.01,24731.07,Delivered,2025-06-20,2025,6,June,1
O00286,2026-01-15,P098,C0764,WH-South,10,2843.84,28438.4,Delivered,2026-01-18,2026,1,January,1
O00287,2025-03-28,P060,C0395,WH-North,5,1239.87,6199.35,Delivered,2025-04-01,2025,3,March,1
O00288,2025-02-24,P009,C0266,WH-West,6,6820.58,40923.48,Delivered,2025-03-01,2025,2,February,1
O00289,2026-04-21,P002,C0435,WH-East,1,9662.88,9662.88,Cancelled,Unknown,2026,4,April,0
O00290,2025-06-27,P056,C0682,WH-South,1,888.53,888.53,Delivered,2025-07-03,2025,6,June,1
O00291,2026-01-26,P030,C0725,WH-North,2,6989.65,13979.3,Delivered,2026-02-01,2026,1,January,1
O00292,2025-12-15,P022,C0793,WH-East,11,9065.34,99718.74,Delivered,2025-12-23,2025,12,December,1
O00293,2025-01-08,P075,C0227,WH-West,14,4757.22,66601.08,Delivered,2025-01-17,2025,1,January,1
O00294,2025-11-09,P081,C0376,WH-West,4,8788.43,35153.72,Cancelled,Unknown,2025,11,November,0
O00295,2026-03-19,P100,C0262,WH-North,11,6160.6,67766.6,Delivered,2026-03-23,2026,3,March,1
O00296,2025-11-24,P013,C0366,WH-South,9,359.86,3238.74,Delivered,2025-11-29,2025,11,November,1
O00297,2025-02-23,P071,C0767,WH-North,7,4401.72,30812.04,Cancelled,Unknown,2025,2,February,0
O00298,2025-08-27,P016,C0428,WH-North,6,6037.0,36222.0,Delivered,2025-09-02,2025,8,August,1
O00299,2025-08-17,P097,C0008,WH-East,15,7927.96,118919.4,Delivered,2025-08-26,2025,8,August,1
O00300,2025-02-20,P045,C0930,WH-North,1,11503.77,11503.77,Delivered,2025-02-24,2025,2,February,1
O00301,2025-09-21,P065,C0041,WH-North,5,6932.91,34664.55,Delivered,2025-09-26,2025,9,September,1
O00302,2026-02-22,P011,C0878,WH-West,11,11449.02,125939.22,Processing,2026-02-27,2026,2,February,0
O00303,2025-04-06,P070,C0257,WH-East,12,2886.35,34636.2,Delivered,2025-04-13,2025,4,April,1
O00304,2025-03-29,P020,C0643,WH-South,13,2297.9,29872.7,Returned,2025-04-08,2025,3,March,0
O00305,2025-03-19,P099,C0564,WH-West,4,1477.4,5909.6,Delivered,2025-03-23,2025,3,March,1
O00306,2025-10-15,P063,C0102,WH-North,5,6119.08,30595.4,Delivered,2025-10-20,2025,10,October,1
O00307,2025-04-30,P090,C0219,WH-South,11,2450.87,26959.57,Delivered,2025-05-07,2025,4,April,1
O00308,2026-05-06,P012,C0244,WH-East,9,3219.93,28979.37,Delivered,2026-05-13,2026,5,May,1
O00309,2026-03-28,P062,C0845,WH-West,12,11436.7,137240.4,Delivered,2026-04-05,2026,3,March,1
O00310,2026-05-15,P094,C0939,WH-South,3,9560.46,28681.38,Delivered,2026-05-17,2026,5,May,1
O00311,2025-06-14,P092,C0303,WH-North,4,9918.59,39674.36,Delivered,2025-06-24,2025,6,June,1
O00312,2025-07-01,P091,C0370,WH-North,8,3806.53,30452.24,Delivered,2025-07-04,2025,7,July,1
O00313,2026-04-14,P042,C0851,WH-South,3,4932.36,14797.08,Delivered,2026-04-19,2026,4,April,1
O00314,2025-01-07,P083,C0275,WH-West,13,1377.9,17912.7,Cancelled,Unknown,2025,1,January,0
O00315,2025-11-26,P069,C0070,WH-South,3,7876.01,23628.03,Returned,2025-11-30,2025,11,November,0
O00316,2025-05-31,P058,C0047,WH-North,13,3596.21,46750.73,Delivered,2025-06-06,2025,5,May,1
O00317,2025-03-26,P005,C0117,WH-East,9,5461.2,49150.8,Cancelled,Unknown,2025,3,March,0
O00318,2025-05-27,P027,C0590,WH-West,5,3927.78,19638.9,Delivered,2025-06-04,2025,5,May,1
O00319,2026-01-16,P028,C0517,WH-North,10,1732.59,17325.9,Delivered,2026-01-24,2026,1,January,1
O00320,2025-10-12,P026,C0254,WH-North,1,8058.43,8058.43,Processing,2025-10-16,2025,10,October,0
O00321,2025-03-23,P091,C0832,WH-South,7,3806.53,26645.71,Delivered,2025-04-02,2025,3,March,1
O00322,2026-05-29,P049,C0619,WH-North,7,3014.05,21098.35,Processing,2026-06-05,2026,5,May,0
O00323,2026-06-07,P021,C0756,WH-West,15,2945.59,44183.85,Delivered,2026-06-16,2026,6,June,1
O00324,2026-01-21,P001,C0173,WH-South,6,2324.33,13945.98,Delivered,2026-01-23,2026,1,January,1
O00325,2026-04-16,P092,C0960,WH-East,6,9918.59,59511.54,Delivered,2026-04-21,2026,4,April,1
O00326,2025-04-29,P058,C0429,WH-North,3,3596.21,10788.63,Delivered,2025-05-07,2025,4,April,1
O00327,2026-01-31,P079,C0036,WH-West,3,8889.27,26667.81,Delivered,2026-02-10,2026,1,January,1
O00328,2026-06-16,P055,C0905,WH-West,10,1487.11,14871.1,Delivered,2026-06-20,2026,6,June,1
O00329,2025-09-18,P081,C0407,WH-East,11,8788.43,96672.73,Delivered,2025-09-25,2025,9,September,1
O00330,2025-09-13,P026,C0416,WH-West,9,8058.43,72525.87,Processing,2025-09-22,2025,9,September,0
O00331,2025-08-14,P084,C0989,WH-West,1,9567.6,9567.6,Processing,2025-08-18,2025,8,August,0
O00332,2025-02-22,P025,C0685,WH-East,7,2564.25,17949.75,Delivered,2025-03-01,2025,2,February,1
O00333,2026-05-15,P077,C0412,WH-North,13,12073.98,156961.74,Delivered,2026-05-25,2026,5,May,1
O00334,2026-05-21,P033,C0488,WH-West,12,7876.29,94515.48,Delivered,2026-05-31,2026,5,May,1
O00335,2025-12-30,P089,C0692,WH-South,11,5210.42,57314.62,Delivered,2026-01-06,2025,12,December,1
O00336,2025-10-07,P072,C0779,WH-West,10,7933.68,79336.8,Returned,2025-10-13,2025,10,October,0
O00337,2025-06-07,P069,C0767,WH-South,7,7876.01,55132.07,Delivered,2025-06-09,2025,6,June,1
O00338,2025-02-28,P006,C0915,WH-West,8,716.9,5735.2,Delivered,2025-03-04,2025,2,February,1
O00339,2025-05-08,P023,C0832,WH-North,6,2561.5,15369.0,Cancelled,Unknown,2025,5,May,0
O00340,2025-04-25,P030,C0321,WH-West,8,6989.65,55917.2,Cancelled,Unknown,2025,4,April,0
O00341,2025-07-28,P078,C0073,WH-South,1,8749.35,8749.35,Delivered,2025-08-03,2025,7,July,1
O00342,2026-06-10,P054,C0569,WH-West,1,5559.97,5559.97,Delivered,2026-06-19,2026,6,June,1
O00343,2026-06-05,P087,C0578,WH-South,9,6619.57,59576.13,Delivered,2026-06-15,2026,6,June,1
O00344,2025-08-25,P011,C0644,WH-East,12,11449.02,137388.24,Delivered,2025-09-02,2025,8,August,1
O00345,2025-10-08,P031,C0413,WH-West,4,1882.62,7530.48,Delivered,2025-10-15,2025,10,October,1
O00346,2025-12-25,P006,C0772,WH-West,3,716.9,2150.7,Delivered,2025-12-29,2025,12,December,1
O00347,2025-07-20,P011,C0124,WH-South,6,11449.02,68694.12,Delivered,2025-07-30,2025,7,July,1
O00348,2025-10-05,P077,C0385,WH-South,10,12073.98,120739.8,Delivered,2025-10-07,2025,10,October,1
O00349,2025-08-23,P012,C0604,WH-North,12,3219.93,38639.16,Delivered,2025-09-02,2025,8,August,1
O00350,2026-05-09,P066,C0786,WH-East,13,9296.31,120852.03,Delivered,2026-05-13,2026,5,May,1
O00351,2025-01-04,P053,C0653,WH-South,12,8550.49,102605.88,Delivered,2025-01-14,2025,1,January,1
O00352,2026-03-18,P099,C0232,WH-North,9,1477.4,13296.6,Delivered,2026-03-20,2026,3,March,1
O00353,2025-01-29,P036,C0582,WH-South,10,9014.91,90149.1,Delivered,2025-02-07,2025,1,January,1
O00354,2025-04-19,P017,C0433,WH-East,11,8360.81,91968.91,Delivered,2025-04-26,2025,4,April,1
O00355,2025-03-16,P028,C0491,WH-East,4,1732.59,6930.36,Delivered,2025-03-26,2025,3,March,1
O00356,2025-05-26,P092,C0687,WH-East,9,9918.59,89267.31,Cancelled,Unknown,2025,5,May,0
O00357,2025-05-08,P022,C0871,WH-East,15,9065.34,135980.1,Delivered,2025-05-14,2025,5,May,1
O00358,2025-02-11,P007,C0086,WH-West,5,11389.37,56946.85,Delivered,2025-02-18,2025,2,February,1
O00359,2025-12-22,P015,C0765,WH-East,13,10925.43,142030.59,Delivered,2026-01-01,2025,12,December,1
O00360,2025-02-10,P096,C0030,WH-East,7,6299.54,44096.78,Processing,2025-02-17,2025,2,February,0
O00361,2025-02-03,P011,C0667,WH-North,3,11449.02,34347.06,Delivered,2025-02-13,2025,2,February,1
O00362,2025-01-17,P024,C0200,WH-East,3,5645.0,16935.0,Delivered,2025-01-20,2025,1,January,1
O00363,2025-06-02,P067,C0875,WH-South,12,3626.7,43520.4,Delivered,2025-06-07,2025,6,June,1
O00364,2026-01-13,P030,C0156,WH-South,3,6989.65,20968.95,Delivered,2026-01-17,2026,1,January,1
O00365,2025-12-08,P070,C0757,WH-South,8,2886.35,23090.8,Delivered,2025-12-13,2025,12,December,1
O00366,2025-01-27,P066,C0898,WH-West,14,9296.31,130148.34,Delivered,2025-01-29,2025,1,January,1
O00367,2025-10-14,P061,C0532,WH-South,6,9046.33,54277.98,Delivered,2025-10-17,2025,10,October,1
O00368,2025-06-17,P078,C0715,WH-East,9,8749.35,78744.15,Delivered,2025-06-22,2025,6,June,1
O00369,2025-09-25,P041,C0846,WH-West,9,10031.16,90280.44,Delivered,2025-09-30,2025,9,September,1
O00370,2026-03-31,P082,C0152,WH-East,8,7665.58,61324.64,Delivered,2026-04-06,2026,3,March,1
O00371,2026-02-05,P051,C0077,WH-North,1,506.74,506.74,Delivered,2026-02-15,2026,2,February,1
O00372,2026-04-21,P044,C0328,WH-East,6,3533.01,21198.06,Delivered,2026-04-23,2026,4,April,1
O00373,2025-05-10,P095,C0172,WH-South,4,5427.18,21708.72,Delivered,2025-05-19,2025,5,May,1
O00374,2025-12-29,P013,C0405,WH-North,4,359.86,1439.44,Delivered,2026-01-02,2025,12,December,1
O00375,2025-10-19,P090,C0406,WH-North,3,2450.87,7352.61,Delivered,2025-10-29,2025,10,October,1
O00376,2026-01-06,P012,C0841,WH-North,12,3219.93,38639.16,Cancelled,Unknown,2026,1,January,0
O00377,2025-01-29,P082,C0762,WH-North,9,7665.58,68990.22,Delivered,2025-02-07,2025,1,January,1
O00378,2025-05-29,P009,C0698,WH-West,2,6820.58,13641.16,Delivered,2025-06-08,2025,5,May,1
O00379,2025-10-23,P085,C0362,WH-East,1,1090.03,1090.03,Delivered,2025-10-28,2025,10,October,1
O00380,2025-01-11,P048,C0128,WH-North,14,8206.14,114885.96,Delivered,2025-01-17,2025,1,January,1
O00381,2026-05-27,P049,C0875,WH-West,15,3014.05,45210.75,Delivered,2026-06-04,2026,5,May,1
O00382,2025-04-23,P053,C0523,WH-West,10,8550.49,85504.9,Delivered,2025-04-26,2025,4,April,1
O00383,2025-07-06,P056,C0336,WH-West,3,888.53,2665.59,Delivered,2025-07-14,2025,7,July,1
O00384,2025-08-15,P040,C0754,WH-East,13,7396.64,96156.32,Returned,2025-08-19,2025,8,August,0
O00385,2025-11-06,P024,C0693,WH-North,15,5645.0,84675.0,Delivered,2025-11-13,2025,11,November,1
O00386,2025-04-08,P098,C0265,WH-East,4,2843.84,11375.36,Delivered,2025-04-15,2025,4,April,1
O00387,2025-02-24,P072,C0195,WH-West,4,7933.68,31734.72,Delivered,2025-03-03,2025,2,February,1
O00388,2026-02-10,P033,C0758,WH-West,6,7876.29,47257.74,Delivered,2026-02-13,2026,2,February,1
O00389,2025-03-10,P023,C0100,WH-East,1,2561.5,2561.5,Delivered,2025-03-20,2025,3,March,1
O00390,2025-11-08,P077,C0564,WH-West,1,12073.98,12073.98,Delivered,2025-11-17,2025,11,November,1
O00391,2025-10-16,P054,C0371,WH-West,2,5559.97,11119.94,Delivered,2025-10-24,2025,10,October,1
O00392,2025-05-28,P053,C0909,WH-South,4,8550.49,34201.96,Cancelled,Unknown,2025,5,May,0
O00393,2026-04-12,P049,C0897,WH-West,7,3014.05,21098.35,Delivered,2026-04-17,2026,4,April,1
O00394,2025-09-01,P078,C0428,WH-East,6,8749.35,52496.1,Delivered,2025-09-04,2025,9,September,1
O00395,2026-05-06,P078,C0587,WH-North,15,8749.35,131240.25,Delivered,2026-05-11,2026,5,May,1
O00396,2026-05-22,P080,C0920,WH-North,11,6733.38,74067.18,Delivered,2026-05-26,2026,5,May,1
O00397,2025-12-31,P049,C0133,WH-East,9,3014.05,27126.45,Delivered,2026-01-03,2025,12,December,1
O00398,2026-04-27,P060,C0256,WH-East,7,1239.87,8679.09,Delivered,2026-04-30,2026,4,April,1
O00399,2025-07-20,P090,C0450,WH-West,12,2450.87,29410.44,Delivered,2025-07-29,2025,7,July,1
O00400,2025-06-03,P090,C0721,WH-East,5,2450.87,12254.35,Delivered,2025-06-09,2025,6,June,1
O00401,2026-03-26,P065,C0977,WH-East,6,6932.91,41597.46,Delivered,2026-04-02,2026,3,March,1
O00402,2026-05-16,P032,C0404,WH-West,10,8387.44,83874.4,Cancelled,Unknown,2026,5,May,0
O00403,2025-03-14,P079,C0960,WH-South,9,8889.27,80003.43,Delivered,2025-03-22,2025,3,March,1
O00404,2025-10-23,P021,C0655,WH-South,1,2945.59,2945.59,Delivered,2025-10-31,2025,10,October,1
O00405,2025-01-17,P018,C0580,WH-West,11,6842.11,75263.21,Processing,2025-01-25,2025,1,January,0
O00406,2025-08-05,P094,C0054,WH-South,9,9560.46,86044.14,Delivered,2025-08-13,2025,8,August,1
O00407,2025-03-02,P060,C0779,WH-South,6,1239.87,7439.22,Delivered,2025-03-11,2025,3,March,1
O00408,2025-02-11,P013,C0407,WH-West,12,359.86,4318.32,Delivered,2025-02-13,2025,2,February,1
O00409,2025-01-25,P024,C0385,WH-South,4,5645.0,22580.0,Cancelled,Unknown,2025,1,January,0
O00410,2025-02-08,P030,C0938,WH-East,12,6989.65,83875.8,Delivered,2025-02-10,2025,2,February,1
O00411,2025-05-11,P002,C0242,WH-South,5,9662.88,48314.4,Cancelled,Unknown,2025,5,May,0
O00412,2026-05-13,P083,C0047,WH-South,13,1377.9,17912.7,Delivered,2026-05-16,2026,5,May,1
O00413,2025-08-17,P025,C0115,WH-East,1,2564.25,2564.25,Delivered,2025-08-25,2025,8,August,1
O00414,2025-04-18,P050,C0708,WH-East,7,1973.84,13816.88,Delivered,2025-04-25,2025,4,April,1
O00415,2025-06-21,P014,C0806,WH-North,13,8215.45,106800.85,Delivered,2025-06-23,2025,6,June,1
O00416,2026-03-11,P006,C0130,WH-West,15,716.9,10753.5,Delivered,2026-03-18,2026,3,March,1
O00417,2026-04-23,P076,C0557,WH-North,15,2781.69,41725.35,Delivered,2026-05-03,2026,4,April,1
O00418,2025-04-12,P084,C0155,WH-North,13,9567.6,124378.8,Delivered,2025-04-16,2025,4,April,1
O00419,2026-06-08,P087,C0994,WH-South,8,6619.57,52956.56,Delivered,2026-06-16,2026,6,June,1
O00420,2025-10-02,P030,C0973,WH-East,11,6989.65,76886.15,Delivered,2025-10-07,2025,10,October,1
O00421,2025-02-13,P030,C0495,WH-North,5,6989.65,34948.25,Delivered,2025-02-15,2025,2,February,1
O00422,2025-01-17,P038,C0829,WH-West,2,9847.32,19694.64,Delivered,2025-01-25,2025,1,January,1
O00423,2025-11-26,P058,C0082,WH-North,8,3596.21,28769.68,Delivered,2025-11-28,2025,11,November,1
O00424,2026-05-12,P094,C0779,WH-South,10,9560.46,95604.6,Processing,2026-05-17,2026,5,May,0
O00425,2025-01-12,P041,C0965,WH-North,7,10031.16,70218.12,Delivered,2025-01-22,2025,1,January,1
O00426,2025-11-14,P094,C0669,WH-East,10,9560.46,95604.6,Delivered,2025-11-20,2025,11,November,1
O00427,2025-08-04,P057,C0025,WH-East,9,919.99,8279.91,Delivered,2025-08-12,2025,8,August,1
O00428,2025-12-05,P036,C0334,WH-West,4,9014.91,36059.64,Delivered,2025-12-13,2025,12,December,1
O00429,2025-03-22,P064,C0182,WH-North,11,9772.25,107494.75,Delivered,2025-03-26,2025,3,March,1
O00430,2026-04-30,P098,C0432,WH-East,9,2843.84,25594.56,Delivered,2026-05-09,2026,4,April,1
O00431,2026-01-09,P016,C0174,WH-North,4,6037.0,24148.0,Delivered,2026-01-11,2026,1,January,1
O00432,2025-07-19,P088,C0809,WH-North,3,7327.81,21983.43,Returned,2025-07-24,2025,7,July,0
O00433,2026-06-21,P078,C0998,WH-East,15,8749.35,131240.25,Delivered,2026-06-26,2026,6,June,1
O00434,2026-04-11,P090,C0041,WH-East,11,2450.87,26959.57,Delivered,2026-04-14,2026,4,April,1
O00435,2025-03-30,P072,C0445,WH-South,3,7933.68,23801.04,Delivered,2025-04-06,2025,3,March,1
O00436,2025-09-25,P014,C0869,WH-South,10,8215.45,82154.5,Delivered,2025-09-27,2025,9,September,1
O00437,2026-05-04,P031,C0395,WH-West,2,1882.62,3765.24,Delivered,2026-05-08,2026,5,May,1
O00438,2026-06-22,P066,C0940,WH-West,10,9296.31,92963.1,Delivered,2026-07-02,2026,6,June,1
O00439,2025-02-16,P068,C0288,WH-West,3,7862.75,23588.25,Delivered,2025-02-23,2025,2,February,1
O00440,2025-10-15,P065,C0561,WH-North,14,6932.91,97060.74,Cancelled,Unknown,2025,10,October,0
O00441,2025-01-16,P055,C0262,WH-West,8,1487.11,11896.88,Delivered,2025-01-26,2025,1,January,1
O00442,2026-02-05,P084,C0756,WH-East,11,9567.6,105243.6,Delivered,2026-02-08,2026,2,February,1
O00443,2025-03-27,P078,C0057,WH-West,8,8749.35,69994.8,Delivered,2025-04-04,2025,3,March,1
O00444,2025-09-07,P040,C0006,WH-North,2,7396.64,14793.28,Delivered,2025-09-09,2025,9,September,1
O00445,2026-01-26,P025,C0559,WH-South,11,2564.25,28206.75,Delivered,2026-02-01,2026,1,January,1
O00446,2025-12-01,P025,C0575,WH-North,2,2564.25,5128.5,Delivered,2025-12-09,2025,12,December,1
O00447,2026-06-03,P003,C0945,WH-East,2,8874.43,17748.86,Delivered,2026-06-07,2026,6,June,1
O00448,2025-05-17,P069,C0918,WH-West,10,7876.01,78760.1,Delivered,2025-05-22,2025,5,May,1
O00449,2026-05-13,P026,C0579,WH-West,7,8058.43,56409.01,Delivered,2026-05-19,2026,5,May,1
O00450,2026-04-22,P040,C0915,WH-East,15,7396.64,110949.6,Delivered,2026-04-26,2026,4,April,1
O00451,2025-08-11,P038,C0695,WH-West,6,9847.32,59083.92,Processing,2025-08-18,2025,8,August,0
O00452,2026-01-07,P038,C0162,WH-South,12,9847.32,118167.84,Delivered,2026-01-11,2026,1,January,1
O00453,2026-02-06,P068,C0297,WH-North,11,7862.75,86490.25,Delivered,2026-02-15,2026,2,February,1
O00454,2026-03-19,P007,C0617,WH-North,1,11389.37,11389.37,Delivered,2026-03-27,2026,3,March,1
O00455,2026-05-05,P094,C0775,WH-East,2,9560.46,19120.92,Delivered,2026-05-07,2026,5,May,1
O00456,2025-09-30,P030,C0057,WH-South,14,6989.65,97855.1,Delivered,2025-10-03,2025,9,September,1
O00457,2026-06-10,P019,C0528,WH-East,1,6267.38,6267.38,Delivered,2026-06-15,2026,6,June,1
O00458,2025-06-08,P035,C0059,WH-East,15,10862.84,162942.6,Delivered,2025-06-14,2025,6,June,1
O00459,2025-06-01,P033,C0166,WH-South,12,7876.29,94515.48,Delivered,2025-06-06,2025,6,June,1
O00460,2025-07-07,P033,C0905,WH-East,11,7876.29,86639.19,Delivered,2025-07-12,2025,7,July,1
O00461,2025-04-08,P078,C0762,WH-North,7,8749.35,61245.45,Delivered,2025-04-18,2025,4,April,1
O00462,2025-05-11,P038,C0973,WH-West,6,9847.32,59083.92,Delivered,2025-05-16,2025,5,May,1
O00463,2025-06-20,P010,C0546,WH-North,2,8992.72,17985.44,Delivered,2025-06-25,2025,6,June,1
O00464,2025-07-02,P057,C0046,WH-West,2,919.99,1839.98,Delivered,2025-07-07,2025,7,July,1
O00465,2025-12-30,P028,C0933,WH-West,2,1732.59,3465.18,Delivered,2026-01-02,2025,12,December,1
O00466,2025-02-08,P078,C0811,WH-North,8,8749.35,69994.8,Delivered,2025-02-17,2025,2,February,1
O00467,2026-06-11,P100,C0047,WH-East,14,6160.6,86248.4,Delivered,2026-06-16,2026,6,June,1
O00468,2026-05-12,P038,C0390,WH-South,7,9847.32,68931.24,Delivered,2026-05-18,2026,5,May,1
O00469,2026-05-31,P016,C0252,WH-West,1,6037.0,6037.0,Cancelled,Unknown,2026,5,May,0
O00470,2025-12-15,P021,C0166,WH-South,4,2945.59,11782.36,Delivered,2025-12-20,2025,12,December,1
O00471,2026-02-01,P092,C0368,WH-South,11,9918.59,109104.49,Delivered,2026-02-07,2026,2,February,1
O00472,2025-06-10,P097,C0379,WH-West,4,7927.96,31711.84,Delivered,2025-06-16,2025,6,June,1
O00473,2025-01-16,P006,C0317,WH-South,7,716.9,5018.3,Delivered,2025-01-23,2025,1,January,1
O00474,2026-05-08,P041,C0132,WH-South,2,10031.16,20062.32,Delivered,2026-05-16,2026,5,May,1
O00475,2026-03-02,P015,C0389,WH-East,4,10925.43,43701.72,Delivered,2026-03-06,2026,3,March,1
O00476,2025-04-18,P003,C0582,WH-South,1,8874.43,8874.43,Delivered,2025-04-22,2025,4,April,1
O00477,2026-03-26,P043,C0572,WH-North,13,7218.47,93840.11,Returned,2026-04-05,2026,3,March,0
O00478,2025-11-07,P047,C0717,WH-West,15,9554.1,143311.5,Delivered,2025-11-09,2025,11,November,1
O00479,2025-06-19,P099,C0750,WH-East,13,1477.4,19206.2,Delivered,2025-06-28,2025,6,June,1
O00480,2026-06-30,P014,C0856,WH-North,11,8215.45,90369.95,Delivered,2026-07-04,2026,6,June,1
O00481,2026-02-18,P066,C0348,WH-South,11,9296.31,102259.41,Delivered,2026-02-24,2026,2,February,1
O00482,2025-09-08,P029,C0845,WH-South,4,7630.58,30522.32,Delivered,2025-09-12,2025,9,September,1
O00483,2025-05-21,P004,C0618,WH-North,11,5647.39,62121.29,Delivered,2025-05-23,2025,5,May,1
O00484,2025-10-01,P026,C0497,WH-North,15,8058.43,120876.45,Delivered,2025-10-07,2025,10,October,1
O00485,2026-02-20,P012,C0696,WH-East,14,3219.93,45079.02,Returned,2026-03-01,2026,2,February,0
O00486,2025-02-08,P002,C0850,WH-South,1,9662.88,9662.88,Returned,2025-02-14,2025,2,February,0
O00487,2025-01-29,P017,C0955,WH-South,2,8360.81,16721.62,Delivered,2025-02-03,2025,1,January,1
O00488,2026-04-22,P035,C0511,WH-South,2,10862.84,21725.68,Delivered,2026-05-02,2026,4,April,1
O00489,2025-11-14,P010,C0519,WH-North,12,8992.72,107912.64,Delivered,2025-11-16,2025,11,November,1
O00490,2025-09-02,P086,C0452,WH-South,10,3132.13,31321.3,Delivered,2025-09-08,2025,9,September,1
O00491,2025-09-29,P043,C0543,WH-West,12,7218.47,86621.64,Delivered,2025-10-01,2025,9,September,1
O00492,2026-03-16,P021,C0216,WH-West,3,2945.59,8836.77,Processing,2026-03-23,2026,3,March,0
O00493,2025-08-27,P015,C0470,WH-East,8,10925.43,87403.44,Delivered,2025-09-06,2025,8,August,1
O00494,2026-01-12,P035,C0853,WH-East,11,10862.84,119491.24,Delivered,2026-01-15,2026,1,January,1
O00495,2025-09-23,P085,C0304,WH-North,6,1090.03,6540.18,Cancelled,Unknown,2025,9,September,0
O00496,2025-12-25,P085,C0298,WH-West,6,1090.03,6540.18,Processing,2026-01-03,2025,12,December,0
O00497,2025-12-06,P085,C0346,WH-North,9,1090.03,9810.27,Delivered,2025-12-10,2025,12,December,1
O00498,2026-01-24,P060,C0286,WH-East,8,1239.87,9918.96,Delivered,2026-02-01,2026,1,January,1
O00499,2025-01-03,P044,C0885,WH-North,2,3533.01,7066.02,Delivered,2025-01-11,2025,1,January,1
O00500,2026-03-05,P096,C0126,WH-North,15,6299.54,94493.1,Delivered,2026-03-08,2026,3,March,1
O00501,2025-05-22,P005,C0051,WH-South,6,5461.2,32767.2,Delivered,2025-05-27,2025,5,May,1
O00502,2026-01-11,P073,C0419,WH-East,1,5286.08,5286.08,Delivered,2026-01-13,2026,1,January,1
O00503,2025-11-20,P018,C0702,WH-South,13,6842.11,88947.43,Returned,2025-11-29,2025,11,November,0
O00504,2025-05-26,P021,C0051,WH-East,14,2945.59,41238.26,Delivered,2025-06-05,2025,5,May,1
O00505,2025-10-20,P072,C0471,WH-South,9,7933.68,71403.12,Delivered,2025-10-22,2025,10,October,1
O00506,2026-03-08,P098,C0376,WH-East,4,2843.84,11375.36,Delivered,2026-03-16,2026,3,March,1
O00507,2026-02-03,P074,C0365,WH-East,4,8610.83,34443.32,Delivered,2026-02-05,2026,2,February,1
O00508,2025-12-10,P051,C0232,WH-West,9,506.74,4560.66,Processing,2025-12-12,2025,12,December,0
O00509,2025-05-20,P041,C0690,WH-East,3,10031.16,30093.48,Delivered,2025-05-30,2025,5,May,1
O00510,2025-07-06,P024,C0670,WH-North,5,5645.0,28225.0,Delivered,2025-07-13,2025,7,July,1
O00511,2025-03-02,P024,C0659,WH-West,1,5645.0,5645.0,Delivered,2025-03-04,2025,3,March,1
O00512,2026-01-15,P096,C0480,WH-South,6,6299.54,37797.24,Delivered,2026-01-23,2026,1,January,1
O00513,2026-03-16,P097,C0306,WH-North,3,7927.96,23783.88,Processing,2026-03-20,2026,3,March,0
O00514,2025-11-15,P038,C0438,WH-North,1,9847.32,9847.32,Delivered,2025-11-20,2025,11,November,1
O00515,2025-10-29,P044,C0251,WH-East,10,3533.01,35330.1,Delivered,2025-11-03,2025,10,October,1
O00516,2025-12-10,P057,C0851,WH-East,6,919.99,5519.94,Delivered,2025-12-19,2025,12,December,1
O00517,2025-01-11,P059,C0342,WH-North,14,722.03,10108.42,Cancelled,Unknown,2025,1,January,0
O00518,2025-03-03,P034,C0132,WH-West,12,7873.1,94477.2,Delivered,2025-03-12,2025,3,March,1
O00519,2025-08-14,P075,C0749,WH-North,10,4757.22,47572.2,Delivered,2025-08-24,2025,8,August,1
O00520,2025-06-02,P095,C0524,WH-North,2,5427.18,10854.36,Delivered,2025-06-10,2025,6,June,1
O00521,2025-11-06,P082,C0655,WH-East,8,7665.58,61324.64,Delivered,2025-11-08,2025,11,November,1
O00522,2025-08-31,P023,C0506,WH-East,14,2561.5,35861.0,Delivered,2025-09-08,2025,8,August,1
O00523,2026-05-08,P086,C0399,WH-East,13,3132.13,40717.69,Delivered,2026-05-15,2026,5,May,1
O00524,2026-01-01,P043,C0906,WH-South,15,7218.47,108277.05,Returned,2026-01-07,2026,1,January,0
O00525,2025-11-26,P082,C0118,WH-North,11,7665.58,84321.38,Delivered,2025-12-02,2025,11,November,1
O00526,2025-04-17,P040,C0061,WH-North,12,7396.64,88759.68,Delivered,2025-04-19,2025,4,April,1
O00527,2025-08-14,P047,C0915,WH-South,2,9554.1,19108.2,Delivered,2025-08-21,2025,8,August,1
O00528,2025-08-06,P041,C0181,WH-North,4,10031.16,40124.64,Delivered,2025-08-11,2025,8,August,1
O00529,2026-05-21,P047,C0968,WH-North,14,9554.1,133757.4,Delivered,2026-05-23,2026,5,May,1
O00530,2025-09-16,P020,C0313,WH-North,3,2297.9,6893.7,Delivered,2025-09-25,2025,9,September,1
O00531,2026-06-01,P077,C0991,WH-West,9,12073.98,108665.82,Delivered,2026-06-10,2026,6,June,1
O00532,2025-02-23,P065,C0265,WH-South,2,6932.91,13865.82,Delivered,2025-02-28,2025,2,February,1
O00533,2025-02-16,P068,C0029,WH-South,3,7862.75,23588.25,Delivered,2025-02-24,2025,2,February,1
O00534,2026-06-05,P024,C0263,WH-North,7,5645.0,39515.0,Delivered,2026-06-09,2026,6,June,1
O00535,2025-04-09,P100,C0712,WH-East,4,6160.6,24642.4,Delivered,2025-04-18,2025,4,April,1
O00536,2025-01-20,P036,C0617,WH-North,6,9014.91,54089.46,Delivered,2025-01-28,2025,1,January,1
O00537,2026-05-05,P045,C0913,WH-North,3,11503.77,34511.31,Returned,2026-05-11,2026,5,May,0
O00538,2026-02-23,P002,C0591,WH-West,1,9662.88,9662.88,Delivered,2026-03-01,2026,2,February,1
O00539,2025-03-03,P028,C0656,WH-West,11,1732.59,19058.49,Delivered,2025-03-13,2025,3,March,1
O00540,2025-05-25,P026,C0711,WH-East,6,8058.43,48350.58,Delivered,2025-06-01,2025,5,May,1
O00541,2025-08-04,P023,C0618,WH-West,4,2561.5,10246.0,Delivered,2025-08-11,2025,8,August,1
O00542,2025-01-03,P079,C0339,WH-North,2,8889.27,17778.54,Delivered,2025-01-06,2025,1,January,1
O00543,2025-06-09,P036,C0422,WH-North,7,9014.91,63104.37,Delivered,2025-06-15,2025,6,June,1
O00544,2025-04-30,P091,C0089,WH-West,15,3806.53,57097.95,Delivered,2025-05-05,2025,4,April,1
O00545,2025-03-30,P006,C0332,WH-West,10,716.9,7169.0,Delivered,2025-04-03,2025,3,March,1
O00546,2025-11-25,P035,C0992,WH-South,13,10862.84,141216.92,Delivered,2025-12-05,2025,11,November,1
O00547,2025-12-23,P038,C0431,WH-North,12,9847.32,118167.84,Delivered,2025-12-31,2025,12,December,1
O00548,2025-09-24,P035,C0778,WH-East,15,10862.84,162942.6,Delivered,2025-09-29,2025,9,September,1
O00549,2025-11-19,P100,C0763,WH-West,13,6160.6,80087.8,Delivered,2025-11-29,2025,11,November,1
O00550,2026-06-25,P074,C0152,WH-West,5,8610.83,43054.15,Delivered,2026-07-05,2026,6,June,1
O00551,2025-07-14,P094,C0818,WH-South,6,9560.46,57362.76,Delivered,2025-07-22,2025,7,July,1
O00552,2025-11-28,P053,C0708,WH-South,6,8550.49,51302.94,Delivered,2025-12-04,2025,11,November,1
O00553,2025-06-19,P038,C0126,WH-West,14,9847.32,137862.48,Delivered,2025-06-29,2025,6,June,1
O00554,2026-06-05,P093,C0043,WH-East,9,11181.17,100630.53,Delivered,2026-06-13,2026,6,June,1
O00555,2026-04-08,P059,C0421,WH-East,12,722.03,8664.36,Delivered,2026-04-18,2026,4,April,1
O00556,2025-02-09,P043,C0685,WH-West,2,7218.47,14436.94,Delivered,2025-02-13,2025,2,February,1
O00557,2026-06-21,P004,C0490,WH-South,12,5647.39,67768.68,Cancelled,Unknown,2026,6,June,0
O00558,2025-09-18,P005,C0566,WH-North,6,5461.2,32767.2,Delivered,2025-09-20,2025,9,September,1
O00559,2026-01-30,P068,C0253,WH-North,9,7862.75,70764.75,Delivered,2026-02-05,2026,1,January,1
O00560,2025-08-14,P100,C0999,WH-South,12,6160.6,73927.2,Delivered,2025-08-17,2025,8,August,1
O00561,2025-05-04,P045,C0811,WH-North,4,11503.77,46015.08,Delivered,2025-05-06,2025,5,May,1
O00562,2025-02-07,P080,C0708,WH-South,13,6733.38,87533.94,Delivered,2025-02-11,2025,2,February,1
O00563,2025-11-24,P025,C0484,WH-East,12,2564.25,30771.0,Delivered,2025-12-02,2025,11,November,1
O00564,2025-09-08,P078,C0293,WH-North,13,8749.35,113741.55,Delivered,2025-09-12,2025,9,September,1
O00565,2025-06-25,P011,C0217,WH-West,13,11449.02,148837.26,Delivered,2025-07-05,2025,6,June,1
O00566,2026-03-30,P029,C0169,WH-West,11,7630.58,83936.38,Delivered,2026-04-03,2026,3,March,1
O00567,2025-02-06,P034,C0734,WH-North,6,7873.1,47238.6,Delivered,2025-02-13,2025,2,February,1
O00568,2025-11-12,P086,C0640,WH-West,7,3132.13,21924.91,Delivered,2025-11-15,2025,11,November,1
O00569,2025-04-24,P014,C0385,WH-South,1,8215.45,8215.45,Delivered,2025-05-03,2025,4,April,1
O00570,2025-02-09,P024,C0861,WH-South,5,5645.0,28225.0,Delivered,2025-02-15,2025,2,February,1
O00571,2025-10-28,P059,C0016,WH-West,4,722.03,2888.12,Cancelled,Unknown,2025,10,October,0
O00572,2025-08-12,P039,C0037,WH-North,13,2741.34,35637.42,Delivered,2025-08-20,2025,8,August,1
O00573,2025-11-14,P026,C0421,WH-North,13,8058.43,104759.59,Delivered,2025-11-18,2025,11,November,1
O00574,2025-12-15,P043,C0903,WH-North,13,7218.47,93840.11,Delivered,2025-12-21,2025,12,December,1
O00575,2025-04-25,P036,C0296,WH-East,10,9014.91,90149.1,Processing,2025-05-05,2025,4,April,0
O00576,2025-11-19,P039,C0435,WH-North,15,2741.34,41120.1,Delivered,2025-11-21,2025,11,November,1
O00577,2025-02-09,P061,C0320,WH-North,15,9046.33,135694.95,Cancelled,Unknown,2025,2,February,0
O00578,2025-02-09,P016,C0737,WH-South,2,6037.0,12074.0,Delivered,2025-02-15,2025,2,February,1
O00579,2025-10-16,P059,C0626,WH-East,2,722.03,1444.06,Delivered,2025-10-21,2025,10,October,1
O00580,2025-09-19,P096,C0534,WH-South,2,6299.54,12599.08,Delivered,2025-09-21,2025,9,September,1
O00581,2025-08-04,P006,C0299,WH-West,7,716.9,5018.3,Delivered,2025-08-12,2025,8,August,1
O00582,2025-05-27,P098,Unknown,WH-West,11,2843.84,31282.24,Delivered,2025-06-06,2025,5,May,1
O00583,2025-12-02,P056,C0694,WH-North,13,888.53,11550.89,Delivered,2025-12-04,2025,12,December,1
O00584,2025-06-17,P008,C0923,WH-East,11,7685.98,84545.78,Delivered,2025-06-26,2025,6,June,1
O00585,2025-04-02,P094,C0797,WH-West,4,9560.46,38241.84,Delivered,2025-04-12,2025,4,April,1
O00586,2025-12-19,P027,C0016,WH-North,15,3927.78,58916.7,Returned,2025-12-22,2025,12,December,0
O00587,2025-12-29,P071,C0981,WH-East,6,4401.72,26410.32,Delivered,2025-12-31,2025,12,December,1
O00588,2025-12-11,P027,C0395,WH-West,7,3927.78,27494.46,Delivered,2025-12-18,2025,12,December,1
O00589,2025-06-19,P089,C0277,WH-West,9,5210.42,46893.78,Delivered,2025-06-27,2025,6,June,1
O00590,2025-12-22,P046,C0649,WH-East,11,2032.34,22355.74,Delivered,2025-12-25,2025,12,December,1
O00591,2025-07-10,P041,C0283,WH-East,2,10031.16,20062.32,Delivered,2025-07-16,2025,7,July,1
O00592,2026-02-26,P079,C0639,WH-East,10,8889.27,88892.7,Delivered,2026-03-04,2026,2,February,1
O00593,2025-01-07,P025,C0999,WH-East,12,2564.25,30771.0,Delivered,2025-01-15,2025,1,January,1
O00594,2025-05-13,P086,C0086,WH-West,13,3132.13,40717.69,Cancelled,Unknown,2025,5,May,0
O00595,2025-01-31,P018,C0207,WH-East,9,6842.11,61578.99,Delivered,2025-02-09,2025,1,January,1
O00596,2026-06-19,P012,C0875,WH-South,11,3219.93,35419.23,Delivered,2026-06-25,2026,6,June,1
O00597,2026-03-02,P087,C0663,WH-South,5,6619.57,33097.85,Delivered,2026-03-06,2026,3,March,1
O00598,2026-01-29,P051,C0563,WH-West,13,506.74,6587.62,Delivered,2026-02-08,2026,1,January,1
O00599,2025-12-29,P039,C0477,WH-West,6,2741.34,16448.04,Delivered,2026-01-02,2025,12,December,1
O00600,2026-03-13,P089,C0743,WH-North,6,5210.42,31262.52,Delivered,2026-03-21,2026,3,March,1
O00601,2025-03-23,P010,C0592,WH-West,11,8992.72,98919.92,Delivered,2025-03-31,2025,3,March,1
O00602,2025-12-22,P094,C0131,WH-East,3,9560.46,28681.38,Delivered,2025-12-31,2025,12,December,1
O00603,2025-09-15,P074,C0400,WH-East,11,8610.83,94719.13,Delivered,2025-09-24,2025,9,September,1
O00604,2026-06-08,P098,C0136,WH-West,11,2843.84,31282.24,Delivered,2026-06-13,2026,6,June,1
O00605,2025-10-22,P077,C0346,WH-South,10,12073.98,120739.8,Returned,2025-10-24,2025,10,October,0
O00606,2025-08-12,P054,C0170,WH-North,7,5559.97,38919.79,Delivered,2025-08-17,2025,8,August,1
O00607,2026-06-09,P029,C0969,WH-West,15,7630.58,114458.7,Returned,2026-06-16,2026,6,June,0
O00608,2025-02-15,P041,C0163,WH-West,13,10031.16,130405.08,Delivered,2025-02-22,2025,2,February,1
O00609,2025-04-23,P009,C0199,WH-North,7,6820.58,47744.06,Cancelled,Unknown,2025,4,April,0
O00610,2025-08-21,P063,C0968,WH-South,8,6119.08,48952.64,Delivered,2025-08-29,2025,8,August,1
O00611,2025-01-17,P077,C0739,WH-West,5,12073.98,60369.9,Delivered,2025-01-19,2025,1,January,1
O00612,2025-12-26,P037,C0048,WH-South,2,2141.55,4283.1,Delivered,2025-12-28,2025,12,December,1
O00613,2025-08-11,P014,C0822,WH-East,15,8215.45,123231.75,Delivered,2025-08-19,2025,8,August,1
O00614,2026-03-24,P073,C0765,WH-South,13,5286.08,68719.04,Delivered,2026-03-29,2026,3,March,1
O00615,2025-12-31,P072,C0494,WH-East,3,7933.68,23801.04,Delivered,2026-01-07,2025,12,December,1
O00616,2025-11-22,P039,C0103,WH-North,9,2741.34,24672.06,Delivered,2025-11-29,2025,11,November,1
O00617,2026-04-12,P040,C0548,WH-West,15,7396.64,110949.6,Delivered,2026-04-22,2026,4,April,1
O00618,2026-02-18,P054,C0006,WH-East,6,5559.97,33359.82,Processing,2026-02-21,2026,2,February,0
O00619,2026-03-31,P003,C0711,WH-South,8,8874.43,70995.44,Delivered,2026-04-05,2026,3,March,1
O00620,2025-08-21,P055,C0012,WH-West,8,1487.11,11896.88,Delivered,2025-08-26,2025,8,August,1
O00621,2025-08-12,P033,C0103,WH-East,14,7876.29,110268.06,Delivered,2025-08-20,2025,8,August,1
O00622,2026-02-16,P096,C0699,WH-East,5,6299.54,31497.7,Delivered,2026-02-18,2026,2,February,1
O00623,2025-12-01,P071,C0833,WH-South,1,4401.72,4401.72,Delivered,2025-12-07,2025,12,December,1
O00624,2025-08-10,P019,C0690,WH-East,6,6267.38,37604.28,Delivered,2025-08-15,2025,8,August,1
O00625,2025-02-06,P034,C0427,WH-North,7,7873.1,55111.7,Delivered,2025-02-09,2025,2,February,1
O00626,2025-10-05,P078,C0171,WH-East,9,8749.35,78744.15,Delivered,2025-10-11,2025,10,October,1
O00627,2025-07-15,P050,C0689,WH-South,2,1973.84,3947.68,Cancelled,Unknown,2025,7,July,0
O00628,2026-04-29,P047,C0089,WH-West,12,9554.1,114649.2,Delivered,2026-05-08,2026,4,April,1
O00629,2025-08-30,P046,C0716,WH-South,13,2032.34,26420.42,Delivered,2025-09-09,2025,8,August,1
O00630,2025-11-20,P056,C0439,WH-South,2,888.53,1777.06,Delivered,2025-11-28,2025,11,November,1
O00631,2025-07-11,P057,C0347,WH-West,10,919.99,9199.9,Delivered,2025-07-19,2025,7,July,1
O00632,2025-01-17,P083,C0855,WH-East,1,1377.9,1377.9,Delivered,2025-01-20,2025,1,January,1
O00633,2026-06-08,P051,C0211,WH-North,5,506.74,2533.7,Returned,2026-06-12,2026,6,June,0
O00634,2026-02-05,P054,C0725,WH-South,2,5559.97,11119.94,Delivered,2026-02-14,2026,2,February,1
O00635,2025-01-22,P090,C0434,WH-South,3,2450.87,7352.61,Delivered,2025-01-25,2025,1,January,1
O00636,2026-04-19,P081,C0533,WH-North,2,8788.43,17576.86,Delivered,2026-04-27,2026,4,April,1
O00637,2025-04-30,P028,C0600,WH-South,11,1732.59,19058.49,Cancelled,Unknown,2025,4,April,0
O00638,2025-07-29,P019,C0525,WH-West,4,6267.38,25069.52,Delivered,2025-08-03,2025,7,July,1
O00639,2025-11-02,P027,C0426,WH-East,11,3927.78,43205.58,Delivered,2025-11-07,2025,11,November,1
O00640,2025-09-27,P048,C0996,WH-West,3,8206.14,24618.42,Delivered,2025-10-01,2025,9,September,1
O00641,2025-10-12,P019,C0120,WH-South,9,6267.38,56406.42,Delivered,2025-10-19,2025,10,October,1
O00642,2025-08-15,P097,C0911,WH-West,10,7927.96,79279.6,Delivered,2025-08-19,2025,8,August,1
O00643,2026-01-16,P051,C0178,WH-South,12,506.74,6080.88,Delivered,2026-01-26,2026,1,January,1
O00644,2026-04-05,P007,C0129,WH-East,2,11389.37,22778.74,Delivered,2026-04-10,2026,4,April,1
O00645,2025-01-07,P029,C0563,WH-West,7,7630.58,53414.06,Delivered,2025-01-12,2025,1,January,1
O00646,2025-01-29,P043,C0418,WH-West,15,7218.47,108277.05,Delivered,2025-02-01,2025,1,January,1
O00647,2025-02-02,P069,C0554,WH-North,11,7876.01,86636.11,Returned,2025-02-05,2025,2,February,0
O00648,2025-03-20,P094,C0318,WH-North,14,9560.46,133846.44,Delivered,2025-03-28,2025,3,March,1
O00649,2026-04-04,P058,C0607,WH-South,3,3596.21,10788.63,Delivered,2026-04-10,2026,4,April,1
O00650,2026-06-22,P008,C0242,WH-West,10,7685.98,76859.8,Delivered,2026-06-26,2026,6,June,1
O00651,2026-04-27,P042,C0928,WH-East,8,4932.36,39458.88,Delivered,2026-05-04,2026,4,April,1
O00652,2026-03-06,P076,C0356,WH-East,4,2781.69,11126.76,Cancelled,Unknown,2026,3,March,0
O00653,2025-10-12,P042,C0573,WH-North,14,4932.36,69053.04,Delivered,2025-10-14,2025,10,October,1
O00654,2026-05-31,P013,C0861,WH-North,4,359.86,1439.44,Delivered,2026-06-04,2026,5,May,1
O00655,2025-04-09,P026,C0438,WH-North,9,8058.43,72525.87,Delivered,2025-04-15,2025,4,April,1
O00656,2026-02-01,P018,C0458,WH-East,11,6842.11,75263.21,Delivered,2026-02-09,2026,2,February,1
O00657,2026-05-04,P042,C0442,WH-East,3,4932.36,14797.08,Delivered,2026-05-09,2026,5,May,1
O00658,2025-02-08,P051,C0981,WH-East,7,506.74,3547.18,Delivered,2025-02-17,2025,2,February,1
O00659,2025-09-28,P084,C0228,WH-South,1,9567.6,9567.6,Delivered,2025-10-02,2025,9,September,1
O00660,2025-06-06,P016,C0408,WH-West,7,6037.0,42259.0,Delivered,2025-06-13,2025,6,June,1
O00661,2025-03-16,P003,C0923,WH-South,10,8874.43,88744.3,Delivered,2025-03-23,2025,3,March,1
O00662,2025-05-10,P091,C0277,WH-West,11,3806.53,41871.83,Returned,2025-05-20,2025,5,May,0
O00663,2025-03-25,P079,C0018,WH-West,2,8889.27,17778.54,Delivered,2025-03-30,2025,3,March,1
O00664,2025-01-22,P098,C0756,WH-West,12,2843.84,34126.08,Delivered,2025-01-30,2025,1,January,1
O00665,2026-04-04,P045,C0311,WH-North,14,11503.77,161052.78,Delivered,2026-04-06,2026,4,April,1
O00666,2026-06-23,P022,C0324,WH-West,14,9065.34,126914.76,Delivered,2026-06-25,2026,6,June,1
O00667,2026-01-17,P023,C0047,WH-North,6,2561.5,15369.0,Delivered,2026-01-20,2026,1,January,1
O00668,2026-03-16,P059,C0822,WH-West,15,722.03,10830.45,Delivered,2026-03-21,2026,3,March,1
O00669,2025-01-21,P062,C0530,WH-South,13,11436.7,148677.1,Delivered,2025-01-28,2025,1,January,1
O00670,2025-10-30,P068,C0896,WH-South,9,7862.75,70764.75,Delivered,2025-11-04,2025,10,October,1
O00671,2025-03-25,P054,C0713,WH-West,6,5559.97,33359.82,Delivered,2025-04-01,2025,3,March,1
O00672,2026-03-29,P057,C0500,WH-South,3,919.99,2759.97,Delivered,2026-04-01,2026,3,March,1
O00673,2026-01-22,P023,C0765,WH-South,1,2561.5,2561.5,Delivered,2026-02-01,2026,1,January,1
O00674,2026-05-22,P060,C0192,WH-West,12,1239.87,14878.44,Delivered,2026-05-26,2026,5,May,1
O00675,2025-09-14,P073,C0049,WH-West,12,5286.08,63432.96,Delivered,2025-09-22,2025,9,September,1
O00676,2026-06-11,P088,C0094,WH-North,15,7327.81,109917.15,Processing,2026-06-13,2026,6,June,0
O00677,2025-06-11,P085,C0931,WH-South,4,1090.03,4360.12,Processing,2025-06-20,2025,6,June,0
O00678,2025-06-12,P055,C0749,WH-South,4,1487.11,5948.44,Delivered,2025-06-17,2025,6,June,1
O00679,2026-06-08,P080,C0734,WH-West,13,6733.38,87533.94,Delivered,2026-06-14,2026,6,June,1
O00680,2025-09-28,P063,C0167,WH-East,8,6119.08,48952.64,Delivered,2025-10-06,2025,9,September,1
O00681,2026-05-07,P056,C0494,WH-North,10,888.53,8885.3,Delivered,2026-05-11,2026,5,May,1
O00682,2025-07-27,P055,C0254,WH-North,10,1487.11,14871.1,Delivered,2025-08-06,2025,7,July,1
O00683,2026-06-23,P025,C0954,WH-East,14,2564.25,35899.5,Delivered,2026-07-03,2026,6,June,1
O00684,2025-03-01,P026,C0057,WH-North,13,8058.43,104759.59,Delivered,2025-03-10,2025,3,March,1
O00685,2026-03-06,P049,C0006,WH-North,7,3014.05,21098.35,Delivered,2026-03-08,2026,3,March,1
O00686,2025-11-05,P063,C0974,WH-South,10,6119.08,61190.8,Delivered,2025-11-08,2025,11,November,1
O00687,2026-06-04,P045,C0238,WH-South,7,11503.77,80526.39,Delivered,2026-06-07,2026,6,June,1
O00688,2025-01-27,P073,C0733,WH-West,7,5286.08,37002.56,Delivered,2025-01-31,2025,1,January,1
O00689,2025-07-18,P079,C0224,WH-West,12,8889.27,106671.24,Delivered,2025-07-21,2025,7,July,1
O00690,2026-01-22,P039,C0590,WH-North,2,2741.34,5482.68,Cancelled,Unknown,2026,1,January,0
O00691,2025-12-15,P097,C0020,WH-East,9,7927.96,71351.64,Delivered,2025-12-21,2025,12,December,1
O00692,2026-06-20,P065,C0818,WH-West,6,6932.91,41597.46,Delivered,2026-06-27,2026,6,June,1
O00693,2026-01-13,P069,C0777,WH-West,2,7876.01,15752.02,Delivered,2026-01-21,2026,1,January,1
O00694,2026-06-11,P056,C0204,WH-East,1,888.53,888.53,Delivered,2026-06-19,2026,6,June,1
O00695,2025-06-02,P009,C0142,WH-North,11,6820.58,75026.38,Delivered,2025-06-05,2025,6,June,1
O00696,2025-07-25,P070,C0376,WH-North,1,2886.35,2886.35,Returned,2025-08-02,2025,7,July,0
O00697,2026-03-31,P028,C0407,WH-West,1,1732.59,1732.59,Delivered,2026-04-03,2026,3,March,1
O00698,2025-09-30,P045,C0816,WH-North,4,11503.77,46015.08,Returned,2025-10-03,2025,9,September,0
O00699,2025-08-24,P026,C0994,WH-North,4,8058.43,32233.72,Delivered,2025-08-31,2025,8,August,1
O00700,2026-06-05,P028,C0080,WH-West,14,1732.59,24256.26,Delivered,2026-06-12,2026,6,June,1
O00701,2026-05-16,P040,C0210,WH-West,12,7396.64,88759.68,Delivered,2026-05-25,2026,5,May,1
O00702,2025-04-27,P015,C0768,WH-South,9,10925.43,98328.87,Delivered,2025-05-03,2025,4,April,1
O00703,2026-01-21,P006,C0312,WH-South,13,716.9,9319.7,Delivered,2026-01-27,2026,1,January,1
O00704,2025-12-10,P027,C0377,WH-North,12,3927.78,47133.36,Delivered,2025-12-12,2025,12,December,1
O00705,2026-01-30,P038,C0040,WH-East,12,9847.32,118167.84,Delivered,2026-02-04,2026,1,January,1
O00706,2025-03-05,P068,C0353,WH-South,1,7862.75,7862.75,Delivered,2025-03-07,2025,3,March,1
O00707,2025-03-13,P075,C0453,WH-North,3,4757.22,14271.66,Delivered,2025-03-19,2025,3,March,1
O00708,2025-10-01,P085,C0423,WH-East,3,1090.03,3270.09,Delivered,2025-10-10,2025,10,October,1
O00709,2025-11-16,P064,C0714,WH-South,8,9772.25,78178.0,Returned,2025-11-18,2025,11,November,0
O00710,2025-12-04,P030,C0086,WH-South,2,6989.65,13979.3,Delivered,2025-12-08,2025,12,December,1
O00711,2026-01-01,P082,C0555,WH-North,6,7665.58,45993.48,Delivered,2026-01-03,2026,1,January,1
O00712,2026-05-10,P099,C0236,WH-West,11,1477.4,16251.4,Delivered,2026-05-17,2026,5,May,1
O00713,2025-06-15,P003,C0993,WH-West,4,8874.43,35497.72,Delivered,2025-06-17,2025,6,June,1
O00714,2026-06-28,P062,C0890,WH-East,13,11436.7,148677.1,Cancelled,Unknown,2026,6,June,0
O00715,2025-01-11,P012,C0415,WH-West,10,3219.93,32199.3,Delivered,2025-01-17,2025,1,January,1
O00716,2025-10-28,P091,C0582,WH-North,6,3806.53,22839.18,Delivered,2025-11-03,2025,10,October,1
O00717,2025-04-12,P030,C0356,WH-South,13,6989.65,90865.45,Delivered,2025-04-15,2025,4,April,1
O00718,2026-03-01,P085,C0643,WH-East,5,1090.03,5450.15,Delivered,2026-03-05,2026,3,March,1
O00719,2026-01-27,P038,C0644,WH-West,12,9847.32,118167.84,Processing,2026-02-06,2026,1,January,0
O00720,2025-08-02,P085,C0248,WH-South,9,1090.03,9810.27,Delivered,2025-08-04,2025,8,August,1
O00721,2025-03-29,P060,C0667,WH-North,9,1239.87,11158.83,Delivered,2025-03-31,2025,3,March,1
O00722,2026-02-05,P038,C0742,WH-North,1,9847.32,9847.32,Delivered,2026-02-08,2026,2,February,1
O00723,2025-02-15,P015,C0601,WH-South,3,10925.43,32776.29,Delivered,2025-02-24,2025,2,February,1
O00724,2026-04-08,P018,C0229,WH-North,1,6842.11,6842.11,Delivered,2026-04-15,2026,4,April,1
O00725,2025-11-06,P052,C0539,WH-North,6,2109.04,12654.24,Delivered,2025-11-11,2025,11,November,1
O00726,2025-03-27,P029,C0361,WH-South,12,7630.58,91566.96,Delivered,2025-04-04,2025,3,March,1
O00727,2025-04-02,P060,C0868,WH-West,3,1239.87,3719.61,Delivered,2025-04-09,2025,4,April,1
O00728,2025-08-30,P021,C0750,WH-East,14,2945.59,41238.26,Delivered,2025-09-09,2025,8,August,1
O00729,2025-01-02,P017,C0175,WH-South,1,8360.81,8360.81,Delivered,2025-01-09,2025,1,January,1
O00730,2025-08-13,P018,C0828,WH-South,6,6842.11,41052.66,Cancelled,Unknown,2025,8,August,0
O00731,2025-04-26,P057,C0804,WH-West,5,919.99,4599.95,Delivered,2025-04-30,2025,4,April,1
O00732,2025-04-13,P037,C0374,WH-East,12,2141.55,25698.6,Returned,2025-04-23,2025,4,April,0
O00733,2025-07-13,P060,C0942,WH-North,12,1239.87,14878.44,Delivered,2025-07-21,2025,7,July,1
O00734,2025-06-15,P038,C0061,WH-West,8,9847.32,78778.56,Delivered,2025-06-22,2025,6,June,1
O00735,2025-03-31,P012,C0170,WH-East,14,3219.93,45079.02,Delivered,2025-04-06,2025,3,March,1
O00736,2025-05-02,P075,C0507,WH-South,2,4757.22,9514.44,Delivered,2025-05-06,2025,5,May,1
O00737,2025-05-23,P084,C0775,WH-East,8,9567.6,76540.8,Delivered,2025-05-28,2025,5,May,1
O00738,2025-04-16,P073,C0414,WH-West,12,5286.08,63432.96,Delivered,2025-04-18,2025,4,April,1
O00739,2026-03-04,P001,C0818,WH-North,5,2324.33,11621.65,Delivered,2026-03-10,2026,3,March,1
O00740,2025-11-01,P058,C0116,WH-East,8,3596.21,28769.68,Delivered,2025-11-09,2025,11,November,1
O00741,2025-11-13,P003,C0175,WH-East,12,8874.43,106493.16,Delivered,2025-11-16,2025,11,November,1
O00742,2025-01-09,P063,C0733,WH-South,10,6119.08,61190.8,Delivered,2025-01-18,2025,1,January,1
O00743,2025-03-14,P021,C0424,WH-East,4,2945.59,11782.36,Delivered,2025-03-21,2025,3,March,1
O00744,2025-12-25,P023,C0128,WH-South,15,2561.5,38422.5,Delivered,2025-12-29,2025,12,December,1
O00745,2025-08-11,P009,C0489,WH-West,4,6820.58,27282.32,Delivered,2025-08-14,2025,8,August,1
O00746,2026-02-20,P083,C0005,WH-North,10,1377.9,13779.0,Delivered,2026-03-01,2026,2,February,1
O00747,2026-01-05,P055,C0326,WH-West,15,1487.11,22306.65,Delivered,2026-01-10,2026,1,January,1
O00748,2025-09-21,P019,C0698,WH-East,15,6267.38,94010.7,Delivered,2025-09-29,2025,9,September,1
O00749,2025-11-14,P062,C0172,WH-East,4,11436.7,45746.8,Delivered,2025-11-22,2025,11,November,1
O00750,2025-03-25,P087,C0199,WH-South,14,6619.57,92673.98,Delivered,2025-04-04,2025,3,March,1
O00751,2025-11-14,P091,C0231,WH-South,11,3806.53,41871.83,Delivered,2025-11-23,2025,11,November,1
O00752,2025-04-21,P091,C0800,WH-West,15,3806.53,57097.95,Delivered,2025-04-30,2025,4,April,1
O00753,2025-09-08,P039,C0847,WH-West,6,2741.34,16448.04,Delivered,2025-09-16,2025,9,September,1
O00754,2026-01-18,P100,C0627,WH-West,4,6160.6,24642.4,Delivered,2026-01-24,2026,1,January,1
O00755,2025-01-07,P076,C0333,WH-North,9,2781.69,25035.21,Delivered,2025-01-17,2025,1,January,1
O00756,2026-04-04,P027,C0466,WH-South,9,3927.78,35350.02,Delivered,2026-04-12,2026,4,April,1
O00757,2025-03-25,P046,C0842,WH-West,3,2032.34,6097.02,Delivered,2025-03-29,2025,3,March,1
O00758,2025-07-27,P034,C0424,WH-South,7,7873.1,55111.7,Returned,2025-08-03,2025,7,July,0
O00759,2026-01-25,P033,C0313,WH-West,12,7876.29,94515.48,Delivered,2026-01-29,2026,1,January,1
O00760,2025-11-10,P092,C0523,WH-North,5,9918.59,49592.95,Delivered,2025-11-17,2025,11,November,1
O00761,2025-01-22,P095,C0424,WH-South,15,5427.18,81407.7,Returned,2025-01-31,2025,1,January,0
O00762,2026-02-14,P096,C0616,WH-South,12,6299.54,75594.48,Returned,2026-02-24,2026,2,February,0
O00763,2026-05-30,P050,C0175,WH-South,9,1973.84,17764.56,Delivered,2026-06-02,2026,5,May,1
O00764,2025-05-07,P020,C0898,WH-South,2,2297.9,4595.8,Delivered,2025-05-14,2025,5,May,1
O00765,2025-01-14,P040,C0987,WH-North,3,7396.64,22189.92,Delivered,2025-01-18,2025,1,January,1
O00766,2025-01-12,P099,C0948,WH-West,10,1477.4,14774.0,Delivered,2025-01-20,2025,1,January,1
O00767,2025-03-28,P095,C0374,WH-North,5,5427.18,27135.9,Cancelled,Unknown,2025,3,March,0
O00768,2026-06-08,P058,C0632,WH-South,12,3596.21,43154.52,Delivered,2026-06-14,2026,6,June,1
O00769,2026-06-21,P031,C0237,WH-East,5,1882.62,9413.1,Delivered,2026-06-28,2026,6,June,1
O00770,2025-10-28,P038,C0748,WH-North,10,9847.32,98473.2,Delivered,2025-11-06,2025,10,October,1
O00771,2025-08-31,P086,C0968,WH-East,12,3132.13,37585.56,Delivered,2025-09-03,2025,8,August,1
O00772,2025-05-02,P045,C0817,WH-South,15,11503.77,172556.55,Delivered,2025-05-07,2025,5,May,1
O00773,2025-05-27,P041,C0443,WH-South,14,10031.16,140436.24,Delivered,2025-06-01,2025,5,May,1
O00774,2025-12-22,P009,C0038,WH-North,14,6820.58,95488.12,Delivered,2025-12-29,2025,12,December,1
O00775,2025-11-05,P009,C0784,WH-East,7,6820.58,47744.06,Returned,2025-11-10,2025,11,November,0
O00776,2025-10-15,P063,C0888,WH-North,13,6119.08,79548.04,Delivered,2025-10-21,2025,10,October,1
O00777,2025-11-03,P079,C0856,WH-North,14,8889.27,124449.78,Delivered,2025-11-09,2025,11,November,1
O00778,2025-12-18,P077,C0763,WH-North,8,12073.98,96591.84,Delivered,2025-12-27,2025,12,December,1
O00779,2025-11-08,P022,C0983,WH-South,8,9065.34,72522.72,Returned,2025-11-13,2025,11,November,0
O00780,2025-02-28,P016,C0887,WH-West,14,6037.0,84518.0,Processing,2025-03-07,2025,2,February,0
O00781,2025-02-04,P032,C0846,WH-East,1,8387.44,8387.44,Delivered,2025-02-12,2025,2,February,1
O00782,2026-03-21,P066,C0539,WH-West,14,9296.31,130148.34,Delivered,2026-03-30,2026,3,March,1
O00783,2025-04-03,P090,C0842,WH-West,1,2450.87,2450.87,Delivered,2025-04-13,2025,4,April,1
O00784,2025-07-26,P014,C0635,WH-South,3,8215.45,24646.35,Delivered,2025-08-04,2025,7,July,1
O00785,2025-12-19,P038,C0156,WH-South,1,9847.32,9847.32,Cancelled,Unknown,2025,12,December,0
O00786,2025-11-28,P098,C0729,WH-South,1,2843.84,2843.84,Delivered,2025-12-03,2025,11,November,1
O00787,2025-06-08,P008,C0194,WH-North,10,7685.98,76859.8,Delivered,2025-06-14,2025,6,June,1
O00788,2025-01-24,P100,C0813,WH-South,8,6160.6,49284.8,Delivered,2025-01-28,2025,1,January,1
O00789,2026-02-08,P021,C0161,WH-South,1,2945.59,2945.59,Cancelled,Unknown,2026,2,February,0
O00790,2026-05-31,P056,C0640,WH-South,9,888.53,7996.77,Delivered,2026-06-03,2026,5,May,1
O00791,2025-12-30,P046,C0828,WH-South,2,2032.34,4064.68,Delivered,2026-01-09,2025,12,December,1
O00792,2026-01-17,P043,C0690,WH-West,9,7218.47,64966.23,Delivered,2026-01-26,2026,1,January,1
O00793,2026-06-16,P092,C0126,WH-West,14,9918.59,138860.26,Delivered,2026-06-23,2026,6,June,1
O00794,2025-06-01,P046,C0686,WH-South,7,2032.34,14226.38,Delivered,2025-06-11,2025,6,June,1
O00795,2026-02-24,P048,C0547,WH-West,9,8206.14,73855.26,Delivered,2026-03-02,2026,2,February,1
O00796,2025-09-07,P070,C0239,WH-South,3,2886.35,8659.05,Delivered,2025-09-09,2025,9,September,1
O00797,2025-04-27,P084,C0041,WH-East,1,9567.6,9567.6,Delivered,2025-05-06,2025,4,April,1
O00798,2026-05-27,P031,C0186,WH-North,1,1882.62,1882.62,Delivered,2026-05-31,2026,5,May,1
O00799,2025-12-01,P033,C0461,WH-South,11,7876.29,86639.19,Delivered,2025-12-11,2025,12,December,1
O00800,2026-02-22,P044,C0695,WH-West,15,3533.01,52995.15,Cancelled,Unknown,2026,2,February,0
O00801,2025-10-22,P071,C0389,WH-North,10,4401.72,44017.2,Cancelled,Unknown,2025,10,October,0
O00802,2026-01-06,P008,C0261,WH-West,6,7685.98,46115.88,Delivered,2026-01-08,2026,1,January,1
O00803,2025-07-05,P073,C0406,WH-East,7,5286.08,37002.56,Cancelled,Unknown,2025,7,July,0
O00804,2025-09-03,P002,C0546,WH-East,9,9662.88,86965.92,Delivered,2025-09-10,2025,9,September,1
O00805,2025-09-25,P017,C0449,WH-North,6,8360.81,50164.86,Delivered,2025-09-30,2025,9,September,1
O00806,2025-08-25,P052,C0699,WH-East,5,2109.04,10545.2,Delivered,2025-08-30,2025,8,August,1
O00807,2026-06-14,P045,C0401,WH-South,14,11503.77,161052.78,Delivered,2026-06-20,2026,6,June,1
O00808,2025-01-21,P037,C0307,WH-East,2,2141.55,4283.1,Delivered,2025-01-25,2025,1,January,1
O00809,2026-06-04,P042,C0945,WH-West,2,4932.36,9864.72,Delivered,2026-06-07,2026,6,June,1
O00810,2025-04-10,P044,C0137,WH-South,8,3533.01,28264.08,Delivered,2025-04-19,2025,4,April,1
O00811,2026-04-23,P081,C0202,WH-West,15,8788.43,131826.45,Delivered,2026-05-01,2026,4,April,1
O00812,2025-10-25,P038,C0893,WH-North,1,9847.32,9847.32,Delivered,2025-10-30,2025,10,October,1
O00813,2026-06-10,P099,C0655,WH-North,8,1477.4,11819.2,Delivered,2026-06-13,2026,6,June,1
O00814,2025-11-30,P094,C0621,WH-North,11,9560.46,105165.06,Delivered,2025-12-10,2025,11,November,1
O00815,2025-01-02,P006,C0157,WH-West,10,716.9,7169.0,Delivered,2025-01-11,2025,1,January,1
O00816,2026-01-10,P068,C0255,WH-West,11,7862.75,86490.25,Delivered,2026-01-15,2026,1,January,1
O00817,2025-10-20,P051,C0181,WH-North,7,506.74,3547.18,Delivered,2025-10-26,2025,10,October,1
O00818,2025-11-14,P035,C0409,WH-West,7,10862.84,76039.88,Delivered,2025-11-21,2025,11,November,1
O00819,2026-05-17,P058,C0853,WH-North,5,3596.21,17981.05,Delivered,2026-05-22,2026,5,May,1
O00820,2026-01-16,P057,C0977,WH-North,3,919.99,2759.97,Delivered,2026-01-19,2026,1,January,1
O00821,2025-01-14,P073,C0731,WH-West,7,5286.08,37002.56,Delivered,2025-01-20,2025,1,January,1
O00822,2026-05-19,P006,C0028,WH-South,7,716.9,5018.3,Returned,2026-05-21,2026,5,May,0
O00823,2025-08-19,P013,C0663,WH-North,7,359.86,2519.02,Delivered,2025-08-27,2025,8,August,1
O00824,2025-03-25,P059,C0871,WH-East,12,722.03,8664.36,Delivered,2025-04-04,2025,3,March,1
O00825,2025-05-10,P086,C0612,WH-South,15,3132.13,46981.95,Delivered,2025-05-14,2025,5,May,1
O00826,2025-05-25,P092,C0515,WH-South,15,9918.59,148778.85,Delivered,2025-06-01,2025,5,May,1
O00827,2025-01-28,P030,C0545,WH-South,11,6989.65,76886.15,Returned,2025-02-07,2025,1,January,0
O00828,2025-03-07,P100,C0199,WH-South,2,6160.6,12321.2,Delivered,2025-03-12,2025,3,March,1
O00829,2025-06-12,P002,C0069,WH-North,3,9662.88,28988.64,Delivered,2025-06-19,2025,6,June,1
O00830,2025-08-17,P058,C0602,WH-North,3,3596.21,10788.63,Delivered,2025-08-21,2025,8,August,1
O00831,2025-09-18,P036,C0017,WH-North,4,9014.91,36059.64,Delivered,2025-09-28,2025,9,September,1
O00832,2026-03-25,P072,C0849,WH-East,12,7933.68,95204.16,Delivered,2026-04-02,2026,3,March,1
O00833,2026-02-28,P045,C0879,WH-North,9,11503.77,103533.93,Delivered,2026-03-08,2026,2,February,1
O00834,2026-04-05,P009,C0835,WH-North,10,6820.58,68205.8,Delivered,2026-04-10,2026,4,April,1
O00835,2025-10-28,P065,C0835,WH-East,15,6932.91,103993.65,Delivered,2025-11-04,2025,10,October,1
O00836,2025-10-30,P077,C0546,WH-North,1,12073.98,12073.98,Delivered,2025-11-08,2025,10,October,1
O00837,2025-10-14,P050,C0776,WH-West,15,1973.84,29607.6,Delivered,2025-10-21,2025,10,October,1
O00838,2026-01-30,P079,C0813,WH-West,15,8889.27,133339.05,Delivered,2026-02-06,2026,1,January,1
O00839,2025-01-10,P032,C0060,WH-North,12,8387.44,100649.28,Delivered,2025-01-15,2025,1,January,1
O00840,2025-09-27,P098,C0184,WH-South,7,2843.84,19906.88,Processing,2025-10-06,2025,9,September,0
O00841,2025-12-27,P043,C0838,WH-North,7,7218.47,50529.29,Delivered,2026-01-05,2025,12,December,1
O00842,2025-09-14,P095,C0869,WH-East,11,5427.18,59698.98,Delivered,2025-09-24,2025,9,September,1
O00843,2025-05-13,P078,C0365,WH-South,4,8749.35,34997.4,Delivered,2025-05-20,2025,5,May,1
O00844,2025-10-03,P054,C0918,WH-East,13,5559.97,72279.61,Delivered,2025-10-06,2025,10,October,1
O00845,2026-05-28,P047,C0929,WH-West,11,9554.1,105095.1,Delivered,2026-06-02,2026,5,May,1
O00846,2025-11-09,P014,C0434,WH-East,1,8215.45,8215.45,Delivered,2025-11-14,2025,11,November,1
O00847,2025-10-11,P048,C0199,WH-North,3,8206.14,24618.42,Delivered,2025-10-20,2025,10,October,1
O00848,2025-05-01,P055,C0753,WH-West,5,1487.11,7435.55,Delivered,2025-05-07,2025,5,May,1
O00849,2025-04-17,P029,C0232,WH-South,12,7630.58,91566.96,Delivered,2025-04-22,2025,4,April,1
O00850,2025-07-23,P047,C0723,WH-North,2,9554.1,19108.2,Delivered,2025-08-01,2025,7,July,1
O00851,2025-06-14,P063,C0368,WH-West,7,6119.08,42833.56,Delivered,2025-06-18,2025,6,June,1
O00852,2025-11-01,P019,C0430,WH-South,14,6267.38,87743.32,Delivered,2025-11-04,2025,11,November,1
O00853,2026-05-12,P091,C0564,WH-West,10,3806.53,38065.3,Delivered,2026-05-17,2026,5,May,1
O00854,2025-06-05,P009,C0119,WH-South,10,6820.58,68205.8,Delivered,2025-06-07,2025,6,June,1
O00855,2026-01-02,P037,C0330,WH-South,7,2141.55,14990.85,Delivered,2026-01-04,2026,1,January,1
O00856,2025-09-08,P092,C0215,WH-East,12,9918.59,119023.08,Delivered,2025-09-14,2025,9,September,1
O00857,2025-11-30,P052,C0322,WH-North,10,2109.04,21090.4,Delivered,Unknown,2025,11,November,1
O00858,2026-05-26,P057,C0149,WH-South,5,919.99,4599.95,Delivered,2026-05-31,2026,5,May,1
O00859,2025-10-20,P088,C0408,WH-South,15,7327.81,109917.15,Delivered,2025-10-29,2025,10,October,1
O00860,2025-01-20,P028,C0688,WH-East,12,1732.59,20791.08,Processing,2025-01-29,2025,1,January,0
O00861,2025-10-09,P036,C0377,WH-South,10,9014.91,90149.1,Returned,2025-10-12,2025,10,October,0
O00862,2025-01-01,P064,C0781,WH-South,15,9772.25,146583.75,Delivered,2025-01-05,2025,1,January,1
O00863,2025-04-29,P018,C0320,WH-West,6,6842.11,41052.66,Returned,2025-05-03,2025,4,April,0
O00864,2025-02-04,P089,C0005,WH-North,1,5210.42,5210.42,Delivered,2025-02-06,2025,2,February,1
O00865,2025-07-17,P035,C0402,WH-East,4,10862.84,43451.36,Delivered,2025-07-21,2025,7,July,1
O00866,2026-04-30,P068,C0628,WH-East,4,7862.75,31451.0,Delivered,2026-05-09,2026,4,April,1
O00867,2025-02-28,P078,C0203,WH-South,11,8749.35,96242.85,Delivered,2025-03-07,2025,2,February,1
O00868,2025-06-10,P039,C0037,WH-South,8,2741.34,21930.72,Delivered,2025-06-16,2025,6,June,1
O00869,2025-07-25,P090,C0054,WH-East,15,2450.87,36763.05,Delivered,2025-08-04,2025,7,July,1
O00870,2025-01-12,P008,C0288,WH-South,2,7685.98,15371.96,Delivered,2025-01-20,2025,1,January,1
O00871,2026-05-05,P088,C0284,WH-South,1,7327.81,7327.81,Delivered,2026-05-12,2026,5,May,1
O00872,2025-10-03,P080,C0598,WH-West,7,6733.38,47133.66,Delivered,2025-10-09,2025,10,October,1
O00873,2025-08-30,P084,C0045,WH-East,6,9567.6,57405.6,Returned,2025-09-05,2025,8,August,0
O00874,2025-08-04,P015,C0284,WH-South,5,10925.43,54627.15,Cancelled,Unknown,2025,8,August,0
O00875,2025-09-08,P007,C0833,WH-North,12,11389.37,136672.44,Returned,2025-09-15,2025,9,September,0
O00876,2025-05-06,P017,C0582,WH-South,13,8360.81,108690.53,Processing,2025-05-11,2025,5,May,0
O00877,2025-08-05,P086,C0971,WH-West,13,3132.13,40717.69,Delivered,2025-08-10,2025,8,August,1
O00878,2025-11-02,P086,C0042,WH-West,13,3132.13,40717.69,Delivered,2025-11-07,2025,11,November,1
O00879,2025-07-04,P064,C0417,WH-East,8,9772.25,78178.0,Delivered,2025-07-11,2025,7,July,1
O00880,2025-02-08,P012,C0272,WH-West,11,3219.93,35419.23,Returned,2025-02-10,2025,2,February,0
O00881,2025-08-11,P082,C0141,WH-West,15,7665.58,114983.7,Delivered,2025-08-21,2025,8,August,1
O00882,2025-07-03,P056,C0917,WH-North,13,888.53,11550.89,Delivered,2025-07-06,2025,7,July,1
O00883,2026-05-10,P046,C0571,WH-West,2,2032.34,4064.68,Delivered,2026-05-13,2026,5,May,1
O00884,2026-03-03,P047,C0752,WH-South,2,9554.1,19108.2,Delivered,2026-03-09,2026,3,March,1
O00885,2025-06-27,P079,C0047,WH-West,9,8889.27,80003.43,Delivered,2025-07-02,2025,6,June,1
O00886,2026-03-04,P016,C0167,WH-North,1,6037.0,6037.0,Delivered,2026-03-08,2026,3,March,1
O00887,2025-10-21,P069,C0622,WH-East,6,7876.01,47256.06,Delivered,2025-10-27,2025,10,October,1
O00888,2025-05-31,P002,C0126,WH-North,13,9662.88,125617.44,Delivered,2025-06-08,2025,5,May,1
O00889,2026-01-19,P092,C0472,WH-South,13,9918.59,128941.67,Delivered,2026-01-22,2026,1,January,1
O00890,2025-11-04,P054,C0811,WH-South,3,5559.97,16679.91,Delivered,2025-11-11,2025,11,November,1
O00891,2025-12-02,P027,C0923,WH-East,15,3927.78,58916.7,Delivered,2025-12-07,2025,12,December,1
O00892,2026-01-10,P031,C0621,WH-North,13,1882.62,24474.06,Cancelled,Unknown,2026,1,January,0
O00893,2025-01-08,P041,C0677,WH-North,5,10031.16,50155.8,Delivered,2025-01-10,2025,1,January,1
O00894,2025-12-07,P036,C0370,WH-East,8,9014.91,72119.28,Delivered,2025-12-16,2025,12,December,1
O00895,2025-05-09,P047,C0771,WH-East,7,9554.1,66878.7,Delivered,2025-05-15,2025,5,May,1
O00896,2025-12-18,P043,C0588,WH-East,13,7218.47,93840.11,Delivered,2025-12-21,2025,12,December,1
O00897,2025-12-24,P065,C0007,WH-East,12,6932.91,83194.92,Delivered,2026-01-02,2025,12,December,1
O00898,2026-06-01,P050,C0698,WH-South,4,1973.84,7895.36,Delivered,2026-06-05,2026,6,June,1
O00899,2026-05-10,P093,C0276,WH-South,8,11181.17,89449.36,Delivered,2026-05-18,2026,5,May,1
O00900,2025-03-27,P001,C0591,WH-East,11,2324.33,25567.63,Delivered,2025-03-30,2025,3,March,1
O00901,2025-06-24,P072,C0065,WH-West,11,7933.68,87270.48,Delivered,2025-07-02,2025,6,June,1
O00902,2025-07-12,P057,C0627,WH-East,10,919.99,9199.9,Delivered,2025-07-17,2025,7,July,1
O00903,2025-11-07,P016,C0202,WH-West,11,6037.0,66407.0,Delivered,2025-11-09,2025,11,November,1
O00904,2025-04-29,P028,C0142,WH-West,14,1732.59,24256.26,Delivered,2025-05-05,2025,4,April,1
O00905,2025-08-06,P086,C0975,WH-North,2,3132.13,6264.26,Delivered,2025-08-11,2025,8,August,1
O00906,2026-03-03,P082,C0098,WH-West,7,7665.58,53659.06,Delivered,2026-03-12,2026,3,March,1
O00907,2026-02-18,P022,C0817,WH-West,5,9065.34,45326.7,Processing,2026-02-20,2026,2,February,0
O00908,2025-04-24,P041,C0217,WH-West,11,10031.16,110342.76,Delivered,2025-04-27,2025,4,April,1
O00909,2025-05-25,P076,C0991,WH-South,6,2781.69,16690.14,Delivered,2025-05-31,2025,5,May,1
O00910,2026-06-22,P019,C0586,WH-North,3,6267.38,18802.14,Delivered,2026-06-25,2026,6,June,1
O00911,2025-10-30,P089,C0293,WH-North,11,5210.42,57314.62,Delivered,2025-11-01,2025,10,October,1
O00912,2025-12-11,P050,C0508,WH-West,10,1973.84,19738.4,Delivered,2025-12-18,2025,12,December,1
O00913,2025-01-01,P059,C0134,WH-South,7,722.03,5054.21,Delivered,2025-01-06,2025,1,January,1
O00914,2025-05-27,P069,C0262,WH-East,7,7876.01,55132.07,Delivered,2025-06-02,2025,5,May,1
O00915,2025-10-14,P034,C0284,WH-South,2,7873.1,15746.2,Returned,2025-10-18,2025,10,October,0
O00916,2025-02-22,P039,C0102,WH-North,1,2741.34,2741.34,Delivered,2025-03-01,2025,2,February,1
O00917,2025-10-31,P074,C0377,WH-West,10,8610.83,86108.3,Delivered,2025-11-05,2025,10,October,1
O00918,2025-03-10,P007,C0206,WH-South,2,11389.37,22778.74,Delivered,2025-03-17,2025,3,March,1
O00919,2025-12-27,P052,C0653,WH-West,12,2109.04,25308.48,Delivered,2026-01-02,2025,12,December,1
O00920,2025-08-08,P060,C0013,WH-East,8,1239.87,9918.96,Delivered,2025-08-11,2025,8,August,1
O00921,2025-06-10,P052,C0761,WH-South,11,2109.04,23199.44,Delivered,2025-06-15,2025,6,June,1
O00922,2025-03-30,P079,C0123,WH-East,10,8889.27,88892.7,Delivered,2025-04-02,2025,3,March,1
O00923,2025-06-08,P024,C0010,WH-East,3,5645.0,16935.0,Delivered,2025-06-14,2025,6,June,1
O00924,2026-05-04,P026,C0592,WH-North,11,8058.43,88642.73,Delivered,2026-05-08,2026,5,May,1
O00925,2025-11-20,P090,C0167,WH-North,4,2450.87,9803.48,Delivered,2025-11-27,2025,11,November,1
O00926,2026-01-16,P090,C0611,WH-West,8,2450.87,19606.96,Delivered,2026-01-22,2026,1,January,1
O00927,2025-04-12,P010,C0719,WH-East,3,8992.72,26978.16,Delivered,2025-04-15,2025,4,April,1
O00928,2026-05-09,P017,C0151,WH-East,6,8360.81,50164.86,Delivered,2026-05-18,2026,5,May,1
O00929,2025-01-19,P078,C0037,WH-North,2,8749.35,17498.7,Delivered,2025-01-26,2025,1,January,1
O00930,2026-03-30,P002,C0889,WH-East,3,9662.88,28988.64,Delivered,2026-04-09,2026,3,March,1
O00931,2026-04-27,P077,C0776,WH-South,1,12073.98,12073.98,Delivered,2026-05-01,2026,4,April,1
O00932,2026-02-01,P027,C0474,WH-East,9,3927.78,35350.02,Delivered,2026-02-06,2026,2,February,1
O00933,2025-10-06,P073,C0444,WH-East,4,5286.08,21144.32,Delivered,2025-10-15,2025,10,October,1
O00934,2025-12-31,P071,C0342,WH-North,6,4401.72,26410.32,Delivered,2026-01-08,2025,12,December,1
O00935,2025-11-27,P048,C0005,WH-North,15,8206.14,123092.1,Delivered,2025-12-06,2025,11,November,1
O00936,2025-12-10,P074,C0890,WH-West,7,8610.83,60275.81,Delivered,2025-12-20,2025,12,December,1
O00937,2026-03-31,P009,C0226,WH-North,2,6820.58,13641.16,Delivered,2026-04-09,2026,3,March,1
O00938,2025-03-06,P086,C0539,WH-South,8,3132.13,25057.04,Delivered,2025-03-15,2025,3,March,1
O00939,2025-03-17,P023,C0124,WH-East,12,2561.5,30738.0,Delivered,2025-03-24,2025,3,March,1
O00940,2025-05-23,P071,C0403,WH-West,9,4401.72,39615.48,Delivered,2025-05-26,2025,5,May,1
O00941,2026-04-18,P073,C0939,WH-East,14,5286.08,74005.12,Cancelled,Unknown,2026,4,April,0
O00942,2026-02-21,P027,C0811,WH-North,10,3927.78,39277.8,Delivered,2026-02-26,2026,2,February,1
O00943,2025-11-01,P088,C0035,WH-East,11,7327.81,80605.91,Delivered,2025-11-05,2025,11,November,1
O00944,2026-05-12,P093,C0237,WH-East,2,11181.17,22362.34,Delivered,2026-05-17,2026,5,May,1
O00945,2025-10-18,P081,C0468,WH-South,5,8788.43,43942.15,Processing,2025-10-23,2025,10,October,0
O00946,2025-04-12,P084,C0499,WH-East,2,9567.6,19135.2,Returned,2025-04-16,2025,4,April,0
O00947,2025-09-24,P071,C0512,WH-South,11,4401.72,48418.92,Delivered,2025-10-04,2025,9,September,1
O00948,2025-01-03,P043,C0823,WH-East,5,7218.47,36092.35,Delivered,2025-01-07,2025,1,January,1
O00949,2025-03-26,P007,C0317,WH-North,7,11389.37,79725.59,Delivered,2025-03-29,2025,3,March,1
O00950,2025-11-24,P092,C0303,WH-West,6,9918.59,59511.54,Delivered,2025-11-26,2025,11,November,1
O00951,2026-03-26,P083,C0102,WH-North,4,1377.9,5511.6,Delivered,2026-03-28,2026,3,March,1
O00952,2026-03-30,P063,C0589,WH-West,14,6119.08,85667.12,Delivered,2026-04-05,2026,3,March,1
O00953,2025-08-09,P084,C0312,WH-East,2,9567.6,19135.2,Delivered,2025-08-15,2025,8,August,1
O00954,2025-06-03,P044,C0082,WH-North,7,3533.01,24731.07,Delivered,2025-06-13,2025,6,June,1
O00955,2025-01-12,P039,C0658,WH-South,12,2741.34,32896.08,Delivered,2025-01-17,2025,1,January,1
O00956,2025-05-13,P040,C0193,WH-North,10,7396.64,73966.4,Delivered,2025-05-19,2025,5,May,1
O00957,2025-10-31,P007,C0224,WH-South,9,11389.37,102504.33,Delivered,2025-11-07,2025,10,October,1
O00958,2025-10-20,P070,C0053,WH-East,1,2886.35,2886.35,Delivered,2025-10-28,2025,10,October,1
O00959,2025-10-27,P025,C0345,WH-East,3,2564.25,7692.75,Delivered,2025-11-06,2025,10,October,1
O00960,2025-02-12,P059,C0085,WH-West,7,722.03,5054.21,Delivered,2025-02-19,2025,2,February,1
O00961,2025-12-09,P013,C0987,WH-North,15,359.86,5397.9,Delivered,2025-12-11,2025,12,December,1
O00962,2025-11-22,P086,C0907,WH-East,14,3132.13,43849.82,Delivered,2025-12-01,2025,11,November,1
O00963,2026-05-13,P081,C0880,WH-West,9,8788.43,79095.87,Delivered,2026-05-16,2026,5,May,1
O00964,2025-12-30,P086,C0641,WH-West,13,3132.13,40717.69,Returned,2026-01-09,2025,12,December,0
O00965,2026-03-03,P098,C0211,WH-East,5,2843.84,14219.2,Returned,2026-03-11,2026,3,March,0
O00966,2025-01-21,P062,C0864,WH-South,7,11436.7,80056.9,Delivered,2025-01-29,2025,1,January,1
O00967,2026-02-11,P008,C0776,WH-South,15,7685.98,115289.7,Delivered,2026-02-17,2026,2,February,1
O00968,2025-12-02,P045,C0915,WH-West,10,11503.77,115037.7,Delivered,2025-12-11,2025,12,December,1
O00969,2025-04-27,P018,C0183,WH-East,7,6842.11,47894.77,Delivered,2025-04-29,2025,4,April,1
O00970,2025-05-04,P088,C0272,WH-North,4,7327.81,29311.24,Delivered,2025-05-08,2025,5,May,1
O00971,2026-02-03,P060,C0506,WH-North,5,1239.87,6199.35,Delivered,2026-02-13,2026,2,February,1
O00972,2025-02-20,P060,C0227,WH-West,2,1239.87,2479.74,Delivered,2025-02-22,2025,2,February,1
O00973,2025-11-20,P002,C0834,WH-North,8,9662.88,77303.04,Processing,2025-11-29,2025,11,November,0
O00974,2025-05-21,P066,C0012,WH-East,12,9296.31,111555.72,Returned,2025-05-28,2025,5,May,0
O00975,2026-04-15,P091,C0093,WH-North,15,3806.53,57097.95,Cancelled,Unknown,2026,4,April,0
O00976,2025-11-30,P014,C0330,WH-North,15,8215.45,123231.75,Delivered,2025-12-07,2025,11,November,1
O00977,2026-01-08,P048,C0190,WH-East,1,8206.14,8206.14,Cancelled,Unknown,2026,1,January,0
O00978,2026-05-09,P056,C0598,WH-South,2,888.53,1777.06,Delivered,2026-05-19,2026,5,May,1
O00979,2026-06-23,P012,C0866,WH-South,12,3219.93,38639.16,Delivered,2026-06-26,2026,6,June,1
O00980,2025-06-05,P096,C0954,WH-West,3,6299.54,18898.62,Delivered,2025-06-12,2025,6,June,1
O00981,2025-10-18,P092,C0789,WH-East,7,9918.59,69430.13,Delivered,2025-10-23,2025,10,October,1
O00982,2025-05-24,P055,C0293,WH-South,6,1487.11,8922.66,Returned,2025-05-28,2025,5,May,0
O00983,2025-04-16,P028,C0261,WH-North,14,1732.59,24256.26,Delivered,2025-04-22,2025,4,April,1
O00984,2026-02-24,P089,C0710,WH-West,7,5210.42,36472.94,Delivered,2026-02-27,2026,2,February,1
O00985,2025-01-02,P004,C0928,WH-East,11,5647.39,62121.29,Delivered,2025-01-06,2025,1,January,1
O00986,2025-03-31,P090,C0323,WH-East,5,2450.87,12254.35,Processing,2025-04-08,2025,3,March,0
O00987,2025-12-11,P036,C0010,WH-West,14,9014.91,126208.74,Delivered,2025-12-13,2025,12,December,1
O00988,2025-12-16,P050,C0965,WH-South,4,1973.84,7895.36,Delivered,2025-12-19,2025,12,December,1
O00989,2026-04-04,P003,C0088,WH-West,15,8874.43,133116.45,Delivered,2026-04-08,2026,4,April,1
O00990,2025-09-20,P001,C0340,WH-West,15,2324.33,34864.95,Delivered,2025-09-28,2025,9,September,1
O00991,2025-12-17,P017,C0318,WH-East,7,8360.81,58525.67,Delivered,2025-12-22,2025,12,December,1
O00992,2025-04-18,P071,C0549,WH-East,3,4401.72,13205.16,Delivered,2025-04-27,2025,4,April,1
O00993,2025-02-08,P062,C0223,WH-North,13,11436.7,148677.1,Delivered,2025-02-17,2025,2,February,1
O00994,2025-06-08,P048,C0687,WH-West,10,8206.14,82061.4,Returned,2025-06-10,2025,6,June,0
O00995,2025-11-08,P062,C0209,WH-East,7,11436.7,80056.9,Delivered,2025-11-14,2025,11,November,1
O00996,2025-08-29,P069,C0049,WH-East,2,7876.01,15752.02,Delivered,2025-08-31,2025,8,August,1
O00997,2026-03-21,P019,C0536,WH-East,12,6267.38,75208.56,Delivered,2026-03-29,2026,3,March,1
O00998,2025-10-25,P034,C0850,WH-East,12,7873.1,94477.2,Delivered,2025-10-30,2025,10,October,1
O00999,2025-02-05,P099,C0922,WH-West,8,1477.4,11819.2,Delivered,2025-02-14,2025,2,February,1
O01000,2025-03-25,P049,C0618,WH-West,12,3014.05,36168.6,Delivered,2025-04-03,2025,3,March,1
O01001,2026-03-28,P080,C0823,WH-South,6,6733.38,40400.28,Delivered,2026-04-07,2026,3,March,1
O01002,2026-01-20,P047,C0263,WH-West,12,9554.1,114649.2,Cancelled,Unknown,2026,1,January,0
O01003,2025-06-21,P091,C0206,WH-East,15,3806.53,57097.95,Delivered,2025-06-29,2025,6,June,1
O01004,2026-01-11,P050,C0681,WH-North,3,1973.84,5921.52,Delivered,2026-01-19,2026,1,January,1
O01005,2025-12-28,P089,C0497,WH-West,3,5210.42,15631.26,Cancelled,Unknown,2025,12,December,0
O01006,2025-05-21,P026,C0898,WH-South,5,8058.43,40292.15,Delivered,2025-05-29,2025,5,May,1
O01007,2025-04-28,P056,C0670,WH-West,3,888.53,2665.59,Delivered,2025-05-08,2025,4,April,1
O01008,2025-10-04,P078,C0753,WH-East,6,8749.35,52496.1,Delivered,2025-10-09,2025,10,October,1
O01009,2025-08-08,P014,C0465,WH-South,2,8215.45,16430.9,Delivered,2025-08-11,2025,8,August,1
O01010,2025-01-26,P078,Unknown,WH-East,8,8749.35,69994.8,Delivered,2025-02-04,2025,1,January,1
O01011,2026-06-05,P025,C0020,WH-East,13,2564.25,33335.25,Delivered,2026-06-13,2026,6,June,1
O01012,2025-01-10,P100,C0568,WH-West,11,6160.6,67766.6,Delivered,2025-01-17,2025,1,January,1
O01013,2026-01-13,P004,C0970,WH-West,12,5647.39,67768.68,Delivered,2026-01-21,2026,1,January,1
O01014,2025-06-01,P079,C0792,WH-South,11,8889.27,97781.97,Delivered,2025-06-05,2025,6,June,1
O01015,2025-02-18,P032,C0108,WH-South,9,8387.44,75486.96,Delivered,2025-02-25,2025,2,February,1
O01016,2025-06-03,P082,C0140,WH-South,13,7665.58,99652.54,Delivered,2025-06-11,2025,6,June,1
O01017,2025-10-20,P078,C0091,WH-South,15,8749.35,131240.25,Processing,2025-10-28,2025,10,October,0
O01018,2025-02-19,P065,C0271,WH-North,7,6932.91,48530.37,Delivered,2025-02-25,2025,2,February,1
O01019,2026-06-15,P061,C0329,WH-South,14,9046.33,126648.62,Delivered,2026-06-19,2026,6,June,1
O01020,2025-03-01,P020,C0210,WH-West,3,2297.9,6893.7,Delivered,2025-03-04,2025,3,March,1
O01021,2025-06-16,P074,C0688,WH-North,11,8610.83,94719.13,Delivered,2025-06-24,2025,6,June,1
O01022,2025-07-21,P010,C0573,WH-East,14,8992.72,125898.08,Delivered,2025-07-26,2025,7,July,1
O01023,2025-05-26,P088,C0455,WH-East,10,7327.81,73278.1,Delivered,2025-05-29,2025,5,May,1
O01024,2026-03-15,P034,C0284,WH-South,4,7873.1,31492.4,Delivered,2026-03-24,2026,3,March,1
O01025,2025-08-30,P061,C0366,WH-East,12,9046.33,108555.96,Delivered,2025-09-02,2025,8,August,1
O01026,2026-04-28,P092,C0484,WH-North,10,9918.59,99185.9,Delivered,2026-05-05,2026,4,April,1
O01027,2025-04-18,P027,C0003,WH-West,2,3927.78,7855.56,Processing,2025-04-23,2025,4,April,0
O01028,2025-08-14,P040,C0784,WH-West,9,7396.64,66569.76,Delivered,2025-08-24,2025,8,August,1
O01029,2026-03-08,P065,C0164,WH-North,14,6932.91,97060.74,Delivered,2026-03-14,2026,3,March,1
O01030,2026-02-23,P033,C0388,WH-South,5,7876.29,39381.45,Cancelled,Unknown,2026,2,February,0
O01031,2026-03-31,P068,C0995,WH-South,12,7862.75,94353.0,Delivered,2026-04-09,2026,3,March,1
O01032,2025-06-09,P071,C0009,WH-South,2,4401.72,8803.44,Delivered,2025-06-13,2025,6,June,1
O01033,2026-06-07,P009,C0366,WH-North,10,6820.58,68205.8,Delivered,2026-06-17,2026,6,June,1
O01034,2025-03-18,P016,C0012,WH-South,6,6037.0,36222.0,Delivered,2025-03-27,2025,3,March,1
O01035,2026-05-24,P005,C0074,WH-West,7,5461.2,38228.4,Delivered,2026-06-02,2026,5,May,1
O01036,2026-03-17,P098,C0238,WH-North,13,2843.84,36969.92,Delivered,2026-03-23,2026,3,March,1
O01037,2025-09-11,P023,C0812,WH-North,2,2561.5,5123.0,Cancelled,Unknown,2025,9,September,0
O01038,2025-11-16,P043,C0108,WH-East,15,7218.47,108277.05,Delivered,2025-11-26,2025,11,November,1
O01039,2025-09-20,P089,C0962,WH-East,1,5210.42,5210.42,Processing,2025-09-23,2025,9,September,0
O01040,2026-01-09,P057,C0915,WH-South,13,919.99,11959.87,Delivered,2026-01-11,2026,1,January,1
O01041,2025-06-16,P051,C0525,WH-South,7,506.74,3547.18,Delivered,2025-06-23,2025,6,June,1
O01042,2026-04-04,P013,C0234,WH-West,1,359.86,359.86,Delivered,2026-04-06,2026,4,April,1
O01043,2025-10-07,P024,C0439,WH-South,3,5645.0,16935.0,Delivered,2025-10-15,2025,10,October,1
O01044,2025-10-29,P011,C0757,WH-West,4,11449.02,45796.08,Delivered,2025-11-06,2025,10,October,1
O01045,2026-06-15,P052,C0481,WH-South,2,2109.04,4218.08,Delivered,2026-06-17,2026,6,June,1
O01046,2025-08-06,P017,C0833,WH-West,7,8360.81,58525.67,Delivered,2025-08-12,2025,8,August,1
O01047,2025-04-12,P037,C0092,WH-North,5,2141.55,10707.75,Delivered,2025-04-16,2025,4,April,1
O01048,2025-10-15,P013,C0872,WH-West,1,359.86,359.86,Delivered,2025-10-18,2025,10,October,1
O01049,2025-06-16,P062,C0198,WH-South,12,11436.7,137240.4,Delivered,2025-06-22,2025,6,June,1
O01050,2025-02-05,P091,C0116,WH-East,12,3806.53,45678.36,Returned,2025-02-11,2025,2,February,0
O01051,2025-12-19,P084,C0643,WH-South,8,9567.6,76540.8,Delivered,2025-12-22,2025,12,December,1
O01052,2025-03-14,P097,C0365,WH-North,10,7927.96,79279.6,Delivered,2025-03-21,2025,3,March,1
O01053,2025-12-19,P096,C0153,WH-East,7,6299.54,44096.78,Delivered,2025-12-27,2025,12,December,1
O01054,2025-03-11,P008,C0633,WH-West,4,7685.98,30743.92,Delivered,2025-03-13,2025,3,March,1
O01055,2026-03-01,P056,C0108,WH-East,2,888.53,1777.06,Delivered,2026-03-05,2026,3,March,1
O01056,2026-06-01,P093,C0948,WH-South,15,11181.17,167717.55,Delivered,2026-06-06,2026,6,June,1
O01057,2026-03-04,P083,C0528,WH-East,7,1377.9,9645.3,Delivered,2026-03-07,2026,3,March,1
O01058,2026-06-23,P070,C0811,WH-East,11,2886.35,31749.85,Delivered,2026-06-29,2026,6,June,1
O01059,2025-06-09,P044,C0056,WH-South,2,3533.01,7066.02,Delivered,2025-06-14,2025,6,June,1
O01060,2025-05-29,P060,C0452,WH-South,6,1239.87,7439.22,Delivered,2025-06-01,2025,5,May,1
O01061,2025-08-18,P041,C0392,WH-North,1,10031.16,10031.16,Delivered,2025-08-20,2025,8,August,1
O01062,2025-03-08,P021,C0615,WH-East,14,2945.59,41238.26,Delivered,2025-03-17,2025,3,March,1
O01063,2026-01-16,P086,C0208,WH-West,7,3132.13,21924.91,Delivered,2026-01-19,2026,1,January,1
O01064,2025-02-27,P042,C0510,WH-South,7,4932.36,34526.52,Delivered,2025-03-04,2025,2,February,1
O01065,2025-09-16,P074,C0940,WH-East,12,8610.83,103329.96,Delivered,2025-09-22,2025,9,September,1
O01066,2025-12-08,P074,C0934,WH-South,4,8610.83,34443.32,Delivered,2025-12-11,2025,12,December,1
O01067,2025-05-10,P029,C0663,WH-North,4,7630.58,30522.32,Delivered,2025-05-20,2025,5,May,1
O01068,2025-06-21,P080,C0774,WH-South,15,6733.38,101000.7,Delivered,2025-06-24,2025,6,June,1
O01069,2025-07-28,P065,C0555,WH-South,10,6932.91,69329.1,Delivered,2025-08-04,2025,7,July,1
O01070,2025-12-20,P017,C0300,WH-North,5,8360.81,41804.05,Delivered,2025-12-28,2025,12,December,1
O01071,2026-04-16,P030,C0976,WH-South,2,6989.65,13979.3,Delivered,2026-04-23,2026,4,April,1
O01072,2025-04-26,P026,C0630,WH-North,9,8058.43,72525.87,Delivered,2025-05-01,2025,4,April,1
O01073,2025-09-21,P053,C0848,WH-East,10,8550.49,85504.9,Delivered,2025-09-23,2025,9,September,1
O01074,2026-03-18,P019,C0279,WH-East,4,6267.38,25069.52,Delivered,2026-03-21,2026,3,March,1
O01075,2026-03-29,P053,C0144,WH-East,11,8550.49,94055.39,Delivered,2026-04-05,2026,3,March,1
O01076,2026-04-22,P085,C0740,WH-West,9,1090.03,9810.27,Delivered,2026-05-01,2026,4,April,1
O01077,2025-10-14,P017,C0204,WH-South,14,8360.81,117051.34,Delivered,2025-10-18,2025,10,October,1
O01078,2025-10-30,P046,C0229,WH-North,3,2032.34,6097.02,Delivered,2025-11-07,2025,10,October,1
O01079,2025-11-07,P085,C0265,WH-South,9,1090.03,9810.27,Delivered,2025-11-17,2025,11,November,1
O01080,2025-07-27,P053,C0466,WH-West,1,8550.49,8550.49,Delivered,2025-08-01,2025,7,July,1
O01081,2026-03-22,P064,C0137,WH-South,7,9772.25,68405.75,Delivered,2026-03-30,2026,3,March,1
O01082,2025-02-24,P045,C0240,WH-West,4,11503.77,46015.08,Delivered,2025-03-04,2025,2,February,1
O01083,2025-01-12,P049,C0981,WH-South,7,3014.05,21098.35,Delivered,2025-01-22,2025,1,January,1
O01084,2026-02-04,P019,C0698,WH-West,14,6267.38,87743.32,Delivered,2026-02-08,2026,2,February,1
O01085,2026-05-30,P071,C0449,WH-North,10,4401.72,44017.2,Delivered,2026-06-01,2026,5,May,1
O01086,2026-06-26,P081,C0315,WH-South,15,8788.43,131826.45,Delivered,2026-07-05,2026,6,June,1
O01087,2025-08-25,P065,C0151,WH-South,6,6932.91,41597.46,Delivered,2025-08-30,2025,8,August,1
O01088,2025-10-06,P037,C0325,WH-North,4,2141.55,8566.2,Delivered,2025-10-09,2025,10,October,1
O01089,2025-12-14,P070,C0403,WH-North,4,2886.35,11545.4,Delivered,2025-12-20,2025,12,December,1
O01090,2025-04-14,P026,C0803,WH-East,8,8058.43,64467.44,Returned,2025-04-19,2025,4,April,0
O01091,2026-06-01,P002,C0353,WH-West,7,9662.88,67640.16,Delivered,2026-06-03,2026,6,June,1
O01092,2025-09-05,P059,C0951,WH-North,4,722.03,2888.12,Delivered,2025-09-13,2025,9,September,1
O01093,2025-12-30,P096,C0110,WH-East,11,6299.54,69294.94,Delivered,2026-01-04,2025,12,December,1
O01094,2025-11-17,P005,C0466,WH-West,6,5461.2,32767.2,Delivered,2025-11-26,2025,11,November,1
O01095,2025-10-13,P037,C0040,WH-East,6,2141.55,12849.3,Delivered,2025-10-23,2025,10,October,1
O01096,2025-05-29,P031,C0654,WH-South,1,1882.62,1882.62,Delivered,2025-06-07,2025,5,May,1
O01097,2025-03-25,P076,C0340,WH-West,13,2781.69,36161.97,Delivered,2025-03-27,2025,3,March,1
O01098,2026-02-10,P099,C0372,WH-South,2,1477.4,2954.8,Delivered,2026-02-19,2026,2,February,1
O01099,2026-04-01,P094,C0525,WH-South,4,9560.46,38241.84,Delivered,2026-04-07,2026,4,April,1
O01100,2025-06-10,P048,C0507,WH-South,6,8206.14,49236.84,Delivered,2025-06-12,2025,6,June,1
O01101,2026-04-05,P006,C0053,WH-South,6,716.9,4301.4,Delivered,2026-04-15,2026,4,April,1
O01102,2026-05-15,P015,C0080,WH-South,1,10925.43,10925.43,Delivered,2026-05-25,2026,5,May,1
O01103,2026-05-24,P015,C0745,WH-South,8,10925.43,87403.44,Delivered,2026-06-01,2026,5,May,1
O01104,2026-04-26,P061,C0351,WH-East,2,9046.33,18092.66,Delivered,2026-05-04,2026,4,April,1
O01105,2025-04-24,P016,C0551,WH-East,13,6037.0,78481.0,Cancelled,Unknown,2025,4,April,0
O01106,2025-12-27,P020,C0739,WH-West,5,2297.9,11489.5,Delivered,2026-01-06,2025,12,December,1
O01107,2025-12-07,P077,C0340,WH-West,4,12073.98,48295.92,Delivered,2025-12-09,2025,12,December,1
O01108,2026-03-25,P044,C0121,WH-West,5,3533.01,17665.05,Processing,2026-04-02,2026,3,March,0
O01109,2025-06-29,P042,C0065,WH-South,5,4932.36,24661.8,Cancelled,Unknown,2025,6,June,0
O01110,2026-02-11,P046,C0440,WH-South,15,2032.34,30485.1,Delivered,2026-02-21,2026,2,February,1
O01111,2025-07-15,P095,C0296,WH-East,10,5427.18,54271.8,Delivered,2025-07-21,2025,7,July,1
O01112,2026-04-11,P034,C0942,WH-East,8,7873.1,62984.8,Delivered,2026-04-18,2026,4,April,1
O01113,2025-11-07,P064,C0205,WH-West,10,9772.25,97722.5,Delivered,2025-11-10,2025,11,November,1
O01114,2025-09-19,P029,C0647,WH-North,7,7630.58,53414.06,Processing,2025-09-22,2025,9,September,0
O01115,2026-02-23,P003,C0557,WH-North,12,8874.43,106493.16,Delivered,2026-03-05,2026,2,February,1
O01116,2026-02-10,P009,C0278,WH-South,14,6820.58,95488.12,Delivered,2026-02-12,2026,2,February,1
O01117,2025-05-23,P075,C0135,WH-South,9,4757.22,42814.98,Processing,2025-05-29,2025,5,May,0
O01118,2025-12-08,P075,C0378,WH-South,12,4757.22,57086.64,Delivered,2025-12-16,2025,12,December,1
O01119,2025-11-12,P025,C0980,WH-East,11,2564.25,28206.75,Returned,2025-11-19,2025,11,November,0
O01120,2025-04-11,P086,C0052,WH-South,13,3132.13,40717.69,Returned,2025-04-18,2025,4,April,0
O01121,2025-09-01,P042,C0741,WH-South,15,4932.36,73985.4,Delivered,2025-09-08,2025,9,September,1
O01122,2026-05-05,P046,C0868,WH-South,1,2032.34,2032.34,Delivered,2026-05-14,2026,5,May,1
O01123,2025-01-12,P073,C0580,WH-North,6,5286.08,31716.48,Delivered,2025-01-20,2025,1,January,1
O01124,2025-08-27,P084,C0710,WH-North,6,9567.6,57405.6,Returned,2025-09-02,2025,8,August,0
O01125,2025-02-11,P059,C0067,WH-West,2,722.03,1444.06,Returned,2025-02-14,2025,2,February,0
O01126,2026-03-05,P021,C0003,WH-South,11,2945.59,32401.49,Delivered,2026-03-12,2026,3,March,1
O01127,2025-06-07,P074,C0570,WH-East,8,8610.83,68886.64,Delivered,2025-06-13,2025,6,June,1
O01128,2025-08-04,P022,C0888,WH-North,6,9065.34,54392.04,Delivered,2025-08-09,2025,8,August,1
O01129,2026-04-07,P029,C0451,WH-West,11,7630.58,83936.38,Delivered,2026-04-13,2026,4,April,1
O01130,2025-05-14,P063,C0510,WH-South,13,6119.08,79548.04,Delivered,2025-05-24,2025,5,May,1
O01131,2025-03-08,P073,C0768,WH-North,10,5286.08,52860.8,Delivered,2025-03-11,2025,3,March,1
O01132,2025-01-07,P061,C0868,WH-East,9,9046.33,81416.97,Delivered,2025-01-14,2025,1,January,1
O01133,2026-06-10,P064,C0438,WH-East,10,9772.25,97722.5,Delivered,2026-06-20,2026,6,June,1
O01134,2025-03-14,P069,C0777,WH-East,5,7876.01,39380.05,Processing,2025-03-20,2025,3,March,0
O01135,2026-02-03,P040,C0950,WH-East,7,7396.64,51776.48,Delivered,2026-02-10,2026,2,February,1
O01136,2026-02-09,P075,C0976,WH-South,6,4757.22,28543.32,Delivered,2026-02-14,2026,2,February,1
O01137,2025-05-10,P001,C0947,WH-West,11,2324.33,25567.63,Delivered,2025-05-16,2025,5,May,1
O01138,2026-04-11,P065,C0528,WH-West,15,6932.91,103993.65,Cancelled,Unknown,2026,4,April,0
O01139,2025-07-25,P062,C0780,WH-East,5,11436.7,57183.5,Delivered,2025-07-27,2025,7,July,1
O01140,2025-09-23,P054,C0102,WH-South,6,5559.97,33359.82,Delivered,2025-09-25,2025,9,September,1
O01141,2026-06-21,P060,C0916,WH-West,4,1239.87,4959.48,Delivered,2026-06-26,2026,6,June,1
O01142,2025-09-10,P046,C0437,WH-West,3,2032.34,6097.02,Delivered,2025-09-14,2025,9,September,1
O01143,2025-10-16,P005,C0799,WH-West,13,5461.2,70995.6,Delivered,2025-10-22,2025,10,October,1
O01144,2025-06-13,P022,C0734,WH-East,1,9065.34,9065.34,Delivered,2025-06-22,2025,6,June,1
O01145,2025-04-05,P090,C0021,WH-South,1,2450.87,2450.87,Delivered,2025-04-07,2025,4,April,1
O01146,2025-04-20,P053,C0387,WH-East,6,8550.49,51302.94,Delivered,2025-04-26,2025,4,April,1
O01147,2025-12-02,P070,C0533,WH-South,14,2886.35,40408.9,Delivered,2025-12-08,2025,12,December,1
O01148,2025-08-26,P032,C0092,WH-North,9,8387.44,75486.96,Delivered,2025-08-29,2025,8,August,1
O01149,2026-01-16,P011,C0796,WH-South,8,11449.02,91592.16,Delivered,2026-01-22,2026,1,January,1
O01150,2026-03-12,P010,C0133,WH-South,12,8992.72,107912.64,Delivered,2026-03-21,2026,3,March,1
O01151,2026-04-28,P039,C0839,WH-East,2,2741.34,5482.68,Delivered,2026-05-06,2026,4,April,1
O01152,2025-01-25,P098,C0505,WH-East,9,2843.84,25594.56,Delivered,2025-01-28,2025,1,January,1
O01153,2025-04-27,P031,C0453,WH-North,8,1882.62,15060.96,Delivered,2025-05-04,2025,4,April,1
O01154,2026-04-27,P012,C0841,WH-East,14,3219.93,45079.02,Delivered,2026-04-29,2026,4,April,1
O01155,2026-01-27,P080,C0687,WH-South,14,6733.38,94267.32,Delivered,2026-01-31,2026,1,January,1
O01156,2026-06-21,P038,C0725,WH-West,12,9847.32,118167.84,Processing,2026-06-28,2026,6,June,0
O01157,2025-03-20,P067,C0148,WH-East,9,3626.7,32640.3,Delivered,2025-03-30,2025,3,March,1
O01158,2025-06-22,P066,C0934,WH-West,4,9296.31,37185.24,Delivered,2025-06-24,2025,6,June,1
O01159,2025-01-12,P052,C0232,WH-West,9,2109.04,18981.36,Delivered,2025-01-19,2025,1,January,1
O01160,2025-05-08,P005,C0884,WH-West,2,5461.2,10922.4,Delivered,2025-05-11,2025,5,May,1
O01161,2025-04-02,P011,C0165,WH-East,13,11449.02,148837.26,Delivered,2025-04-12,2025,4,April,1
O01162,2026-06-27,P025,C0314,WH-South,1,2564.25,2564.25,Delivered,2026-06-30,2026,6,June,1
O01163,2026-06-16,P035,C0657,WH-West,13,10862.84,141216.92,Delivered,2026-06-20,2026,6,June,1
O01164,2026-03-23,P035,C0298,WH-North,9,10862.84,97765.56,Delivered,2026-03-26,2026,3,March,1
O01165,2026-01-25,P022,C0988,WH-East,10,9065.34,90653.4,Returned,2026-01-30,2026,1,January,0
O01166,2025-02-12,P037,C0223,WH-West,8,2141.55,17132.4,Delivered,2025-02-17,2025,2,February,1
O01167,2025-09-11,P086,C0353,WH-West,7,3132.13,21924.91,Processing,2025-09-13,2025,9,September,0
O01168,2025-05-10,P055,C0416,WH-East,14,1487.11,20819.54,Delivered,2025-05-19,2025,5,May,1
O01169,2025-03-01,P075,C0062,WH-South,13,4757.22,61843.86,Delivered,2025-03-07,2025,3,March,1
O01170,2026-04-12,P096,C0608,WH-North,8,6299.54,50396.32,Delivered,2026-04-21,2026,4,April,1
O01171,2025-10-14,P099,C0624,WH-West,12,1477.4,17728.8,Processing,2025-10-21,2025,10,October,0
O01172,2026-06-01,P095,C0376,WH-North,1,5427.18,5427.18,Delivered,2026-06-04,2026,6,June,1
O01173,2026-04-12,P072,C0599,WH-East,14,7933.68,111071.52,Delivered,2026-04-20,2026,4,April,1
O01174,2025-12-11,P064,C0405,WH-South,9,9772.25,87950.25,Delivered,2025-12-21,2025,12,December,1
O01175,2026-01-17,P020,C0985,WH-East,12,2297.9,27574.8,Returned,2026-01-25,2026,1,January,0
O01176,2025-09-10,P098,C0929,WH-South,10,2843.84,28438.4,Delivered,2025-09-16,2025,9,September,1
O01177,2025-02-25,P004,C0255,WH-West,11,5647.39,62121.29,Delivered,2025-03-02,2025,2,February,1
O01178,2026-04-08,P018,C0451,WH-West,9,6842.11,61578.99,Cancelled,Unknown,2026,4,April,0
O01179,2026-04-02,P051,C0390,WH-West,15,506.74,7601.1,Cancelled,Unknown,2026,4,April,0
O01180,2025-03-24,P068,C0625,WH-South,12,7862.75,94353.0,Delivered,2025-03-30,2025,3,March,1
O01181,2025-04-09,P020,C0766,WH-East,11,2297.9,25276.9,Processing,2025-04-17,2025,4,April,0
O01182,2025-05-29,P009,C0348,WH-West,9,6820.58,61385.22,Delivered,2025-06-02,2025,5,May,1
O01183,2025-11-25,P080,C0502,WH-South,13,6733.38,87533.94,Delivered,2025-12-05,2025,11,November,1
O01184,2025-06-05,P026,C0322,WH-West,14,8058.43,112818.02,Delivered,2025-06-10,2025,6,June,1
O01185,2025-07-09,P025,C0544,WH-East,6,2564.25,15385.5,Delivered,2025-07-14,2025,7,July,1
O01186,2026-05-09,P068,C0064,WH-North,4,7862.75,31451.0,Delivered,2026-05-18,2026,5,May,1
O01187,2025-09-20,P041,C0154,WH-North,13,10031.16,130405.08,Delivered,2025-09-27,2025,9,September,1
O01188,2025-03-21,P059,C0958,WH-East,2,722.03,1444.06,Delivered,2025-03-23,2025,3,March,1
O01189,2026-02-04,P045,C0517,WH-West,11,11503.77,126541.47,Delivered,2026-02-07,2026,2,February,1
O01190,2025-09-17,P041,C0395,WH-West,4,10031.16,40124.64,Returned,2025-09-27,2025,9,September,0
O01191,2025-04-11,P038,C0896,WH-North,7,9847.32,68931.24,Delivered,2025-04-18,2025,4,April,1
O01192,2025-12-25,P019,C0330,WH-North,1,6267.38,6267.38,Delivered,2026-01-02,2025,12,December,1
O01193,2026-01-15,P014,C0463,WH-North,14,8215.45,115016.3,Delivered,2026-01-25,2026,1,January,1
O01194,2025-08-09,P021,C0722,WH-North,9,2945.59,26510.31,Delivered,2025-08-13,2025,8,August,1
O01195,2026-02-24,P015,C0945,WH-South,3,10925.43,32776.29,Delivered,2026-03-02,2026,2,February,1
O01196,2025-05-04,P003,C0974,WH-East,13,8874.43,115367.59,Delivered,2025-05-10,2025,5,May,1
O01197,2026-02-26,P037,C0092,WH-West,13,2141.55,27840.15,Delivered,2026-03-06,2026,2,February,1
O01198,2025-08-19,P046,C0222,WH-West,4,2032.34,8129.36,Cancelled,Unknown,2025,8,August,0
O01199,2025-03-04,P016,C0190,WH-East,12,6037.0,72444.0,Delivered,2025-03-09,2025,3,March,1
O01200,2026-04-30,P014,C0572,WH-West,5,8215.45,41077.25,Delivered,2026-05-05,2026,4,April,1
O01201,2026-04-28,P009,C0205,WH-West,12,6820.58,81846.96,Delivered,2026-05-07,2026,4,April,1
O01202,2026-06-03,P007,C0212,WH-North,13,11389.37,148061.81,Delivered,2026-06-07,2026,6,June,1
O01203,2025-06-04,P014,C0770,WH-West,3,8215.45,24646.35,Delivered,2025-06-07,2025,6,June,1
O01204,2025-04-02,P006,C0089,WH-East,4,716.9,2867.6,Delivered,2025-04-12,2025,4,April,1
O01205,2026-06-10,P085,C0748,WH-East,5,1090.03,5450.15,Delivered,2026-06-15,2026,6,June,1
O01206,2026-03-31,P015,C0955,WH-East,12,10925.43,131105.16,Delivered,2026-04-10,2026,3,March,1
O01207,2026-05-25,P052,C0363,WH-West,1,2109.04,2109.04,Delivered,2026-06-01,2026,5,May,1
O01208,2025-07-02,P072,C0371,WH-South,14,7933.68,111071.52,Delivered,2025-07-04,2025,7,July,1
O01209,2026-01-21,P034,C0332,WH-North,9,7873.1,70857.9,Returned,2026-01-25,2026,1,January,0
O01210,2026-02-09,P001,C0921,WH-East,10,2324.33,23243.3,Delivered,2026-02-17,2026,2,February,1
O01211,2025-09-03,P096,C0708,WH-South,13,6299.54,81894.02,Delivered,2025-09-13,2025,9,September,1
O01212,2026-04-16,P069,C0426,WH-West,10,7876.01,78760.1,Delivered,2026-04-25,2026,4,April,1
O01213,2026-02-27,P094,C0844,WH-North,13,9560.46,124285.98,Delivered,2026-03-05,2026,2,February,1
O01214,2025-03-06,P086,C0455,WH-South,14,3132.13,43849.82,Delivered,2025-03-15,2025,3,March,1
O01215,2025-01-13,P020,C0695,WH-West,4,2297.9,9191.6,Cancelled,Unknown,2025,1,January,0
O01216,2025-08-01,P080,C0422,WH-West,13,6733.38,87533.94,Delivered,2025-08-05,2025,8,August,1
O01217,2025-08-30,P007,C1000,WH-South,9,11389.37,102504.33,Delivered,2025-09-08,2025,8,August,1
O01218,2026-05-08,P007,C0763,WH-South,4,11389.37,45557.48,Delivered,2026-05-18,2026,5,May,1
O01219,2025-08-01,P050,C0736,WH-East,14,1973.84,27633.76,Delivered,2025-08-10,2025,8,August,1
O01220,2025-12-04,P002,C0171,WH-North,1,9662.88,9662.88,Delivered,2025-12-09,2025,12,December,1
O01221,2025-06-22,P047,C0710,WH-North,12,9554.1,114649.2,Cancelled,Unknown,2025,6,June,0
O01222,2025-06-13,P014,C0249,WH-East,5,8215.45,41077.25,Delivered,2025-06-19,2025,6,June,1
O01223,2026-04-10,P031,C0181,WH-North,13,1882.62,24474.06,Delivered,2026-04-15,2026,4,April,1
O01224,2026-05-12,P050,C0475,WH-North,9,1973.84,17764.56,Delivered,2026-05-22,2026,5,May,1
O01225,2026-01-30,P061,C0483,WH-West,3,9046.33,27138.99,Delivered,2026-02-03,2026,1,January,1
O01226,2025-11-04,P041,C0384,WH-South,5,10031.16,50155.8,Delivered,2025-11-06,2025,11,November,1
O01227,2025-07-02,P014,C0789,WH-East,3,8215.45,24646.35,Delivered,2025-07-10,2025,7,July,1
O01228,2026-05-25,P005,C0404,WH-South,12,5461.2,65534.4,Returned,2026-06-03,2026,5,May,0
O01229,2026-06-30,P075,C0787,WH-North,3,4757.22,14271.66,Delivered,2026-07-04,2026,6,June,1
O01230,2025-08-15,P005,C0161,WH-North,1,5461.2,5461.2,Processing,2025-08-19,2025,8,August,0
O01231,2026-03-12,P064,C0248,WH-East,2,9772.25,19544.5,Delivered,2026-03-19,2026,3,March,1
O01232,2026-02-26,P029,C0319,WH-South,2,7630.58,15261.16,Delivered,2026-03-01,2026,2,February,1
O01233,2025-01-21,P075,C0964,WH-West,9,4757.22,42814.98,Delivered,2025-01-28,2025,1,January,1
O01234,2026-02-01,P005,C0700,WH-South,7,5461.2,38228.4,Delivered,2026-02-07,2026,2,February,1
O01235,2025-04-15,P096,C0531,WH-South,8,6299.54,50396.32,Delivered,2025-04-23,2025,4,April,1
O01236,2025-07-11,P036,C0756,WH-East,2,9014.91,18029.82,Delivered,2025-07-21,2025,7,July,1
O01237,2025-01-17,P079,C0113,WH-West,9,8889.27,80003.43,Delivered,2025-01-27,2025,1,January,1
O01238,2025-04-30,P019,C0924,WH-South,13,6267.38,81475.94,Delivered,2025-05-02,2025,4,April,1
O01239,2026-01-28,P064,C0790,WH-South,3,9772.25,29316.75,Returned,2026-02-05,2026,1,January,0
O01240,2026-03-01,P022,C0563,WH-North,10,9065.34,90653.4,Processing,2026-03-05,2026,3,March,0
O01241,2025-05-09,P034,C0344,WH-North,13,7873.1,102350.3,Delivered,2025-05-14,2025,5,May,1
O01242,2025-05-10,P056,C0123,WH-West,2,888.53,1777.06,Delivered,2025-05-13,2025,5,May,1
O01243,2025-01-29,P017,C0750,WH-South,12,8360.81,100329.72,Delivered,2025-01-31,2025,1,January,1
O01244,2025-04-07,P076,C0319,WH-South,1,2781.69,2781.69,Delivered,2025-04-11,2025,4,April,1
O01245,2025-01-10,P089,C0574,WH-North,9,5210.42,46893.78,Delivered,2025-01-20,2025,1,January,1
O01246,2025-08-30,P056,C0478,WH-West,8,888.53,7108.24,Delivered,2025-09-01,2025,8,August,1
O01247,2025-08-20,P017,C0413,WH-East,13,8360.81,108690.53,Delivered,2025-08-24,2025,8,August,1
O01248,2025-10-11,P074,C0586,WH-North,15,8610.83,129162.45,Delivered,2025-10-17,2025,10,October,1
O01249,2025-07-19,P092,C0245,WH-South,12,9918.59,119023.08,Delivered,2025-07-23,2025,7,July,1
O01250,2025-03-20,P082,C0544,WH-East,11,7665.58,84321.38,Delivered,2025-03-25,2025,3,March,1
O01251,2025-06-22,P018,C0457,WH-South,4,6842.11,27368.44,Cancelled,Unknown,2025,6,June,0
O01252,2026-04-12,P045,C0153,WH-South,7,11503.77,80526.39,Returned,2026-04-14,2026,4,April,0
O01253,2026-02-20,P096,C0656,WH-South,12,6299.54,75594.48,Delivered,2026-02-27,2026,2,February,1
O01254,2026-03-25,P078,C0015,WH-West,14,8749.35,122490.9,Delivered,2026-04-02,2026,3,March,1
O01255,2025-03-28,P056,C0443,WH-East,3,888.53,2665.59,Delivered,2025-04-05,2025,3,March,1
O01256,2025-04-11,P080,C0304,WH-South,3,6733.38,20200.14,Delivered,2025-04-18,2025,4,April,1
O01257,2025-01-08,P050,C0786,WH-West,4,1973.84,7895.36,Delivered,2025-01-16,2025,1,January,1
O01258,2025-07-19,P058,C0245,WH-East,2,3596.21,7192.42,Delivered,2025-07-23,2025,7,July,1
O01259,2026-05-20,P018,C0791,WH-North,14,6842.11,95789.54,Delivered,2026-05-26,2026,5,May,1
O01260,2025-03-28,P080,C0567,WH-West,10,6733.38,67333.8,Delivered,2025-04-05,2025,3,March,1
O01261,2025-02-12,P081,C0554,WH-East,4,8788.43,35153.72,Delivered,2025-02-18,2025,2,February,1
O01262,2026-01-20,P007,C0899,WH-South,10,11389.37,113893.7,Delivered,2026-01-23,2026,1,January,1
O01263,2026-03-11,P076,C0455,WH-South,3,2781.69,8345.07,Delivered,2026-03-18,2026,3,March,1
O01264,2026-02-12,P098,C0359,WH-West,8,2843.84,22750.72,Delivered,2026-02-20,2026,2,February,1
O01265,2026-04-28,P010,C0052,WH-North,11,8992.72,98919.92,Delivered,2026-05-01,2026,4,April,1
O01266,2025-01-17,P069,C0011,WH-West,2,7876.01,15752.02,Delivered,2025-01-26,2025,1,January,1
O01267,2025-05-28,P085,C0823,WH-North,11,1090.03,11990.33,Delivered,2025-06-03,2025,5,May,1
O01268,2025-10-04,P003,C0600,WH-North,9,8874.43,79869.87,Delivered,2025-10-13,2025,10,October,1
O01269,2025-08-20,P083,C0227,WH-West,3,1377.9,4133.7,Delivered,2025-08-24,2025,8,August,1
O01270,2026-01-01,P044,C0114,WH-West,4,3533.01,14132.04,Delivered,2026-01-04,2026,1,January,1
O01271,2025-08-16,P099,C0537,WH-West,13,1477.4,19206.2,Delivered,2025-08-24,2025,8,August,1
O01272,2026-03-12,P070,C0604,WH-East,10,2886.35,28863.5,Processing,2026-03-18,2026,3,March,0
O01273,2026-02-03,P014,C0972,WH-East,14,8215.45,115016.3,Delivered,2026-02-09,2026,2,February,1
O01274,2025-07-30,P004,C0087,WH-West,15,5647.39,84710.85,Processing,2025-08-08,2025,7,July,0
O01275,2026-01-26,P018,C0593,WH-East,10,6842.11,68421.1,Delivered,2026-02-05,2026,1,January,1
O01276,2026-05-14,P093,C0250,WH-East,15,11181.17,167717.55,Delivered,2026-05-23,2026,5,May,1
O01277,2026-06-24,P099,C0250,WH-North,15,1477.4,22161.0,Delivered,2026-06-27,2026,6,June,1
O01278,2026-05-06,P052,C0937,WH-South,3,2109.04,6327.12,Delivered,2026-05-14,2026,5,May,1
O01279,2026-03-18,P038,C0421,WH-South,3,9847.32,29541.96,Delivered,2026-03-24,2026,3,March,1
O01280,2025-09-18,P080,C0210,WH-East,8,6733.38,53867.04,Delivered,2025-09-26,2025,9,September,1
O01281,2025-12-16,P020,C0951,WH-North,8,2297.9,18383.2,Returned,2025-12-20,2025,12,December,0
O01282,2025-12-18,P088,C0521,WH-West,13,7327.81,95261.53,Processing,2025-12-23,2025,12,December,0
O01283,2026-06-04,P099,C0611,WH-North,13,1477.4,19206.2,Delivered,2026-06-12,2026,6,June,1
O01284,2025-11-16,P044,C0548,WH-North,6,3533.01,21198.06,Delivered,2025-11-19,2025,11,November,1
O01285,2025-05-18,P051,C0057,WH-South,4,506.74,2026.96,Delivered,2025-05-21,2025,5,May,1
O01286,2026-01-03,P019,C0063,WH-West,1,6267.38,6267.38,Delivered,2026-01-05,2026,1,January,1
O01287,2025-08-08,P068,C0338,WH-South,4,7862.75,31451.0,Processing,2025-08-10,2025,8,August,0
O01288,2025-12-03,P097,C0788,WH-East,8,7927.96,63423.68,Delivered,2025-12-05,2025,12,December,1
O01289,2025-08-11,P066,C0725,WH-South,6,9296.31,55777.86,Delivered,2025-08-18,2025,8,August,1
O01290,2025-12-26,P013,C0815,WH-North,2,359.86,719.72,Processing,2026-01-01,2025,12,December,0
O01291,2025-11-25,P062,C0532,WH-West,3,11436.7,34310.1,Delivered,2025-12-04,2025,11,November,1
O01292,2026-04-08,P061,C0759,WH-West,12,9046.33,108555.96,Returned,2026-04-14,2026,4,April,0
O01293,2026-01-17,P030,C0006,WH-West,7,6989.65,48927.55,Delivered,2026-01-19,2026,1,January,1
O01294,2025-06-18,P098,C0585,WH-South,11,2843.84,31282.24,Processing,2025-06-27,2025,6,June,0
O01295,2025-08-05,P030,C0619,WH-South,11,6989.65,76886.15,Delivered,2025-08-12,2025,8,August,1
O01296,2026-01-13,P051,C0605,WH-South,4,506.74,2026.96,Delivered,2026-01-22,2026,1,January,1
O01297,2025-04-29,P088,C0511,WH-East,4,7327.81,29311.24,Delivered,2025-05-02,2025,4,April,1
O01298,2025-07-09,P048,C0797,WH-South,15,8206.14,123092.1,Delivered,2025-07-18,2025,7,July,1
O01299,2026-01-05,P033,C0461,WH-East,15,7876.29,118144.35,Processing,2026-01-12,2026,1,January,0
O01300,2025-05-29,P074,C0356,WH-South,5,8610.83,43054.15,Delivered,2025-05-31,2025,5,May,1
O01301,2026-05-03,P082,Unknown,WH-East,8,7665.58,61324.64,Cancelled,Unknown,2026,5,May,0
O01302,2026-01-09,P019,C0367,WH-North,14,6267.38,87743.32,Delivered,2026-01-15,2026,1,January,1
O01303,2025-06-09,P071,C0889,WH-North,14,4401.72,61624.08,Delivered,2025-06-17,2025,6,June,1
O01304,2025-12-17,P057,C0561,WH-West,7,919.99,6439.93,Delivered,2025-12-22,2025,12,December,1
O01305,2025-10-15,P019,C0364,WH-North,9,6267.38,56406.42,Delivered,2025-10-21,2025,10,October,1
O01306,2025-10-15,P088,C0390,WH-West,15,7327.81,109917.15,Delivered,2025-10-19,2025,10,October,1
O01307,2025-08-14,P079,C0295,WH-East,5,8889.27,44446.35,Delivered,2025-08-17,2025,8,August,1
O01308,2026-06-07,P041,C0505,WH-West,1,10031.16,10031.16,Delivered,2026-06-10,2026,6,June,1
O01309,2026-06-06,P042,C0288,WH-North,4,4932.36,19729.44,Delivered,2026-06-12,2026,6,June,1
O01310,2025-09-30,P087,C0177,WH-East,6,6619.57,39717.42,Delivered,2025-10-05,2025,9,September,1
O01311,2026-02-06,P052,C0299,WH-West,6,2109.04,12654.24,Delivered,2026-02-09,2026,2,February,1
O01312,2025-07-02,P004,C0620,WH-East,9,5647.39,50826.51,Cancelled,Unknown,2025,7,July,0
O01313,2026-05-03,P004,C0284,WH-East,10,5647.39,56473.9,Delivered,2026-05-13,2026,5,May,1
O01314,2025-05-04,P005,C0813,WH-North,13,5461.2,70995.6,Delivered,2025-05-13,2025,5,May,1
O01315,2026-02-18,P041,C0577,WH-East,5,10031.16,50155.8,Delivered,2026-02-28,2026,2,February,1
O01316,2025-06-21,P087,C0818,WH-South,5,6619.57,33097.85,Delivered,2025-07-01,2025,6,June,1
O01317,2025-10-15,P061,C0054,WH-North,6,9046.33,54277.98,Delivered,2025-10-24,2025,10,October,1
O01318,2026-03-11,P075,C0819,WH-West,11,4757.22,52329.42,Delivered,2026-03-21,2026,3,March,1
O01319,2025-04-23,P055,C0811,WH-South,6,1487.11,8922.66,Delivered,2025-04-28,2025,4,April,1
O01320,2025-05-02,P075,C0320,WH-North,3,4757.22,14271.66,Delivered,2025-05-11,2025,5,May,1
O01321,2026-06-28,P013,C0479,WH-East,6,359.86,2159.16,Delivered,2026-07-01,2026,6,June,1
O01322,2025-08-10,P014,C0542,WH-West,8,8215.45,65723.6,Delivered,2025-08-20,2025,8,August,1
O01323,2025-02-08,P060,C0758,WH-East,12,1239.87,14878.44,Delivered,2025-02-18,2025,2,February,1
O01324,2026-05-12,P072,C0722,WH-East,6,7933.68,47602.08,Delivered,2026-05-16,2026,5,May,1
O01325,2025-08-21,P025,C0221,WH-West,12,2564.25,30771.0,Delivered,2025-08-28,2025,8,August,1
O01326,2026-06-14,P082,C0682,WH-West,11,7665.58,84321.38,Processing,2026-06-22,2026,6,June,0
O01327,2025-05-29,P044,C0934,WH-North,5,3533.01,17665.05,Delivered,2025-06-02,2025,5,May,1
O01328,2026-02-01,P082,C0343,WH-North,3,7665.58,22996.74,Delivered,2026-02-07,2026,2,February,1
O01329,2025-10-29,P010,C0214,WH-East,1,8992.72,8992.72,Delivered,2025-10-31,2025,10,October,1
O01330,2025-12-26,P071,C0322,WH-North,5,4401.72,22008.6,Processing,2025-12-30,2025,12,December,0
O01331,2025-08-26,P050,C0581,WH-South,6,1973.84,11843.04,Delivered,2025-09-04,2025,8,August,1
O01332,2025-08-24,P044,C0746,WH-West,14,3533.01,49462.14,Delivered,2025-08-28,2025,8,August,1
O01333,2025-07-22,P014,C0015,WH-East,6,8215.45,49292.7,Delivered,2025-07-31,2025,7,July,1
O01334,2025-09-13,P015,C0957,WH-South,14,10925.43,152956.02,Delivered,2025-09-23,2025,9,September,1
O01335,2025-08-23,P016,C0480,WH-South,6,6037.0,36222.0,Delivered,2025-08-30,2025,8,August,1
O01336,2025-12-11,P002,C0878,WH-West,3,9662.88,28988.64,Delivered,2025-12-19,2025,12,December,1
O01337,2026-06-18,P030,C0134,WH-North,15,6989.65,104844.75,Delivered,2026-06-25,2026,6,June,1
O01338,2026-04-11,P030,C0718,WH-South,4,6989.65,27958.6,Delivered,2026-04-20,2026,4,April,1
O01339,2026-06-25,P082,C0024,WH-East,15,7665.58,114983.7,Delivered,2026-07-03,2026,6,June,1
O01340,2025-08-01,P031,C0377,WH-South,3,1882.62,5647.86,Delivered,Unknown,2025,8,August,1
O01341,2026-04-08,P077,C0597,WH-West,2,12073.98,24147.96,Delivered,2026-04-12,2026,4,April,1
O01342,2026-03-12,P020,C0142,WH-North,8,2297.9,18383.2,Delivered,2026-03-16,2026,3,March,1
O01343,2025-10-10,P049,C0652,WH-North,7,3014.05,21098.35,Delivered,2025-10-14,2025,10,October,1
O01344,2026-04-08,P035,C0439,WH-East,11,10862.84,119491.24,Delivered,2026-04-13,2026,4,April,1
O01345,2026-02-11,P023,C0324,WH-East,8,2561.5,20492.0,Delivered,2026-02-13,2026,2,February,1
O01346,2025-03-29,P097,C0122,WH-East,13,7927.96,103063.48,Delivered,2025-04-01,2025,3,March,1
O01347,2025-02-13,P099,C0300,WH-East,6,1477.4,8864.4,Delivered,2025-02-19,2025,2,February,1
O01348,2026-04-06,P100,C0341,WH-East,11,6160.6,67766.6,Delivered,2026-04-13,2026,4,April,1
O01349,2025-10-05,P061,C0977,WH-South,15,9046.33,135694.95,Delivered,2025-10-15,2025,10,October,1
O01350,2026-02-25,P084,C0989,WH-South,12,9567.6,114811.2,Delivered,2026-02-28,2026,2,February,1
O01351,2025-12-19,P055,C0179,WH-West,15,1487.11,22306.65,Delivered,2025-12-29,2025,12,December,1
O01352,2026-05-30,P067,C0208,WH-North,14,3626.7,50773.8,Cancelled,Unknown,2026,5,May,0
O01353,2025-01-19,P008,C0978,WH-South,7,7685.98,53801.86,Delivered,2025-01-29,2025,1,January,1
O01354,2025-01-23,P040,C0166,WH-East,1,7396.64,7396.64,Delivered,2025-01-28,2025,1,January,1
O01355,2026-02-17,P059,C0041,WH-West,10,722.03,7220.3,Delivered,2026-02-25,2026,2,February,1
O01356,2025-01-30,P032,C0634,WH-East,5,8387.44,41937.2,Delivered,2025-02-01,2025,1,January,1
O01357,2025-04-18,P093,C0556,WH-North,4,11181.17,44724.68,Delivered,2025-04-27,2025,4,April,1
O01358,2026-01-02,P007,C0075,WH-East,10,11389.37,113893.7,Cancelled,Unknown,2026,1,January,0
O01359,2025-10-08,P002,C0480,WH-West,3,9662.88,28988.64,Delivered,2025-10-16,2025,10,October,1
O01360,2025-05-08,P085,C0348,WH-West,2,1090.03,2180.06,Delivered,2025-05-11,2025,5,May,1
O01361,2025-08-17,P006,C0272,WH-West,14,716.9,10036.6,Delivered,2025-08-27,2025,8,August,1
O01362,2025-04-21,P092,C0994,WH-North,14,9918.59,138860.26,Delivered,2025-04-30,2025,4,April,1
O01363,2025-05-16,P036,C0946,WH-South,9,9014.91,81134.19,Cancelled,Unknown,2025,5,May,0
O01364,2025-12-28,P032,C0990,WH-South,8,8387.44,67099.52,Delivered,2025-12-30,2025,12,December,1
O01365,2025-07-05,P045,C0166,WH-West,10,11503.77,115037.7,Delivered,2025-07-11,2025,7,July,1
O01366,2025-05-09,P042,C0762,WH-South,15,4932.36,73985.4,Delivered,2025-05-12,2025,5,May,1
O01367,2025-09-18,P053,C0086,WH-North,2,8550.49,17100.98,Delivered,2025-09-20,2025,9,September,1
O01368,2026-05-30,P009,C0901,WH-East,6,6820.58,40923.48,Delivered,2026-06-08,2026,5,May,1
O01369,2026-03-25,P075,C0649,WH-North,3,4757.22,14271.66,Delivered,2026-03-30,2026,3,March,1
O01370,2025-04-14,P087,C0845,WH-South,3,6619.57,19858.71,Delivered,2025-04-17,2025,4,April,1
O01371,2026-04-28,P075,C0551,WH-North,5,4757.22,23786.1,Delivered,2026-05-04,2026,4,April,1
O01372,2025-08-12,P049,C0599,WH-East,7,3014.05,21098.35,Delivered,2025-08-19,2025,8,August,1
O01373,2026-05-06,P002,C0155,WH-North,7,9662.88,67640.16,Delivered,2026-05-15,2026,5,May,1
O01374,2026-04-18,P067,C0672,WH-South,11,3626.7,39893.7,Delivered,2026-04-26,2026,4,April,1
O01375,2025-01-10,P011,C0576,WH-East,10,11449.02,114490.2,Delivered,2025-01-18,2025,1,January,1
O01376,2026-02-09,P050,C0223,WH-South,1,1973.84,1973.84,Delivered,2026-02-11,2026,2,February,1
O01377,2025-10-29,P035,C0417,WH-East,11,10862.84,119491.24,Delivered,2025-11-02,2025,10,October,1
O01378,2025-08-19,P015,C0362,WH-West,7,10925.43,76478.01,Delivered,2025-08-23,2025,8,August,1
O01379,2025-03-07,P075,C0346,WH-East,7,4757.22,33300.54,Delivered,2025-03-15,2025,3,March,1
O01380,2025-04-22,P031,C0146,WH-South,6,1882.62,11295.72,Cancelled,Unknown,2025,4,April,0
O01381,2025-01-13,P092,C0716,WH-West,6,9918.59,59511.54,Delivered,2025-01-21,2025,1,January,1
O01382,2026-01-28,P062,C0067,WH-West,13,11436.7,148677.1,Delivered,2026-02-07,2026,1,January,1
O01383,2026-05-15,P028,C0517,WH-South,13,1732.59,22523.67,Delivered,2026-05-17,2026,5,May,1
O01384,2025-08-22,P096,C0974,WH-South,2,6299.54,12599.08,Cancelled,Unknown,2025,8,August,0
O01385,2025-11-10,P025,C0059,WH-North,3,2564.25,7692.75,Delivered,2025-11-17,2025,11,November,1
O01386,2025-01-12,P084,C0588,WH-South,3,9567.6,28702.8,Delivered,2025-01-15,2025,1,January,1
O01387,2025-07-28,P092,C0772,WH-East,13,9918.59,128941.67,Delivered,2025-07-31,2025,7,July,1
O01388,2025-01-14,P025,C0760,WH-West,3,2564.25,7692.75,Cancelled,Unknown,2025,1,January,0
O01389,2026-02-22,P075,C0016,WH-North,2,4757.22,9514.44,Delivered,2026-03-02,2026,2,February,1
O01390,2026-03-13,P083,C0587,WH-North,9,1377.9,12401.1,Delivered,2026-03-18,2026,3,March,1
O01391,2026-01-12,P092,C0868,WH-North,6,9918.59,59511.54,Delivered,2026-01-19,2026,1,January,1
O01392,2025-01-20,P001,C0486,WH-West,2,2324.33,4648.66,Cancelled,Unknown,2025,1,January,0
O01393,2025-03-11,P059,C0889,WH-North,3,722.03,2166.09,Delivered,2025-03-16,2025,3,March,1
O01394,2025-07-30,P069,C0176,WH-West,10,7876.01,78760.1,Delivered,2025-08-04,2025,7,July,1
O01395,2025-04-11,P074,C0322,WH-West,6,8610.83,51664.98,Delivered,2025-04-16,2025,4,April,1
O01396,2025-05-12,P042,C0461,WH-North,4,4932.36,19729.44,Delivered,2025-05-14,2025,5,May,1
O01397,2026-01-16,P034,C0136,WH-West,7,7873.1,55111.7,Delivered,2026-01-21,2026,1,January,1
O01398,2025-05-12,P100,C0428,WH-North,6,6160.6,36963.6,Delivered,2025-05-17,2025,5,May,1
O01399,2025-01-20,P066,C0789,WH-South,15,9296.31,139444.65,Returned,2025-01-27,2025,1,January,0
O01400,2026-06-20,P018,C0794,WH-East,6,6842.11,41052.66,Delivered,2026-06-30,2026,6,June,1
O01401,2025-08-15,P077,C0998,WH-South,12,12073.98,144887.76,Cancelled,Unknown,2025,8,August,0
O01402,2025-06-03,P005,C0931,WH-East,3,5461.2,16383.6,Delivered,2025-06-10,2025,6,June,1
O01403,2026-04-14,P020,C0911,WH-West,11,2297.9,25276.9,Delivered,2026-04-22,2026,4,April,1
O01404,2026-02-09,P066,C0680,WH-West,8,9296.31,74370.48,Delivered,2026-02-17,2026,2,February,1
O01405,2025-07-21,P075,C0542,WH-North,9,4757.22,42814.98,Delivered,2025-07-23,2025,7,July,1
O01406,2025-02-07,P062,C0322,WH-South,6,11436.7,68620.2,Delivered,2025-02-16,2025,2,February,1
O01407,2025-07-07,P094,C0336,WH-South,2,9560.46,19120.92,Delivered,2025-07-09,2025,7,July,1
O01408,2025-02-26,P096,C0781,WH-West,1,6299.54,6299.54,Returned,2025-03-08,2025,2,February,0
O01409,2025-01-20,P032,C0513,WH-South,3,8387.44,25162.32,Delivered,2025-01-25,2025,1,January,1
O01410,2025-09-30,P058,C0171,WH-East,3,3596.21,10788.63,Delivered,2025-10-10,2025,9,September,1
O01411,2025-04-29,P050,C0924,WH-West,8,1973.84,15790.72,Delivered,2025-05-08,2025,4,April,1
O01412,2026-05-31,P038,C0129,WH-North,5,9847.32,49236.6,Delivered,2026-06-10,2026,5,May,1
O01413,2025-08-09,P055,C0680,WH-North,1,1487.11,1487.11,Delivered,2025-08-16,2025,8,August,1
O01414,2026-06-10,P028,C0418,WH-West,11,1732.59,19058.49,Delivered,2026-06-20,2026,6,June,1
O01415,2026-05-30,P074,C0397,WH-West,4,8610.83,34443.32,Delivered,2026-06-04,2026,5,May,1
O01416,2025-12-02,P086,C0061,WH-North,7,3132.13,21924.91,Delivered,2025-12-06,2025,12,December,1
O01417,2025-02-24,P081,C0117,WH-East,5,8788.43,43942.15,Cancelled,Unknown,2025,2,February,0
O01418,2026-05-15,P022,C0834,WH-South,10,9065.34,90653.4,Delivered,2026-05-24,2026,5,May,1
O01419,2026-06-20,P043,C0635,WH-West,15,7218.47,108277.05,Cancelled,Unknown,2026,6,June,0
O01420,2025-06-11,P083,C0772,WH-West,13,1377.9,17912.7,Delivered,2025-06-18,2025,6,June,1
O01421,2025-06-08,P081,C0473,WH-East,6,8788.43,52730.58,Delivered,2025-06-18,2025,6,June,1
O01422,2025-07-07,P088,C0738,WH-North,14,7327.81,102589.34,Delivered,2025-07-17,2025,7,July,1
O01423,2025-03-01,P036,C0397,WH-West,10,9014.91,90149.1,Delivered,2025-03-10,2025,3,March,1
O01424,2025-11-15,P096,C0804,WH-East,4,6299.54,25198.16,Delivered,2025-11-24,2025,11,November,1
O01425,2025-07-30,P052,C0864,WH-West,2,2109.04,4218.08,Delivered,2025-08-01,2025,7,July,1
O01426,2026-02-10,P036,C0957,WH-East,9,9014.91,81134.19,Delivered,2026-02-18,2026,2,February,1
O01427,2025-04-19,P028,C0698,WH-East,15,1732.59,25988.85,Delivered,2025-04-21,2025,4,April,1
O01428,2025-03-17,P078,C0597,WH-North,2,8749.35,17498.7,Delivered,2025-03-27,2025,3,March,1
O01429,2026-06-26,P058,C0218,WH-South,2,3596.21,7192.42,Delivered,2026-06-30,2026,6,June,1
O01430,2025-11-10,P036,C0655,WH-North,13,9014.91,117193.83,Delivered,2025-11-12,2025,11,November,1
O01431,2025-04-27,P070,C0477,WH-East,12,2886.35,34636.2,Delivered,2025-05-06,2025,4,April,1
O01432,2025-01-19,P009,C0602,WH-South,2,6820.58,13641.16,Delivered,2025-01-27,2025,1,January,1
O01433,2026-03-08,P021,C0853,WH-South,1,2945.59,2945.59,Delivered,2026-03-11,2026,3,March,1
O01434,2025-12-16,P064,C0268,WH-North,13,9772.25,127039.25,Delivered,2025-12-24,2025,12,December,1
O01435,2025-07-02,P076,C0076,WH-North,12,2781.69,33380.28,Delivered,2025-07-08,2025,7,July,1
O01436,2025-04-23,P061,C0069,WH-West,12,9046.33,108555.96,Delivered,2025-05-01,2025,4,April,1
O01437,2025-07-02,P094,C0445,WH-South,3,9560.46,28681.38,Delivered,2025-07-10,2025,7,July,1
O01438,2026-04-26,P095,C0298,WH-East,6,5427.18,32563.08,Delivered,2026-04-29,2026,4,April,1
O01439,2025-05-26,P040,C0474,WH-West,7,7396.64,51776.48,Delivered,2025-05-29,2025,5,May,1
O01440,2025-04-23,P056,C0160,WH-West,1,888.53,888.53,Delivered,2025-05-01,2025,4,April,1
O01441,2026-04-21,P004,C0898,WH-West,14,5647.39,79063.46,Delivered,2026-04-25,2026,4,April,1
O01442,2025-10-30,P031,C0008,WH-West,5,1882.62,9413.1,Delivered,2025-11-04,2025,10,October,1
O01443,2025-04-28,P027,C0731,WH-North,5,3927.78,19638.9,Delivered,2025-05-06,2025,4,April,1
O01444,2025-06-10,P058,C0485,WH-South,1,3596.21,3596.21,Returned,2025-06-13,2025,6,June,0
O01445,2026-02-05,P025,C0822,WH-West,4,2564.25,10257.0,Delivered,2026-02-08,2026,2,February,1
O01446,2025-07-17,P069,C0904,WH-South,10,7876.01,78760.1,Cancelled,Unknown,2025,7,July,0
O01447,2025-09-17,P070,C0088,WH-East,1,2886.35,2886.35,Delivered,2025-09-19,2025,9,September,1
O01448,2025-02-16,P005,C0141,WH-South,13,5461.2,70995.6,Delivered,2025-02-20,2025,2,February,1
O01449,2026-02-03,P091,C0541,WH-North,14,3806.53,53291.42,Delivered,2026-02-08,2026,2,February,1
O01450,2025-03-19,P008,C0525,WH-South,15,7685.98,115289.7,Delivered,2025-03-25,2025,3,March,1
O01451,2025-05-04,P009,C0826,WH-East,1,6820.58,6820.58,Delivered,2025-05-08,2025,5,May,1
O01452,2025-03-16,P015,C0575,WH-East,12,10925.43,131105.16,Delivered,2025-03-26,2025,3,March,1
O01453,2025-05-17,P100,C0343,WH-West,15,6160.6,92409.0,Delivered,2025-05-23,2025,5,May,1
O01454,2026-02-04,P007,C0687,WH-East,7,11389.37,79725.59,Delivered,2026-02-12,2026,2,February,1
O01455,2026-05-20,P096,C0975,WH-West,7,6299.54,44096.78,Delivered,2026-05-28,2026,5,May,1
O01456,2026-05-15,P072,C0216,WH-North,3,7933.68,23801.04,Delivered,2026-05-25,2026,5,May,1
O01457,2025-05-18,P015,C0506,WH-North,7,10925.43,76478.01,Delivered,2025-05-21,2025,5,May,1
O01458,2025-02-19,P037,C0747,WH-North,3,2141.55,6424.65,Delivered,2025-02-23,2025,2,February,1
O01459,2025-09-11,P083,C0599,WH-South,2,1377.9,2755.8,Cancelled,Unknown,2025,9,September,0
O01460,2026-03-02,P039,C0074,WH-East,10,2741.34,27413.4,Returned,2026-03-11,2026,3,March,0
O01461,2025-10-29,P006,C0806,WH-East,15,716.9,10753.5,Processing,2025-10-31,2025,10,October,0
O01462,2025-12-15,P083,C0581,WH-East,4,1377.9,5511.6,Delivered,2025-12-25,2025,12,December,1
O01463,2025-02-18,P057,C0069,WH-West,14,919.99,12879.86,Delivered,2025-02-24,2025,2,February,1
O01464,2025-03-15,P092,C0223,WH-West,10,9918.59,99185.9,Delivered,2025-03-20,2025,3,March,1
O01465,2025-09-18,P081,C0936,WH-North,3,8788.43,26365.29,Cancelled,Unknown,2025,9,September,0
O01466,2025-12-22,P019,C0897,WH-East,12,6267.38,75208.56,Returned,2026-01-01,2025,12,December,0
O01467,2025-09-17,P063,C0386,WH-South,7,6119.08,42833.56,Delivered,2025-09-21,2025,9,September,1
O01468,2025-10-22,P031,C0881,WH-South,12,1882.62,22591.44,Delivered,2025-10-27,2025,10,October,1
O01469,2025-11-09,P075,C0285,WH-North,12,4757.22,57086.64,Processing,2025-11-11,2025,11,November,0
O01470,2025-07-01,P079,C0122,WH-West,1,8889.27,8889.27,Delivered,2025-07-05,2025,7,July,1
O01471,2025-12-30,P010,C0775,WH-West,6,8992.72,53956.32,Delivered,2026-01-05,2025,12,December,1
O01472,2025-07-07,P087,C0733,WH-West,15,6619.57,99293.55,Returned,2025-07-16,2025,7,July,0
O01473,2026-06-27,P067,C0441,WH-North,14,3626.7,50773.8,Delivered,2026-06-29,2026,6,June,1
O01474,2026-02-12,P062,C0823,WH-North,2,11436.7,22873.4,Cancelled,Unknown,2026,2,February,0
O01475,2026-02-18,P003,C0457,WH-East,8,8874.43,70995.44,Delivered,2026-02-22,2026,2,February,1
O01476,2025-12-08,P018,C0164,WH-East,14,6842.11,95789.54,Delivered,2025-12-18,2025,12,December,1
O01477,2025-08-08,P025,C0263,WH-East,5,2564.25,12821.25,Delivered,2025-08-18,2025,8,August,1
O01478,2025-06-12,P020,C0092,WH-South,3,2297.9,6893.7,Delivered,2025-06-14,2025,6,June,1
O01479,2025-08-08,P058,C0778,WH-South,10,3596.21,35962.1,Delivered,2025-08-13,2025,8,August,1
O01480,2025-09-27,P093,C0336,WH-East,7,11181.17,78268.19,Processing,2025-10-06,2025,9,September,0
O01481,2026-02-04,P086,C0586,WH-South,14,3132.13,43849.82,Cancelled,Unknown,2026,2,February,0
O01482,2025-07-01,P050,C0935,WH-South,11,1973.84,21712.24,Delivered,2025-07-06,2025,7,July,1
O01483,2025-07-24,P079,C0314,WH-West,15,8889.27,133339.05,Delivered,2025-08-01,2025,7,July,1
O01484,2025-08-16,P010,C0602,WH-West,15,8992.72,134890.8,Delivered,2025-08-24,2025,8,August,1
O01485,2025-09-07,P021,C0866,WH-North,2,2945.59,5891.18,Delivered,2025-09-13,2025,9,September,1
O01486,2026-03-17,P029,C0994,WH-West,5,7630.58,38152.9,Delivered,2026-03-25,2026,3,March,1
O01487,2026-06-17,P096,C0808,WH-East,11,6299.54,69294.94,Delivered,2026-06-24,2026,6,June,1
O01488,2025-07-15,P010,C0910,WH-West,8,8992.72,71941.76,Delivered,2025-07-18,2025,7,July,1
O01489,2026-06-03,P013,C0466,WH-South,13,359.86,4678.18,Processing,2026-06-13,2026,6,June,0
O01490,2025-03-11,P047,C0641,WH-South,11,9554.1,105095.1,Delivered,2025-03-17,2025,3,March,1
O01491,2026-02-03,P023,C0401,WH-East,1,2561.5,2561.5,Delivered,2026-02-06,2026,2,February,1
O01492,2025-07-22,P050,C0561,WH-East,15,1973.84,29607.6,Delivered,2025-07-29,2025,7,July,1
O01493,2025-05-28,P087,C0598,WH-West,1,6619.57,6619.57,Delivered,2025-06-03,2025,5,May,1
O01494,2026-04-17,P095,C0485,WH-West,3,5427.18,16281.54,Returned,2026-04-20,2026,4,April,0
O01495,2025-07-18,P004,C0656,WH-West,3,5647.39,16942.17,Delivered,2025-07-26,2025,7,July,1
O01496,2026-03-02,P067,C0647,WH-North,13,3626.7,47147.1,Cancelled,Unknown,2026,3,March,0
O01497,2026-05-07,P085,C0911,WH-North,7,1090.03,7630.21,Delivered,2026-05-15,2026,5,May,1
O01498,2025-05-22,P053,C0627,WH-East,6,8550.49,51302.94,Delivered,2025-05-29,2025,5,May,1
O01499,2025-11-09,P002,C0277,WH-West,7,9662.88,67640.16,Delivered,2025-11-14,2025,11,November,1
O01500,2025-06-14,P068,C0066,WH-South,4,7862.75,31451.0,Returned,2025-06-19,2025,6,June,0
O01501,2025-11-10,P065,C0699,WH-North,11,6932.91,76262.01,Delivered,2025-11-17,2025,11,November,1
O01502,2025-01-21,P079,C0944,WH-East,2,8889.27,17778.54,Delivered,2025-01-31,2025,1,January,1
O01503,2025-03-23,P057,C0857,WH-North,2,919.99,1839.98,Delivered,2025-03-30,2025,3,March,1
O01504,2025-05-11,P097,C0201,WH-West,10,7927.96,79279.6,Delivered,2025-05-18,2025,5,May,1
O01505,2025-11-01,P070,C0468,WH-South,1,2886.35,2886.35,Delivered,2025-11-03,2025,11,November,1
O01506,2026-01-06,P007,C0434,WH-South,14,11389.37,159451.18,Returned,2026-01-12,2026,1,January,0
O01507,2026-01-19,P019,C0138,WH-East,13,6267.38,81475.94,Cancelled,Unknown,2026,1,January,0
O01508,2026-03-21,P044,C0052,WH-North,14,3533.01,49462.14,Delivered,2026-03-31,2026,3,March,1
O01509,2026-03-01,P063,C0725,WH-West,9,6119.08,55071.72,Delivered,2026-03-06,2026,3,March,1
O01510,2025-06-10,P065,C0452,WH-West,14,6932.91,97060.74,Delivered,2025-06-13,2025,6,June,1
O01511,2025-06-27,P039,C0158,WH-South,14,2741.34,38378.76,Delivered,2025-07-07,2025,6,June,1
O01512,2026-05-05,P083,C0802,WH-South,7,1377.9,9645.3,Delivered,2026-05-12,2026,5,May,1
O01513,2025-11-23,P026,C0862,WH-West,10,8058.43,80584.3,Delivered,2025-11-27,2025,11,November,1
O01514,2025-10-16,P044,C0206,WH-West,3,3533.01,10599.03,Delivered,2025-10-19,2025,10,October,1
O01515,2025-12-20,P012,C0342,WH-North,2,3219.93,6439.86,Delivered,2025-12-27,2025,12,December,1
O01516,2025-01-28,P022,C0833,WH-East,14,9065.34,126914.76,Delivered,2025-02-04,2025,1,January,1
O01517,2025-02-12,P077,C0316,WH-North,3,12073.98,36221.94,Delivered,2025-02-22,2025,2,February,1
O01518,2026-02-27,P092,C0136,WH-North,7,9918.59,69430.13,Delivered,2026-03-05,2026,2,February,1
O01519,2025-06-26,P014,C0075,WH-West,5,8215.45,41077.25,Delivered,2025-07-06,2025,6,June,1
O01520,2026-06-13,P086,C0449,WH-North,12,3132.13,37585.56,Delivered,2026-06-19,2026,6,June,1
O01521,2026-05-09,P030,C0069,WH-North,3,6989.65,20968.95,Delivered,2026-05-12,2026,5,May,1
O01522,2025-07-17,P044,C0953,WH-North,9,3533.01,31797.09,Delivered,2025-07-19,2025,7,July,1
O01523,2026-06-01,P084,C0813,WH-South,2,9567.6,19135.2,Delivered,2026-06-11,2026,6,June,1
O01524,2026-05-29,P091,C0561,WH-East,7,3806.53,26645.71,Delivered,2026-06-06,2026,5,May,1
O01525,2025-01-22,P038,C0202,WH-East,15,9847.32,147709.8,Delivered,2025-01-26,2025,1,January,1
O01526,2025-04-22,P059,C0574,WH-South,10,722.03,7220.3,Delivered,2025-04-29,2025,4,April,1
O01527,2025-02-26,P042,C0167,WH-West,6,4932.36,29594.16,Delivered,2025-03-03,2025,2,February,1
O01528,2025-03-07,P052,C0717,WH-West,6,2109.04,12654.24,Delivered,2025-03-17,2025,3,March,1
O01529,2025-04-08,P063,C0661,WH-East,14,6119.08,85667.12,Delivered,2025-04-11,2025,4,April,1
O01530,2025-05-24,P061,C0996,WH-East,7,9046.33,63324.31,Processing,2025-05-29,2025,5,May,0
O01531,2026-03-11,P034,C0121,WH-West,6,7873.1,47238.6,Processing,2026-03-13,2026,3,March,0
O01532,2025-03-27,P039,C0821,WH-North,2,2741.34,5482.68,Processing,2025-04-04,2025,3,March,0
O01533,2025-12-10,P041,C0941,WH-East,11,10031.16,110342.76,Delivered,2025-12-15,2025,12,December,1
O01534,2025-10-21,P037,C0097,WH-North,5,2141.55,10707.75,Delivered,2025-10-27,2025,10,October,1
O01535,2025-08-31,P065,C0377,WH-East,3,6932.91,20798.73,Delivered,2025-09-02,2025,8,August,1
O01536,2025-02-01,P079,C0491,WH-South,9,8889.27,80003.43,Delivered,2025-02-04,2025,2,February,1
O01537,2026-01-26,P032,C0924,WH-East,8,8387.44,67099.52,Delivered,2026-01-31,2026,1,January,1
O01538,2025-10-04,P008,C0053,WH-South,10,7685.98,76859.8,Delivered,2025-10-07,2025,10,October,1
O01539,2026-06-16,P097,C0009,WH-North,11,7927.96,87207.56,Delivered,2026-06-18,2026,6,June,1
O01540,2025-06-03,P018,C0331,WH-West,2,6842.11,13684.22,Delivered,2025-06-05,2025,6,June,1
O01541,2026-01-18,P045,C0251,WH-North,15,11503.77,172556.55,Delivered,2026-01-25,2026,1,January,1
O01542,2025-03-09,P093,C0360,WH-North,1,11181.17,11181.17,Delivered,2025-03-12,2025,3,March,1
O01543,2025-08-02,P096,C0349,WH-North,15,6299.54,94493.1,Delivered,2025-08-06,2025,8,August,1
O01544,2026-01-11,P033,C0124,WH-South,4,7876.29,31505.16,Processing,2026-01-17,2026,1,January,0
O01545,2025-08-01,P005,C0634,WH-East,4,5461.2,21844.8,Delivered,2025-08-05,2025,8,August,1
O01546,2025-03-20,P082,C0199,WH-West,12,7665.58,91986.96,Delivered,2025-03-27,2025,3,March,1
O01547,2026-01-16,P074,C0829,WH-North,10,8610.83,86108.3,Delivered,2026-01-24,2026,1,January,1
O01548,2025-02-27,P036,C0411,WH-North,11,9014.91,99164.01,Delivered,2025-03-06,2025,2,February,1
O01549,2025-01-26,P097,C0380,WH-North,2,7927.96,15855.92,Delivered,2025-01-29,2025,1,January,1
O01550,2026-03-23,P023,C0918,WH-South,7,2561.5,17930.5,Delivered,2026-04-02,2026,3,March,1
O01551,2025-03-07,P040,C0505,WH-South,13,7396.64,96156.32,Delivered,2025-03-10,2025,3,March,1
O01552,2025-09-11,P005,C0095,WH-South,15,5461.2,81918.0,Processing,2025-09-18,2025,9,September,0
O01553,2025-02-13,P034,C0030,WH-East,3,7873.1,23619.3,Delivered,2025-02-23,2025,2,February,1
O01554,2025-04-07,P024,C0092,WH-East,7,5645.0,39515.0,Delivered,2025-04-17,2025,4,April,1
O01555,2025-08-15,P017,C0596,WH-North,7,8360.81,58525.67,Delivered,2025-08-18,2025,8,August,1
O01556,2026-03-12,P095,C0015,WH-West,1,5427.18,5427.18,Delivered,2026-03-22,2026,3,March,1
O01557,2026-01-14,P071,C0655,WH-South,6,4401.72,26410.32,Delivered,2026-01-23,2026,1,January,1
O01558,2025-06-27,P081,C0821,WH-East,4,8788.43,35153.72,Delivered,2025-07-05,2025,6,June,1
O01559,2026-03-03,P092,C0460,WH-East,11,9918.59,109104.49,Delivered,2026-03-12,2026,3,March,1
O01560,2025-11-03,P022,C0721,WH-West,8,9065.34,72522.72,Delivered,2025-11-12,2025,11,November,1
O01561,2026-05-19,P015,C0023,WH-South,8,10925.43,87403.44,Delivered,2026-05-21,2026,5,May,1
O01562,2025-09-25,P015,C0326,WH-East,3,10925.43,32776.29,Delivered,2025-10-05,2025,9,September,1
O01563,2025-01-08,P025,C0877,WH-West,4,2564.25,10257.0,Delivered,2025-01-15,2025,1,January,1
O01564,2026-05-23,P053,C0656,WH-West,15,8550.49,128257.35,Delivered,2026-05-25,2026,5,May,1
O01565,2026-04-21,P021,C0987,WH-South,1,2945.59,2945.59,Delivered,2026-04-23,2026,4,April,1
O01566,2025-10-24,P066,C0087,WH-South,10,9296.31,92963.1,Delivered,2025-11-01,2025,10,October,1
O01567,2025-06-13,P091,C0193,WH-South,2,3806.53,7613.06,Delivered,2025-06-16,2025,6,June,1
O01568,2026-04-30,P032,C0685,WH-North,7,8387.44,58712.08,Delivered,2026-05-07,2026,4,April,1
O01569,2025-03-13,P021,C0263,WH-East,15,2945.59,44183.85,Delivered,2025-03-19,2025,3,March,1
O01570,2025-08-26,P068,C0429,WH-West,14,7862.75,110078.5,Delivered,2025-09-01,2025,8,August,1
O01571,2025-04-14,P044,C0807,WH-North,11,3533.01,38863.11,Delivered,2025-04-21,2025,4,April,1
O01572,2025-07-29,P083,C0360,WH-South,12,1377.9,16534.8,Delivered,2025-08-07,2025,7,July,1
O01573,2026-04-13,P066,C0562,WH-East,15,9296.31,139444.65,Delivered,2026-04-19,2026,4,April,1
O01574,2026-03-30,P090,C0433,WH-East,7,2450.87,17156.09,Returned,2026-04-08,2026,3,March,0
O01575,2025-09-25,P098,C0560,WH-North,13,2843.84,36969.92,Delivered,2025-10-01,2025,9,September,1
O01576,2026-01-21,P014,C0508,WH-West,9,8215.45,73939.05,Delivered,2026-01-28,2026,1,January,1
O01577,2026-01-22,P015,C0049,WH-North,10,10925.43,109254.3,Delivered,2026-01-31,2026,1,January,1
O01578,2025-09-16,P020,C0168,WH-East,9,2297.9,20681.1,Delivered,2025-09-19,2025,9,September,1
O01579,2025-10-10,P034,C0679,WH-West,9,7873.1,70857.9,Delivered,2025-10-18,2025,10,October,1
O01580,2025-02-09,P036,C0441,WH-North,6,9014.91,54089.46,Delivered,2025-02-13,2025,2,February,1
O01581,2026-05-01,P083,C0594,WH-North,8,1377.9,11023.2,Delivered,2026-05-11,2026,5,May,1
O01582,2025-08-08,P009,C0575,WH-South,9,6820.58,61385.22,Delivered,2025-08-16,2025,8,August,1
O01583,2025-05-09,P071,C0228,WH-East,12,4401.72,52820.64,Delivered,2025-05-13,2025,5,May,1
O01584,2026-06-04,P030,C0952,WH-South,14,6989.65,97855.1,Delivered,2026-06-13,2026,6,June,1
O01585,2025-09-17,P077,C0214,WH-South,7,12073.98,84517.86,Delivered,2025-09-20,2025,9,September,1
O01586,2026-01-01,P091,C0642,WH-West,4,3806.53,15226.12,Delivered,2026-01-10,2026,1,January,1
O01587,2026-06-28,P063,C0880,WH-West,14,6119.08,85667.12,Delivered,2026-07-06,2026,6,June,1
O01588,2026-06-08,P035,C0154,WH-East,4,10862.84,43451.36,Delivered,2026-06-14,2026,6,June,1
O01589,2025-01-16,P013,C0754,WH-West,6,359.86,2159.16,Delivered,2025-01-21,2025,1,January,1
O01590,2025-05-09,P079,C0608,WH-East,14,8889.27,124449.78,Delivered,2025-05-11,2025,5,May,1
O01591,2025-04-19,P046,C0407,WH-West,11,2032.34,22355.74,Delivered,2025-04-24,2025,4,April,1
O01592,2026-06-17,P056,C0889,WH-South,4,888.53,3554.12,Delivered,2026-06-24,2026,6,June,1
O01593,2025-09-26,P009,C0744,WH-East,11,6820.58,75026.38,Delivered,2025-10-03,2025,9,September,1
O01594,2025-06-11,P087,C0750,WH-South,7,6619.57,46336.99,Delivered,2025-06-14,2025,6,June,1
O01595,2025-09-17,P036,C0018,WH-West,8,9014.91,72119.28,Delivered,2025-09-27,2025,9,September,1
O01596,2025-04-12,P003,C0467,WH-South,8,8874.43,70995.44,Delivered,2025-04-14,2025,4,April,1
O01597,2026-05-21,P098,C0344,WH-West,14,2843.84,39813.76,Delivered,2026-05-26,2026,5,May,1
O01598,2025-09-04,P019,C0324,WH-North,8,6267.38,50139.04,Delivered,2025-09-09,2025,9,September,1
O01599,2026-06-21,P028,C0246,WH-South,2,1732.59,3465.18,Delivered,2026-06-24,2026,6,June,1
O01600,2025-05-11,P023,C0060,WH-East,14,2561.5,35861.0,Processing,2025-05-20,2025,5,May,0
O01601,2025-12-19,P007,C0494,WH-South,10,11389.37,113893.7,Returned,2025-12-22,2025,12,December,0
O01602,2025-07-15,P076,C0642,WH-South,2,2781.69,5563.38,Delivered,2025-07-18,2025,7,July,1
O01603,2026-01-17,P014,C0862,WH-East,2,8215.45,16430.9,Delivered,2026-01-20,2026,1,January,1
O01604,2025-08-15,P046,C0049,WH-East,2,2032.34,4064.68,Delivered,2025-08-17,2025,8,August,1
O01605,2026-04-21,P015,C0678,WH-North,4,10925.43,43701.72,Delivered,2026-04-27,2026,4,April,1
O01606,2026-04-22,P067,C0927,WH-West,5,3626.7,18133.5,Delivered,2026-04-27,2026,4,April,1
O01607,2025-09-22,P015,C0680,WH-West,4,10925.43,43701.72,Returned,2025-09-25,2025,9,September,0
O01608,2026-01-07,P051,C0253,WH-East,15,506.74,7601.1,Delivered,2026-01-09,2026,1,January,1
O01609,2026-05-01,P088,C0848,WH-South,5,7327.81,36639.05,Delivered,2026-05-03,2026,5,May,1
O01610,2026-03-10,P008,C0383,WH-West,4,7685.98,30743.92,Delivered,2026-03-13,2026,3,March,1
O01611,2025-07-30,P069,C0309,WH-East,7,7876.01,55132.07,Returned,2025-08-01,2025,7,July,0
O01612,2026-01-12,P062,C0576,WH-East,10,11436.7,114367.0,Delivered,2026-01-22,2026,1,January,1
O01613,2026-01-30,P051,C0545,WH-North,1,506.74,506.74,Delivered,2026-02-02,2026,1,January,1
O01614,2026-03-26,P063,C0058,WH-South,14,6119.08,85667.12,Cancelled,Unknown,2026,3,March,0
O01615,2025-12-30,P068,C0818,WH-North,13,7862.75,102215.75,Returned,2026-01-09,2025,12,December,0
O01616,2026-04-02,P078,C0064,WH-North,1,8749.35,8749.35,Cancelled,Unknown,2026,4,April,0
O01617,2025-08-14,P016,C0899,WH-South,2,6037.0,12074.0,Delivered,2025-08-23,2025,8,August,1
O01618,2025-05-11,P084,C0125,WH-East,13,9567.6,124378.8,Delivered,2025-05-19,2025,5,May,1
O01619,2026-04-21,P024,C0061,WH-South,1,5645.0,5645.0,Delivered,2026-04-28,2026,4,April,1
O01620,2025-10-04,P006,C0380,WH-North,12,716.9,8602.8,Delivered,2025-10-07,2025,10,October,1
O01621,2025-06-05,P057,C0978,WH-North,15,919.99,13799.85,Delivered,2025-06-10,2025,6,June,1
O01622,2025-08-06,P031,C0761,WH-South,10,1882.62,18826.2,Delivered,2025-08-16,2025,8,August,1
O01623,2025-07-09,P006,C0138,WH-North,12,716.9,8602.8,Processing,2025-07-17,2025,7,July,0
O01624,2026-02-21,P099,C0066,WH-East,12,1477.4,17728.8,Processing,2026-02-25,2026,2,February,0
O01625,2026-06-30,P079,C0179,WH-East,10,8889.27,88892.7,Delivered,2026-07-07,2026,6,June,1
O01626,2025-02-10,P029,C0990,WH-South,13,7630.58,99197.54,Delivered,2025-02-19,2025,2,February,1
O01627,2025-11-03,P067,C0798,WH-South,14,3626.7,50773.8,Delivered,2025-11-12,2025,11,November,1
O01628,2025-12-04,P075,C0793,WH-East,11,4757.22,52329.42,Processing,2025-12-13,2025,12,December,0
O01629,2025-11-10,P003,C0171,WH-West,3,8874.43,26623.29,Delivered,2025-11-19,2025,11,November,1
O01630,2025-03-16,P028,C0755,WH-West,6,1732.59,10395.54,Delivered,2025-03-23,2025,3,March,1
O01631,2025-10-06,P074,C0632,WH-West,10,8610.83,86108.3,Delivered,2025-10-10,2025,10,October,1
O01632,2025-06-25,P097,C0344,WH-South,11,7927.96,87207.56,Cancelled,Unknown,2025,6,June,0
O01633,2025-09-30,P048,C0704,WH-East,6,8206.14,49236.84,Delivered,2025-10-04,2025,9,September,1
O01634,2025-10-16,P080,C0187,WH-East,1,6733.38,6733.38,Delivered,2025-10-21,2025,10,October,1
O01635,2025-09-29,P010,C0958,WH-East,6,8992.72,53956.32,Returned,2025-10-01,2025,9,September,0
O01636,2025-03-07,P033,C0227,WH-East,5,7876.29,39381.45,Delivered,2025-03-10,2025,3,March,1
O01637,2026-04-28,P100,C0266,WH-South,7,6160.6,43124.2,Delivered,2026-05-05,2026,4,April,1
O01638,2025-09-05,P067,C0192,WH-East,6,3626.7,21760.2,Delivered,2025-09-07,2025,9,September,1
O01639,2025-06-05,P069,C0752,WH-East,12,7876.01,94512.12,Delivered,2025-06-15,2025,6,June,1
O01640,2025-02-16,P012,C0606,WH-North,12,3219.93,38639.16,Delivered,2025-02-25,2025,2,February,1
O01641,2026-03-30,P057,C0126,WH-North,7,919.99,6439.93,Delivered,2026-04-02,2026,3,March,1
O01642,2025-07-20,P044,C0956,WH-North,2,3533.01,7066.02,Delivered,2025-07-23,2025,7,July,1
O01643,2025-05-04,P013,C0474,WH-North,12,359.86,4318.32,Returned,2025-05-13,2025,5,May,0
O01644,2025-01-01,P024,C0099,WH-South,1,5645.0,5645.0,Delivered,2025-01-10,2025,1,January,1
O01645,2025-07-10,P044,C0344,WH-West,14,3533.01,49462.14,Delivered,2025-07-12,2025,7,July,1
O01646,2026-05-31,P057,C0243,WH-North,7,919.99,6439.93,Delivered,2026-06-06,2026,5,May,1
O01647,2026-03-18,P096,C0020,WH-North,9,6299.54,56695.86,Delivered,2026-03-21,2026,3,March,1
O01648,2025-05-23,P016,C0629,WH-North,2,6037.0,12074.0,Delivered,2025-05-25,2025,5,May,1
O01649,2025-07-10,P096,C0359,WH-South,12,6299.54,75594.48,Delivered,2025-07-14,2025,7,July,1
O01650,2026-06-17,P100,C0433,WH-West,7,6160.6,43124.2,Delivered,2026-06-21,2026,6,June,1
O01651,2025-08-15,P021,C1000,WH-East,3,2945.59,8836.77,Delivered,2025-08-25,2025,8,August,1
O01652,2025-11-09,P076,C0611,WH-North,6,2781.69,16690.14,Delivered,2025-11-11,2025,11,November,1
O01653,2025-10-29,P051,C0487,WH-West,3,506.74,1520.22,Delivered,2025-11-01,2025,10,October,1
O01654,2026-04-05,P021,C0891,WH-East,13,2945.59,38292.67,Delivered,2026-04-15,2026,4,April,1
O01655,2026-02-05,P060,C0330,WH-North,10,1239.87,12398.7,Delivered,2026-02-11,2026,2,February,1
O01656,2026-01-28,P051,C0667,WH-South,13,506.74,6587.62,Returned,2026-02-07,2026,1,January,0
O01657,2025-07-26,P021,C0307,WH-South,11,2945.59,32401.49,Processing,2025-08-02,2025,7,July,0
O01658,2025-07-29,P006,C0185,WH-South,11,716.9,7885.9,Delivered,2025-08-02,2025,7,July,1
O01659,2025-04-25,P073,C0335,WH-East,11,5286.08,58146.88,Delivered,2025-05-04,2025,4,April,1
O01660,2025-09-08,P065,C0506,WH-South,5,6932.91,34664.55,Delivered,2025-09-18,2025,9,September,1
O01661,2025-08-07,P076,C0463,WH-West,15,2781.69,41725.35,Delivered,2025-08-10,2025,8,August,1
O01662,2026-02-11,P058,C0933,WH-East,2,3596.21,7192.42,Delivered,2026-02-21,2026,2,February,1
O01663,2026-03-19,P078,C0995,WH-South,8,8749.35,69994.8,Delivered,2026-03-24,2026,3,March,1
O01664,2025-12-20,P006,C0003,WH-West,14,716.9,10036.6,Delivered,2025-12-29,2025,12,December,1
O01665,2025-05-22,P065,C0669,WH-West,8,6932.91,55463.28,Cancelled,Unknown,2025,5,May,0
O01666,2026-05-16,P086,C0964,WH-North,7,3132.13,21924.91,Delivered,2026-05-23,2026,5,May,1
O01667,2026-06-26,P034,C0175,WH-North,6,7873.1,47238.6,Delivered,2026-07-01,2026,6,June,1
O01668,2026-05-22,P056,C0848,WH-West,1,888.53,888.53,Delivered,2026-05-28,2026,5,May,1
O01669,2025-10-08,P075,C0581,WH-North,8,4757.22,38057.76,Delivered,2025-10-10,2025,10,October,1
O01670,2026-02-28,P003,C0533,WH-North,1,8874.43,8874.43,Delivered,2026-03-04,2026,2,February,1
O01671,2025-09-27,P042,C1000,WH-East,8,4932.36,39458.88,Delivered,2025-10-02,2025,9,September,1
O01672,2025-06-03,P062,C0298,WH-South,11,11436.7,125803.7,Delivered,2025-06-05,2025,6,June,1
O01673,2025-03-24,P006,C0118,WH-East,2,716.9,1433.8,Delivered,2025-03-28,2025,3,March,1
O01674,2026-03-02,P006,C0789,WH-East,8,716.9,5735.2,Delivered,2026-03-07,2026,3,March,1
O01675,2025-10-02,P063,C0642,WH-North,10,6119.08,61190.8,Delivered,2025-10-12,2025,10,October,1
O01676,2025-10-11,P020,C0206,WH-South,12,2297.9,27574.8,Delivered,2025-10-15,2025,10,October,1
O01677,2025-06-22,P021,C0709,WH-East,4,2945.59,11782.36,Delivered,2025-06-26,2025,6,June,1
O01678,2025-11-23,P002,C0135,WH-East,7,9662.88,67640.16,Delivered,2025-11-28,2025,11,November,1
O01679,2025-03-04,P090,C0203,WH-East,5,2450.87,12254.35,Delivered,2025-03-14,2025,3,March,1
O01680,2025-03-14,P095,C0035,WH-East,8,5427.18,43417.44,Delivered,2025-03-24,2025,3,March,1
O01681,2026-01-10,P090,C0030,WH-South,12,2450.87,29410.44,Processing,2026-01-12,2026,1,January,0
O01682,2026-05-23,P056,C0428,WH-North,15,888.53,13327.95,Delivered,2026-06-01,2026,5,May,1
O01683,2026-02-02,P096,C0942,WH-West,6,6299.54,37797.24,Delivered,2026-02-04,2026,2,February,1
O01684,2025-04-30,P010,C0823,WH-North,14,8992.72,125898.08,Delivered,2025-05-03,2025,4,April,1
O01685,2026-03-13,P087,C0257,WH-West,15,6619.57,99293.55,Delivered,2026-03-19,2026,3,March,1
O01686,2026-04-10,P070,C0381,WH-East,5,2886.35,14431.75,Cancelled,Unknown,2026,4,April,0
O01687,2025-10-13,P023,C0182,WH-West,1,2561.5,2561.5,Delivered,2025-10-16,2025,10,October,1
O01688,2025-09-22,P092,C0208,WH-South,3,9918.59,29755.77,Delivered,2025-09-28,2025,9,September,1
O01689,2025-11-16,P030,C0879,WH-South,10,6989.65,69896.5,Delivered,2025-11-20,2025,11,November,1
O01690,2026-01-11,P078,C0641,WH-East,9,8749.35,78744.15,Delivered,2026-01-19,2026,1,January,1
O01691,2025-03-30,P037,C0575,WH-South,15,2141.55,32123.25,Delivered,2025-04-01,2025,3,March,1
O01692,2025-07-22,P055,C0439,WH-East,14,1487.11,20819.54,Delivered,2025-07-28,2025,7,July,1
O01693,2025-11-30,P096,C0342,WH-West,9,6299.54,56695.86,Delivered,2025-12-04,2025,11,November,1
O01694,2025-08-10,P049,C0589,WH-North,5,3014.05,15070.25,Processing,2025-08-13,2025,8,August,0
O01695,2025-02-10,P034,C0378,WH-North,3,7873.1,23619.3,Delivered,2025-02-14,2025,2,February,1
O01696,2025-03-09,P044,C0411,WH-West,6,3533.01,21198.06,Delivered,2025-03-14,2025,3,March,1
O01697,2026-05-29,P022,C0527,WH-North,5,9065.34,45326.7,Cancelled,Unknown,2026,5,May,0
O01698,2025-05-07,P031,C0383,WH-East,15,1882.62,28239.3,Delivered,2025-05-10,2025,5,May,1
O01699,2025-09-12,P007,C0465,WH-West,1,11389.37,11389.37,Processing,2025-09-16,2025,9,September,0
O01700,2025-01-16,P021,C0393,WH-East,2,2945.59,5891.18,Returned,2025-01-19,2025,1,January,0
O01701,2026-04-22,P016,C0837,WH-North,12,6037.0,72444.0,Delivered,2026-04-29,2026,4,April,1
O01702,2025-03-03,P020,C0571,WH-East,5,2297.9,11489.5,Delivered,2025-03-06,2025,3,March,1
O01703,2026-03-08,P043,C0151,WH-South,14,7218.47,101058.58,Delivered,Unknown,2026,3,March,1
O01704,2025-09-25,P044,C0620,WH-North,9,3533.01,31797.09,Processing,2025-10-04,2025,9,September,0
O01705,2025-02-04,P047,C0369,WH-South,12,9554.1,114649.2,Delivered,2025-02-09,2025,2,February,1
O01706,2026-05-09,P019,C0107,WH-South,4,6267.38,25069.52,Delivered,2026-05-12,2026,5,May,1
O01707,2026-04-14,P048,C0139,WH-West,9,8206.14,73855.26,Returned,2026-04-19,2026,4,April,0
O01708,2025-11-21,P096,C0280,WH-West,3,6299.54,18898.62,Delivered,2025-11-24,2025,11,November,1
O01709,2025-10-31,P079,C0072,WH-East,1,8889.27,8889.27,Cancelled,Unknown,2025,10,October,0
O01710,2025-10-03,P069,C0623,WH-East,6,7876.01,47256.06,Delivered,2025-10-11,2025,10,October,1
O01711,2025-07-20,P011,C0505,WH-North,15,11449.02,171735.3,Cancelled,Unknown,2025,7,July,0
O01712,2026-03-21,P079,C0738,WH-East,10,8889.27,88892.7,Delivered,2026-03-24,2026,3,March,1
O01713,2025-11-20,P029,C0950,WH-East,14,7630.58,106828.12,Delivered,2025-11-25,2025,11,November,1
O01714,2025-02-04,P045,C0106,WH-West,7,11503.77,80526.39,Delivered,2025-02-13,2025,2,February,1
O01715,2026-04-27,P068,C0501,WH-West,4,7862.75,31451.0,Delivered,2026-05-05,2026,4,April,1
O01716,2026-04-25,P036,C0159,WH-South,10,9014.91,90149.1,Delivered,2026-05-03,2026,4,April,1
O01717,2025-03-06,P048,C0150,WH-East,5,8206.14,41030.7,Delivered,2025-03-11,2025,3,March,1
O01718,2025-01-08,P087,C0014,WH-West,4,6619.57,26478.28,Delivered,2025-01-10,2025,1,January,1
O01719,2025-10-28,P015,C0005,WH-North,3,10925.43,32776.29,Delivered,2025-11-05,2025,10,October,1
O01720,2025-12-09,P044,C0639,WH-East,1,3533.01,3533.01,Delivered,2025-12-16,2025,12,December,1
O01721,2026-03-07,P067,C0273,WH-North,13,3626.7,47147.1,Returned,2026-03-16,2026,3,March,0
O01722,2026-02-28,P096,C0338,WH-South,6,6299.54,37797.24,Delivered,2026-03-06,2026,2,February,1
O01723,2025-11-28,P074,C0211,WH-South,10,8610.83,86108.3,Delivered,2025-12-07,2025,11,November,1
O01724,2026-03-14,P040,C0327,WH-West,5,7396.64,36983.2,Delivered,2026-03-23,2026,3,March,1
O01725,2025-06-23,P086,C0858,WH-West,11,3132.13,34453.43,Delivered,2025-07-03,2025,6,June,1
O01726,2026-06-11,P014,C0729,WH-South,1,8215.45,8215.45,Delivered,2026-06-13,2026,6,June,1
O01727,2025-01-26,P063,C0466,WH-North,5,6119.08,30595.4,Delivered,2025-01-30,2025,1,January,1
O01728,2026-02-10,P081,C0940,WH-South,6,8788.43,52730.58,Delivered,2026-02-17,2026,2,February,1
O01729,2025-08-20,P085,C0079,WH-South,10,1090.03,10900.3,Delivered,2025-08-25,2025,8,August,1
O01730,2026-06-17,P051,C0605,WH-West,5,506.74,2533.7,Delivered,2026-06-26,2026,6,June,1
O01731,2026-05-20,P079,C0750,WH-East,1,8889.27,8889.27,Delivered,2026-05-22,2026,5,May,1
O01732,2025-06-28,P058,C0746,WH-West,14,3596.21,50346.94,Delivered,2025-07-04,2025,6,June,1
O01733,2025-05-12,P015,C0177,WH-West,5,10925.43,54627.15,Delivered,2025-05-17,2025,5,May,1
O01734,2026-03-31,P065,C0767,WH-North,10,6932.91,69329.1,Delivered,2026-04-02,2026,3,March,1
O01735,2025-12-14,P088,C0833,WH-South,1,7327.81,7327.81,Processing,2025-12-21,2025,12,December,0
O01736,2026-06-24,P055,C0132,WH-East,11,1487.11,16358.21,Processing,2026-06-28,2026,6,June,0
O01737,2026-02-10,P076,C0777,WH-East,3,2781.69,8345.07,Delivered,2026-02-16,2026,2,February,1
O01738,2025-03-17,P010,C0292,WH-West,12,8992.72,107912.64,Cancelled,Unknown,2025,3,March,0
O01739,2026-05-07,P042,C0691,WH-West,13,4932.36,64120.68,Delivered,2026-05-12,2026,5,May,1
O01740,2025-07-13,P095,C0378,WH-South,2,5427.18,10854.36,Delivered,2025-07-20,2025,7,July,1
O01741,2025-06-11,P011,C0416,WH-North,13,11449.02,148837.26,Delivered,2025-06-19,2025,6,June,1
O01742,2025-12-13,P016,C0344,WH-South,1,6037.0,6037.0,Returned,2025-12-16,2025,12,December,0
O01743,2025-12-27,P073,C0377,WH-East,4,5286.08,21144.32,Delivered,2026-01-04,2025,12,December,1
O01744,2025-03-28,P078,C0485,WH-North,2,8749.35,17498.7,Delivered,2025-04-05,2025,3,March,1
O01745,2025-09-19,P019,C0146,WH-West,5,6267.38,31336.9,Delivered,2025-09-22,2025,9,September,1
O01746,2025-08-02,P031,C0655,WH-West,10,1882.62,18826.2,Delivered,2025-08-06,2025,8,August,1
O01747,2025-09-19,P073,C0532,WH-East,1,5286.08,5286.08,Delivered,2025-09-23,2025,9,September,1
O01748,2025-10-10,P100,C0570,WH-South,12,6160.6,73927.2,Delivered,2025-10-12,2025,10,October,1
O01749,2026-04-12,P053,C0296,WH-North,10,8550.49,85504.9,Delivered,2026-04-14,2026,4,April,1
O01750,2026-01-15,P090,C0578,WH-South,1,2450.87,2450.87,Delivered,2026-01-22,2026,1,January,1
O01751,2025-12-28,P008,C0345,WH-South,11,7685.98,84545.78,Cancelled,Unknown,2025,12,December,0
O01752,2026-03-25,P024,C0397,WH-South,10,5645.0,56450.0,Returned,2026-04-04,2026,3,March,0
O01753,2026-03-17,P008,C0475,WH-West,4,7685.98,30743.92,Delivered,2026-03-19,2026,3,March,1
O01754,2025-04-03,P083,C0525,WH-East,7,1377.9,9645.3,Cancelled,Unknown,2025,4,April,0
O01755,2026-02-28,P048,C0574,WH-North,14,8206.14,114885.96,Processing,2026-03-07,2026,2,February,0
O01756,2025-05-22,P030,C0924,WH-North,14,6989.65,97855.1,Delivered,2025-05-27,2025,5,May,1
O01757,2025-10-18,P058,C0046,WH-East,2,3596.21,7192.42,Cancelled,Unknown,2025,10,October,0
O01758,2026-03-08,P086,C0911,WH-North,2,3132.13,6264.26,Delivered,2026-03-18,2026,3,March,1
O01759,2025-02-18,P055,C0605,WH-North,1,1487.11,1487.11,Delivered,2025-02-24,2025,2,February,1
O01760,2025-10-29,P073,C0981,WH-South,5,5286.08,26430.4,Delivered,2025-11-07,2025,10,October,1
O01761,2025-07-09,P062,C0428,WH-South,6,11436.7,68620.2,Delivered,2025-07-14,2025,7,July,1
O01762,2025-05-16,P048,C0223,WH-East,13,8206.14,106679.82,Delivered,2025-05-21,2025,5,May,1
O01763,2026-02-08,P004,C0023,WH-North,6,5647.39,33884.34,Delivered,2026-02-15,2026,2,February,1
O01764,2025-12-07,P037,C0869,WH-East,2,2141.55,4283.1,Delivered,2025-12-14,2025,12,December,1
O01765,2025-11-14,P008,C0067,WH-East,12,7685.98,92231.76,Returned,2025-11-18,2025,11,November,0
O01766,2025-12-29,P001,C0626,WH-East,12,2324.33,27891.96,Delivered,2026-01-01,2025,12,December,1
O01767,2026-01-17,P092,C0483,WH-East,7,9918.59,69430.13,Cancelled,Unknown,2026,1,January,0
O01768,2025-08-21,P070,C0206,WH-South,6,2886.35,17318.1,Delivered,2025-08-24,2025,8,August,1
O01769,2025-12-10,P047,C0578,WH-West,8,9554.1,76432.8,Delivered,2025-12-20,2025,12,December,1
O01770,2026-06-13,P100,C0562,WH-East,6,6160.6,36963.6,Delivered,2026-06-22,2026,6,June,1
O01771,2025-07-02,P075,C0653,WH-North,9,4757.22,42814.98,Delivered,2025-07-10,2025,7,July,1
O01772,2025-02-10,P005,C0258,WH-West,10,5461.2,54612.0,Delivered,2025-02-16,2025,2,February,1
O01773,2026-02-01,P050,C0972,WH-South,2,1973.84,3947.68,Delivered,2026-02-05,2026,2,February,1
O01774,2026-05-09,P024,C0987,WH-West,7,5645.0,39515.0,Delivered,2026-05-12,2026,5,May,1
O01775,2025-11-29,P047,C0546,WH-West,5,9554.1,47770.5,Delivered,2025-12-08,2025,11,November,1
O01776,2025-05-07,P018,C0808,WH-South,1,6842.11,6842.11,Returned,2025-05-10,2025,5,May,0
O01777,2025-01-01,P084,C0253,WH-East,3,9567.6,28702.8,Delivered,2025-01-10,2025,1,January,1
O01778,2025-06-17,P028,C0581,WH-West,4,1732.59,6930.36,Delivered,2025-06-23,2025,6,June,1
O01779,2025-01-19,P077,C0189,WH-South,12,12073.98,144887.76,Delivered,2025-01-29,2025,1,January,1
O01780,2025-11-28,P005,C0153,WH-South,2,5461.2,10922.4,Delivered,2025-12-03,2025,11,November,1
O01781,2026-04-01,P030,C0715,WH-West,7,6989.65,48927.55,Delivered,2026-04-10,2026,4,April,1
O01782,2025-04-19,P001,C0077,WH-South,1,2324.33,2324.33,Delivered,2025-04-27,2025,4,April,1
O01783,2025-09-25,P086,C0703,WH-West,3,3132.13,9396.39,Delivered,2025-10-04,2025,9,September,1
O01784,2026-03-21,P082,C0540,WH-West,12,7665.58,91986.96,Delivered,2026-03-27,2026,3,March,1
O01785,2025-08-28,P046,C0725,WH-South,9,2032.34,18291.06,Delivered,2025-08-31,2025,8,August,1
O01786,2025-10-28,P069,C0369,WH-South,11,7876.01,86636.11,Delivered,2025-11-05,2025,10,October,1
O01787,2025-04-13,P031,C0568,WH-South,14,1882.62,26356.68,Delivered,2025-04-17,2025,4,April,1
O01788,2025-09-07,P070,C0624,WH-West,2,2886.35,5772.7,Delivered,2025-09-10,2025,9,September,1
O01789,2026-03-29,P091,C0755,WH-North,5,3806.53,19032.65,Delivered,2026-04-02,2026,3,March,1
O01790,2026-06-04,P056,C0154,WH-South,4,888.53,3554.12,Delivered,2026-06-09,2026,6,June,1
O01791,2025-06-02,P089,C0155,WH-South,12,5210.42,62525.04,Delivered,2025-06-10,2025,6,June,1
O01792,2025-06-23,P093,C0794,WH-East,3,11181.17,33543.51,Delivered,2025-06-25,2025,6,June,1
O01793,2025-12-09,P028,C0271,WH-South,5,1732.59,8662.95,Delivered,2025-12-16,2025,12,December,1
O01794,2026-03-07,P016,C0562,WH-West,6,6037.0,36222.0,Delivered,2026-03-14,2026,3,March,1
O01795,2025-11-20,P054,C0509,WH-South,1,5559.97,5559.97,Cancelled,Unknown,2025,11,November,0
O01796,2026-02-24,P053,C0390,WH-East,2,8550.49,17100.98,Delivered,2026-02-27,2026,2,February,1
O01797,2026-04-30,P012,C0068,WH-North,1,3219.93,3219.93,Delivered,2026-05-03,2026,4,April,1
O01798,2026-02-16,P020,C0132,WH-North,3,2297.9,6893.7,Delivered,2026-02-18,2026,2,February,1
O01799,2025-03-25,P082,C0670,WH-South,8,7665.58,61324.64,Delivered,2025-03-29,2025,3,March,1
O01800,2025-04-23,P034,C0845,WH-North,8,7873.1,62984.8,Delivered,2025-05-01,2025,4,April,1
O01801,2025-11-28,P053,C0265,WH-West,4,8550.49,34201.96,Delivered,2025-12-07,2025,11,November,1
O01802,2026-01-13,P064,C0682,WH-North,6,9772.25,58633.5,Processing,2026-01-21,2026,1,January,0
O01803,2025-02-10,P023,C0782,WH-West,12,2561.5,30738.0,Delivered,2025-02-20,2025,2,February,1
O01804,2025-04-15,P027,C0220,WH-North,9,3927.78,35350.02,Delivered,2025-04-24,2025,4,April,1
O01805,2025-07-21,P017,C0552,WH-North,14,8360.81,117051.34,Processing,2025-07-30,2025,7,July,0
O01806,2026-03-26,P048,C0899,WH-West,7,8206.14,57442.98,Cancelled,Unknown,2026,3,March,0
O01807,2025-09-23,P021,C0937,WH-West,2,2945.59,5891.18,Delivered,2025-09-25,2025,9,September,1
O01808,2025-07-29,P050,C0989,WH-South,11,1973.84,21712.24,Delivered,2025-08-05,2025,7,July,1
O01809,2025-04-28,P040,C0289,WH-West,2,7396.64,14793.28,Delivered,2025-05-06,2025,4,April,1
O01810,2026-01-12,P095,C0079,WH-South,3,5427.18,16281.54,Delivered,2026-01-19,2026,1,January,1
O01811,2026-06-24,P003,C0751,WH-East,8,8874.43,70995.44,Delivered,2026-07-02,2026,6,June,1
O01812,2025-03-25,P017,C0572,WH-West,10,8360.81,83608.1,Returned,2025-04-03,2025,3,March,0
O01813,2026-03-30,P061,C0320,WH-South,15,9046.33,135694.95,Delivered,2026-04-02,2026,3,March,1
O01814,2026-05-29,P050,C0318,WH-South,9,1973.84,17764.56,Delivered,2026-05-31,2026,5,May,1
O01815,2026-01-22,P090,C0487,WH-North,13,2450.87,31861.31,Delivered,2026-01-31,2026,1,January,1
O01816,2025-12-16,P087,C0847,WH-West,14,6619.57,92673.98,Delivered,2025-12-25,2025,12,December,1
O01817,2025-10-23,P006,C0391,WH-North,3,716.9,2150.7,Delivered,2025-11-01,2025,10,October,1
O01818,2025-09-15,P028,C0749,WH-South,9,1732.59,15593.31,Delivered,2025-09-23,2025,9,September,1
O01819,2025-03-22,P072,C0588,WH-West,12,7933.68,95204.16,Delivered,2025-03-25,2025,3,March,1
O01820,2025-09-25,P055,C0818,WH-South,12,1487.11,17845.32,Delivered,2025-09-30,2025,9,September,1
O01821,2026-02-23,P058,C0039,WH-North,10,3596.21,35962.1,Delivered,2026-03-05,2026,2,February,1
O01822,2025-08-23,P045,C0199,WH-South,12,11503.77,138045.24,Delivered,2025-09-01,2025,8,August,1
O01823,2025-11-07,P072,C0943,WH-South,8,7933.68,63469.44,Delivered,2025-11-12,2025,11,November,1
O01824,2025-12-23,P019,C0105,WH-North,5,6267.38,31336.9,Delivered,2026-01-01,2025,12,December,1
O01825,2025-08-01,P029,C0582,WH-West,11,7630.58,83936.38,Processing,2025-08-08,2025,8,August,0
O01826,2025-02-18,P023,C0794,WH-North,10,2561.5,25615.0,Cancelled,Unknown,2025,2,February,0
O01827,2025-05-07,P032,C0507,WH-West,3,8387.44,25162.32,Delivered,2025-05-09,2025,5,May,1
O01828,2025-08-11,P010,C0570,WH-West,11,8992.72,98919.92,Delivered,2025-08-18,2025,8,August,1
O01829,2025-10-06,P091,C0329,WH-East,7,3806.53,26645.71,Delivered,2025-10-11,2025,10,October,1
O01830,2026-02-12,P049,C0691,WH-South,9,3014.05,27126.45,Delivered,2026-02-16,2026,2,February,1
O01831,2026-05-20,P065,C0984,WH-West,12,6932.91,83194.92,Delivered,2026-05-26,2026,5,May,1
O01832,2025-10-21,P029,C0308,WH-West,6,7630.58,45783.48,Delivered,2025-10-30,2025,10,October,1
O01833,2025-10-04,P059,C0222,WH-North,3,722.03,2166.09,Delivered,2025-10-11,2025,10,October,1
O01834,2026-03-14,P045,C0656,WH-West,5,11503.77,57518.85,Delivered,2026-03-16,2026,3,March,1
O01835,2025-04-17,P067,C0816,WH-West,7,3626.7,25386.9,Delivered,2025-04-24,2025,4,April,1
O01836,2026-02-24,P051,C0027,WH-North,8,506.74,4053.92,Delivered,2026-03-04,2026,2,February,1
O01837,2026-03-05,P095,C0673,WH-West,13,5427.18,70553.34,Delivered,2026-03-12,2026,3,March,1
O01838,2026-01-10,P011,C0151,WH-South,14,11449.02,160286.28,Delivered,2026-01-14,2026,1,January,1
O01839,2025-03-14,P086,C0173,WH-South,12,3132.13,37585.56,Delivered,2025-03-24,2025,3,March,1
O01840,2025-01-30,P082,C0723,WH-North,4,7665.58,30662.32,Delivered,2025-02-04,2025,1,January,1
O01841,2025-07-07,P099,C0868,WH-West,2,1477.4,2954.8,Delivered,2025-07-13,2025,7,July,1
O01842,2025-12-30,P006,C0979,WH-South,10,716.9,7169.0,Delivered,2026-01-05,2025,12,December,1
O01843,2026-03-27,P067,C0022,WH-East,2,3626.7,7253.4,Processing,2026-03-31,2026,3,March,0
O01844,2025-07-14,P062,C0810,WH-North,12,11436.7,137240.4,Delivered,2025-07-17,2025,7,July,1
O01845,2025-06-05,P005,C0877,WH-North,3,5461.2,16383.6,Processing,2025-06-14,2025,6,June,0
O01846,2025-06-21,P009,C0545,WH-South,8,6820.58,54564.64,Delivered,2025-06-29,2025,6,June,1
O01847,2025-02-10,P028,C0621,WH-North,1,1732.59,1732.59,Cancelled,Unknown,2025,2,February,0
O01848,2025-03-04,P083,C0394,WH-West,14,1377.9,19290.6,Delivered,2025-03-06,2025,3,March,1
O01849,2025-01-23,P092,C0047,WH-South,7,9918.59,69430.13,Delivered,2025-01-25,2025,1,January,1
O01850,2025-12-26,P091,C0608,WH-East,6,3806.53,22839.18,Delivered,2026-01-04,2025,12,December,1
O01851,2025-03-16,P077,C0125,WH-West,14,12073.98,169035.72,Delivered,2025-03-21,2025,3,March,1
O01852,2025-04-28,P038,C0335,WH-East,2,9847.32,19694.64,Delivered,2025-05-03,2025,4,April,1
O01853,2026-01-15,P043,C0295,WH-East,9,7218.47,64966.23,Delivered,2026-01-25,2026,1,January,1
O01854,2025-10-17,P021,C0890,WH-North,13,2945.59,38292.67,Delivered,2025-10-20,2025,10,October,1
O01855,2026-03-16,P091,C0814,WH-East,12,3806.53,45678.36,Delivered,2026-03-22,2026,3,March,1
O01856,2025-01-07,P062,C0840,WH-West,5,11436.7,57183.5,Cancelled,Unknown,2025,1,January,0
O01857,2025-07-15,P046,C0819,WH-South,2,2032.34,4064.68,Returned,2025-07-22,2025,7,July,0
O01858,2026-02-25,P070,C0537,WH-South,3,2886.35,8659.05,Delivered,2026-03-01,2026,2,February,1
O01859,2025-07-12,P038,C0594,WH-East,7,9847.32,68931.24,Delivered,2025-07-19,2025,7,July,1
O01860,2025-05-28,P049,C0911,WH-East,7,3014.05,21098.35,Delivered,2025-06-03,2025,5,May,1
O01861,2025-07-21,P075,C0570,WH-South,10,4757.22,47572.2,Delivered,2025-07-30,2025,7,July,1
O01862,2026-03-20,P081,C0955,WH-East,1,8788.43,8788.43,Delivered,2026-03-25,2026,3,March,1
O01863,2026-02-23,P039,C0538,WH-West,15,2741.34,41120.1,Cancelled,Unknown,2026,2,February,0
O01864,2026-03-03,P071,C0297,WH-East,10,4401.72,44017.2,Delivered,2026-03-10,2026,3,March,1
O01865,2026-04-24,P030,C0044,WH-East,14,6989.65,97855.1,Processing,2026-05-04,2026,4,April,0
O01866,2026-04-20,P021,C0597,WH-West,11,2945.59,32401.49,Delivered,2026-04-29,2026,4,April,1
O01867,2025-05-06,P001,C0022,WH-South,11,2324.33,25567.63,Delivered,2025-05-15,2025,5,May,1
O01868,2026-01-30,P089,C0878,WH-South,12,5210.42,62525.04,Delivered,2026-02-03,2026,1,January,1
O01869,2025-11-21,P032,C0226,WH-East,4,8387.44,33549.76,Delivered,2025-11-23,2025,11,November,1
O01870,2026-01-27,P008,C0549,WH-South,6,7685.98,46115.88,Delivered,2026-01-31,2026,1,January,1
O01871,2026-03-16,P069,C0374,WH-West,8,7876.01,63008.08,Returned,2026-03-20,2026,3,March,0
O01872,2025-07-23,P030,C0613,WH-East,3,6989.65,20968.95,Delivered,2025-07-30,2025,7,July,1
O01873,2026-05-01,P008,C0654,WH-East,14,7685.98,107603.72,Delivered,2026-05-05,2026,5,May,1
O01874,2025-01-31,P019,C0004,WH-East,3,6267.38,18802.14,Delivered,2025-02-03,2025,1,January,1
O01875,2026-01-23,P059,C0024,WH-North,8,722.03,5776.24,Delivered,2026-02-02,2026,1,January,1
O01876,2026-03-10,P055,C0962,WH-North,8,1487.11,11896.88,Delivered,2026-03-17,2026,3,March,1
O01877,2026-01-11,P030,C0703,WH-West,8,6989.65,55917.2,Cancelled,Unknown,2026,1,January,0
O01878,2025-12-10,P079,C0833,WH-East,1,8889.27,8889.27,Delivered,2025-12-14,2025,12,December,1
O01879,2026-03-19,P036,C0322,WH-West,8,9014.91,72119.28,Delivered,2026-03-27,2026,3,March,1
O01880,2025-03-16,P055,C0781,WH-North,8,1487.11,11896.88,Delivered,2025-03-24,2025,3,March,1
O01881,2025-06-04,P044,C0539,WH-East,2,3533.01,7066.02,Delivered,2025-06-09,2025,6,June,1
O01882,2026-03-06,P027,C0372,WH-North,12,3927.78,47133.36,Delivered,2026-03-09,2026,3,March,1
O01883,2025-12-29,P077,C0593,WH-East,9,12073.98,108665.82,Delivered,2026-01-01,2025,12,December,1
O01884,2026-03-24,P078,C0633,WH-West,7,8749.35,61245.45,Delivered,2026-04-02,2026,3,March,1
O01885,2025-08-22,P054,C0365,WH-West,8,5559.97,44479.76,Processing,2025-08-27,2025,8,August,0
O01886,2025-09-19,P048,C0913,WH-West,2,8206.14,16412.28,Delivered,2025-09-27,2025,9,September,1
O01887,2025-05-05,P030,C0069,WH-North,4,6989.65,27958.6,Cancelled,Unknown,2025,5,May,0
O01888,2025-09-02,P039,C0472,WH-West,7,2741.34,19189.38,Delivered,2025-09-12,2025,9,September,1
O01889,2026-06-26,P013,C0505,WH-South,6,359.86,2159.16,Delivered,2026-07-06,2026,6,June,1
O01890,2026-04-30,P016,C0313,WH-South,7,6037.0,42259.0,Delivered,2026-05-08,2026,4,April,1
O01891,2025-05-02,P044,C0072,WH-West,1,3533.01,3533.01,Cancelled,Unknown,2025,5,May,0
O01892,2025-05-05,P071,C0246,WH-West,8,4401.72,35213.76,Delivered,2025-05-07,2025,5,May,1
O01893,2025-06-19,P027,C0758,WH-North,13,3927.78,51061.14,Delivered,2025-06-28,2025,6,June,1
O01894,2025-05-04,P045,C0765,WH-East,7,11503.77,80526.39,Returned,2025-05-07,2025,5,May,0
O01895,2025-02-04,P035,C0876,WH-North,13,10862.84,141216.92,Delivered,2025-02-13,2025,2,February,1
O01896,2025-03-28,P079,C0073,WH-North,4,8889.27,35557.08,Delivered,2025-03-31,2025,3,March,1
O01897,2025-07-20,P028,C0786,WH-West,1,1732.59,1732.59,Delivered,2025-07-22,2025,7,July,1
O01898,2026-01-04,P099,C0528,WH-South,15,1477.4,22161.0,Delivered,2026-01-13,2026,1,January,1
O01899,2025-03-18,P007,C0691,WH-South,8,11389.37,91114.96,Delivered,2025-03-23,2025,3,March,1
O01900,2025-02-28,P062,C0864,WH-South,10,11436.7,114367.0,Delivered,2025-03-07,2025,2,February,1
O01901,2026-03-07,P051,C0040,WH-North,7,506.74,3547.18,Delivered,2026-03-09,2026,3,March,1
O01902,2026-05-15,P046,C0039,WH-South,8,2032.34,16258.72,Delivered,2026-05-25,2026,5,May,1
O01903,2025-04-19,P020,C0056,WH-South,10,2297.9,22979.0,Delivered,2025-04-27,2025,4,April,1
O01904,2025-10-05,P096,C0885,WH-West,1,6299.54,6299.54,Delivered,2025-10-11,2025,10,October,1
O01905,2025-03-09,P038,C0745,WH-South,5,9847.32,49236.6,Delivered,2025-03-16,2025,3,March,1
O01906,2025-03-10,P061,C0566,WH-East,9,9046.33,81416.97,Delivered,2025-03-14,2025,3,March,1
O01907,2025-06-14,P032,C0172,WH-West,5,8387.44,41937.2,Delivered,2025-06-24,2025,6,June,1
O01908,2026-05-04,P026,C0302,WH-East,13,8058.43,104759.59,Delivered,2026-05-07,2026,5,May,1
O01909,2025-11-01,P058,C0928,WH-North,14,3596.21,50346.94,Delivered,2025-11-03,2025,11,November,1
O01910,2025-12-31,P039,C0490,WH-South,14,2741.34,38378.76,Delivered,2026-01-02,2025,12,December,1
O01911,2026-01-14,P020,C0432,WH-North,10,2297.9,22979.0,Delivered,2026-01-17,2026,1,January,1
O01912,2025-12-09,P082,C0701,WH-North,12,7665.58,91986.96,Delivered,2025-12-16,2025,12,December,1
O01913,2025-12-20,P050,C0962,WH-South,3,1973.84,5921.52,Delivered,2025-12-27,2025,12,December,1
O01914,2026-02-20,P079,C0934,WH-West,9,8889.27,80003.43,Delivered,2026-03-02,2026,2,February,1
O01915,2025-04-19,P052,C0555,WH-North,13,2109.04,27417.52,Delivered,2025-04-24,2025,4,April,1
O01916,2026-05-12,P086,C0004,WH-South,9,3132.13,28189.17,Delivered,2026-05-21,2026,5,May,1
O01917,2025-12-07,P022,C0261,WH-South,4,9065.34,36261.36,Delivered,2025-12-12,2025,12,December,1
O01918,2026-01-18,P053,C0997,WH-East,4,8550.49,34201.96,Delivered,2026-01-22,2026,1,January,1
O01919,2026-06-17,P085,C0881,WH-North,11,1090.03,11990.33,Delivered,2026-06-22,2026,6,June,1
O01920,2025-10-27,P066,C0570,WH-North,8,9296.31,74370.48,Returned,2025-10-29,2025,10,October,0
O01921,2025-05-19,P043,C0549,WH-South,7,7218.47,50529.29,Delivered,2025-05-29,2025,5,May,1
O01922,2025-12-25,P082,C0410,WH-East,11,7665.58,84321.38,Delivered,2025-12-31,2025,12,December,1
O01923,2026-05-14,P023,C0747,WH-West,5,2561.5,12807.5,Delivered,2026-05-22,2026,5,May,1
O01924,2026-01-20,P077,C0265,WH-East,6,12073.98,72443.88,Delivered,2026-01-24,2026,1,January,1
O01925,2025-10-07,P064,C0015,WH-North,15,9772.25,146583.75,Cancelled,Unknown,2025,10,October,0
O01926,2026-04-28,P009,C0088,WH-East,3,6820.58,20461.74,Delivered,2026-05-03,2026,4,April,1
O01927,2025-04-21,P007,C0984,WH-North,14,11389.37,159451.18,Delivered,2025-04-29,2025,4,April,1
O01928,2025-05-19,P041,C0099,WH-West,15,10031.16,150467.4,Delivered,2025-05-25,2025,5,May,1
O01929,2026-03-11,P054,C0617,WH-North,6,5559.97,33359.82,Delivered,2026-03-14,2026,3,March,1
O01930,2026-05-24,P065,Unknown,WH-West,13,6932.91,90127.83,Returned,2026-05-28,2026,5,May,0
O01931,2025-09-30,P002,C0410,WH-West,8,9662.88,77303.04,Delivered,2025-10-09,2025,9,September,1
O01932,2025-04-09,P004,C0191,WH-West,10,5647.39,56473.9,Delivered,2025-04-13,2025,4,April,1
O01933,2025-04-14,P078,C0215,WH-East,14,8749.35,122490.9,Delivered,2025-04-22,2025,4,April,1
O01934,2025-08-02,P032,C0710,WH-West,13,8387.44,109036.72,Delivered,2025-08-08,2025,8,August,1
O01935,2025-06-14,P100,C0617,WH-South,11,6160.6,67766.6,Delivered,2025-06-22,2025,6,June,1
O01936,2026-06-04,P002,C0027,WH-North,9,9662.88,86965.92,Returned,2026-06-14,2026,6,June,0
O01937,2025-10-11,P064,C0182,WH-North,3,9772.25,29316.75,Delivered,2025-10-19,2025,10,October,1
O01938,2026-06-01,P014,C0595,WH-North,8,8215.45,65723.6,Cancelled,Unknown,2026,6,June,0
O01939,2025-06-13,P020,C0159,WH-North,12,2297.9,27574.8,Returned,2025-06-15,2025,6,June,0
O01940,2025-03-05,P089,C0230,WH-West,3,5210.42,15631.26,Delivered,2025-03-10,2025,3,March,1
O01941,2025-04-01,P049,C0235,WH-East,2,3014.05,6028.1,Delivered,2025-04-10,2025,4,April,1
O01942,2025-04-27,P008,C0800,WH-East,5,7685.98,38429.9,Delivered,2025-04-29,2025,4,April,1
O01943,2025-09-24,P092,C0386,WH-East,14,9918.59,138860.26,Delivered,2025-10-01,2025,9,September,1
O01944,2025-05-20,P063,C0530,WH-East,4,6119.08,24476.32,Delivered,2025-05-23,2025,5,May,1
O01945,2025-09-03,P046,C0284,WH-North,13,2032.34,26420.42,Delivered,2025-09-13,2025,9,September,1
O01946,2026-01-30,P021,C0071,WH-South,5,2945.59,14727.95,Delivered,2026-02-08,2026,1,January,1
O01947,2026-05-02,P087,C0504,WH-South,6,6619.57,39717.42,Delivered,2026-05-12,2026,5,May,1
O01948,2026-04-21,P032,C0215,WH-East,15,8387.44,125811.6,Delivered,2026-05-01,2026,4,April,1
O01949,2026-06-01,P008,C0117,WH-North,3,7685.98,23057.94,Delivered,2026-06-04,2026,6,June,1
O01950,2025-07-03,P095,C0100,WH-West,1,5427.18,5427.18,Delivered,2025-07-06,2025,7,July,1
O01951,2025-01-20,P016,C0600,WH-East,15,6037.0,90555.0,Delivered,2025-01-30,2025,1,January,1
O01952,2026-06-08,P040,C0860,WH-West,4,7396.64,29586.56,Delivered,2026-06-11,2026,6,June,1
O01953,2026-06-13,P027,C0665,WH-West,6,3927.78,23566.68,Delivered,2026-06-18,2026,6,June,1
O01954,2025-05-27,P018,C0295,WH-West,2,6842.11,13684.22,Delivered,2025-05-30,2025,5,May,1
O01955,2025-10-31,P035,C0177,WH-South,2,10862.84,21725.68,Processing,2025-11-02,2025,10,October,0
O01956,2025-08-16,P052,C0132,WH-East,1,2109.04,2109.04,Delivered,2025-08-24,2025,8,August,1
O01957,2025-04-12,P015,C0820,WH-North,9,10925.43,98328.87,Delivered,2025-04-18,2025,4,April,1
O01958,2026-02-21,P063,C0634,WH-North,3,6119.08,18357.24,Delivered,2026-02-25,2026,2,February,1
O01959,2025-08-04,P053,C0723,WH-North,2,8550.49,17100.98,Delivered,2025-08-13,2025,8,August,1
O01960,2026-02-11,P091,C0580,WH-East,4,3806.53,15226.12,Delivered,2026-02-17,2026,2,February,1
O01961,2026-02-03,P081,C0057,WH-South,6,8788.43,52730.58,Delivered,2026-02-05,2026,2,February,1
O01962,2026-05-14,P066,C0013,WH-West,1,9296.31,9296.31,Cancelled,Unknown,2026,5,May,0
O01963,2026-04-10,P031,C0193,WH-North,9,1882.62,16943.58,Returned,2026-04-16,2026,4,April,0
O01964,2025-03-23,P061,C0575,WH-South,9,9046.33,81416.97,Delivered,2025-03-27,2025,3,March,1
O01965,2025-12-31,P064,C0994,WH-West,8,9772.25,78178.0,Delivered,2026-01-07,2025,12,December,1
O01966,2025-06-12,P098,C0839,WH-West,6,2843.84,17063.04,Delivered,2025-06-21,2025,6,June,1
O01967,2025-02-17,P034,C0510,WH-South,4,7873.1,31492.4,Delivered,2025-02-20,2025,2,February,1
O01968,2026-05-26,P055,C0153,WH-East,2,1487.11,2974.22,Delivered,2026-05-30,2026,5,May,1
O01969,2025-11-25,P059,C0023,WH-East,8,722.03,5776.24,Delivered,2025-12-03,2025,11,November,1
O01970,2025-04-26,P003,C0030,WH-South,7,8874.43,62121.01,Cancelled,Unknown,2025,4,April,0
O01971,2025-12-03,P017,C0369,WH-West,12,8360.81,100329.72,Delivered,2025-12-09,2025,12,December,1
O01972,2025-05-27,P078,C0701,WH-North,14,8749.35,122490.9,Delivered,2025-06-06,2025,5,May,1
O01973,2025-11-19,P078,C0391,WH-North,4,8749.35,34997.4,Returned,2025-11-27,2025,11,November,0
O01974,2026-03-19,P046,C0310,WH-East,3,2032.34,6097.02,Cancelled,Unknown,2026,3,March,0
O01975,2025-01-13,P038,C0621,WH-North,15,9847.32,147709.8,Delivered,2025-01-16,2025,1,January,1
O01976,2026-05-09,P035,C0401,WH-West,6,10862.84,65177.04,Delivered,2026-05-19,2026,5,May,1
O01977,2025-10-14,P001,C0353,WH-South,15,2324.33,34864.95,Delivered,2025-10-24,2025,10,October,1
O01978,2025-04-24,P029,C0572,WH-West,15,7630.58,114458.7,Delivered,2025-05-04,2025,4,April,1
O01979,2026-04-25,P004,C0066,WH-North,1,5647.39,5647.39,Delivered,2026-04-29,2026,4,April,1
O01980,2025-01-22,P061,C0166,WH-West,2,9046.33,18092.66,Delivered,2025-01-24,2025,1,January,1
O01981,2025-12-15,P097,C0492,WH-East,7,7927.96,55495.72,Delivered,2025-12-25,2025,12,December,1
O01982,2025-11-16,P017,C0653,WH-South,11,8360.81,91968.91,Delivered,2025-11-24,2025,11,November,1
O01983,2025-05-06,P028,C0564,WH-South,3,1732.59,5197.77,Delivered,2025-05-09,2025,5,May,1
O01984,2025-10-04,P050,C0180,WH-North,14,1973.84,27633.76,Delivered,2025-10-11,2025,10,October,1
O01985,2025-07-23,P090,C0544,WH-North,13,2450.87,31861.31,Cancelled,Unknown,2025,7,July,0
O01986,2025-07-13,P008,C0726,WH-West,1,7685.98,7685.98,Delivered,2025-07-22,2025,7,July,1
O01987,2025-10-13,P034,C0777,WH-West,2,7873.1,15746.2,Delivered,2025-10-20,2025,10,October,1
O01988,2025-02-26,P059,C0017,WH-South,10,722.03,7220.3,Delivered,2025-03-05,2025,2,February,1
O01989,2025-10-30,P018,C0126,WH-East,10,6842.11,68421.1,Delivered,2025-11-08,2025,10,October,1
O01990,2025-06-12,P095,C0082,WH-East,14,5427.18,75980.52,Cancelled,Unknown,2025,6,June,0
O01991,2025-01-19,P059,C0040,WH-North,9,722.03,6498.27,Delivered,2025-01-28,2025,1,January,1
O01992,2026-01-05,P027,C0616,WH-East,7,3927.78,27494.46,Delivered,2026-01-07,2026,1,January,1
O01993,2025-09-21,P016,C0219,WH-South,7,6037.0,42259.0,Delivered,2025-09-24,2025,9,September,1
O01994,2025-04-23,P010,C0971,WH-East,14,8992.72,125898.08,Delivered,2025-04-30,2025,4,April,1
O01995,2026-05-03,P076,C0182,WH-South,10,2781.69,27816.9,Delivered,2026-05-12,2026,5,May,1
O01996,2025-11-23,P022,C0896,WH-North,8,9065.34,72522.72,Delivered,2025-11-28,2025,11,November,1
O01997,2026-06-26,P016,C0438,WH-West,15,6037.0,90555.0,Delivered,2026-07-01,2026,6,June,1
O01998,2025-03-06,P012,C0668,WH-East,12,3219.93,38639.16,Delivered,2025-03-09,2025,3,March,1
O01999,2025-10-19,P075,C0968,WH-South,12,4757.22,57086.64,Delivered,2025-10-21,2025,10,October,1
O02000,2025-01-25,P084,C0690,WH-North,8,9567.6,76540.8,Delivered,2025-02-04,2025,1,January,1
O02001,2025-01-01,P051,C0530,WH-South,9,506.74,4560.66,Delivered,2025-01-09,2025,1,January,1
O02002,2025-05-21,P001,C0653,WH-East,2,2324.33,4648.66,Delivered,2025-05-31,2025,5,May,1
O02003,2025-07-07,P027,C0161,WH-South,14,3927.78,54988.92,Delivered,2025-07-10,2025,7,July,1
O02004,2025-05-08,P067,C0911,WH-North,8,3626.7,29013.6,Delivered,2025-05-14,2025,5,May,1
O02005,2025-07-20,P012,C0726,WH-North,8,3219.93,25759.44,Delivered,2025-07-23,2025,7,July,1
O02006,2025-05-07,P030,C0934,WH-West,13,6989.65,90865.45,Delivered,2025-05-15,2025,5,May,1
O02007,2025-09-14,P009,C0734,WH-West,5,6820.58,34102.9,Delivered,2025-09-24,2025,9,September,1
O02008,2025-07-13,P053,C0774,WH-East,5,8550.49,42752.45,Delivered,2025-07-17,2025,7,July,1
O02009,2025-04-14,P061,C0557,WH-North,4,9046.33,36185.32,Delivered,2025-04-16,2025,4,April,1
O02010,2026-06-19,P054,C0187,WH-East,14,5559.97,77839.58,Delivered,2026-06-24,2026,6,June,1
O02011,2025-09-22,P037,C0354,WH-North,5,2141.55,10707.75,Delivered,2025-09-27,2025,9,September,1
O02012,2026-01-19,P065,C0375,WH-East,2,6932.91,13865.82,Delivered,2026-01-26,2026,1,January,1
O02013,2025-09-17,P042,C0467,WH-North,2,4932.36,9864.72,Delivered,2025-09-23,2025,9,September,1
O02014,2026-02-18,P049,C0241,WH-East,5,3014.05,15070.25,Delivered,2026-02-24,2026,2,February,1
O02015,2025-12-24,P004,C0737,WH-South,11,5647.39,62121.29,Delivered,2026-01-03,2025,12,December,1
O02016,2025-03-16,P064,C0334,WH-West,13,9772.25,127039.25,Delivered,2025-03-18,2025,3,March,1
O02017,2025-12-21,P079,C0048,WH-South,3,8889.27,26667.81,Delivered,2025-12-30,2025,12,December,1
O02018,2025-07-07,P051,C0111,WH-West,1,506.74,506.74,Delivered,2025-07-16,2025,7,July,1
O02019,2025-10-17,P091,C0937,WH-East,9,3806.53,34258.77,Delivered,2025-10-26,2025,10,October,1
O02020,2025-02-14,P072,C0595,WH-North,2,7933.68,15867.36,Returned,2025-02-18,2025,2,February,0
O02021,2025-03-24,P060,C0104,WH-North,14,1239.87,17358.18,Returned,2025-04-02,2025,3,March,0
O02022,2025-05-03,P087,C0463,WH-East,12,6619.57,79434.84,Delivered,2025-05-06,2025,5,May,1
O02023,2025-12-24,P079,C0074,WH-North,14,8889.27,124449.78,Returned,2026-01-02,2025,12,December,0
O02024,2026-06-12,P091,C0567,WH-East,10,3806.53,38065.3,Returned,2026-06-21,2026,6,June,0
O02025,2025-03-07,P031,C0317,WH-South,2,1882.62,3765.24,Processing,2025-03-11,2025,3,March,0
O02026,2026-01-10,P072,C0002,WH-East,14,7933.68,111071.52,Delivered,2026-01-15,2026,1,January,1
O02027,2025-06-11,P094,C0754,WH-North,4,9560.46,38241.84,Delivered,2025-06-21,2025,6,June,1
O02028,2026-01-15,P058,C0372,WH-North,2,3596.21,7192.42,Delivered,2026-01-25,2026,1,January,1
O02029,2025-12-24,P082,C0770,WH-East,7,7665.58,53659.06,Delivered,2026-01-03,2025,12,December,1
O02030,2025-07-07,P004,C0469,WH-East,15,5647.39,84710.85,Delivered,2025-07-14,2025,7,July,1
O02031,2025-11-18,P022,C0844,WH-East,12,9065.34,108784.08,Delivered,2025-11-20,2025,11,November,1
O02032,2026-03-26,P003,C0010,WH-East,10,8874.43,88744.3,Delivered,2026-04-04,2026,3,March,1
O02033,2026-04-19,P079,C0588,WH-West,15,8889.27,133339.05,Delivered,2026-04-29,2026,4,April,1
O02034,2025-01-13,P099,C0423,WH-West,1,1477.4,1477.4,Delivered,2025-01-22,2025,1,January,1
O02035,2025-07-03,P047,C0258,WH-South,11,9554.1,105095.1,Delivered,2025-07-05,2025,7,July,1
O02036,2025-04-21,P038,C0633,WH-West,2,9847.32,19694.64,Delivered,2025-04-28,2025,4,April,1
O02037,2026-05-23,P033,C0833,WH-North,11,7876.29,86639.19,Delivered,2026-06-02,2026,5,May,1
O02038,2025-10-17,P078,C0962,WH-West,5,8749.35,43746.75,Delivered,Unknown,2025,10,October,1
O02039,2025-10-22,P048,C0727,WH-West,15,8206.14,123092.1,Delivered,2025-10-30,2025,10,October,1
O02040,2026-03-27,P065,C0476,WH-North,2,6932.91,13865.82,Delivered,2026-04-04,2026,3,March,1
O02041,2025-08-03,P026,C0245,WH-West,9,8058.43,72525.87,Delivered,2025-08-08,2025,8,August,1
O02042,2025-01-27,P008,C0337,WH-East,4,7685.98,30743.92,Delivered,2025-02-04,2025,1,January,1
O02043,2025-08-19,P050,C0692,WH-West,9,1973.84,17764.56,Delivered,2025-08-25,2025,8,August,1
O02044,2025-11-17,P080,C0488,WH-West,11,6733.38,74067.18,Delivered,2025-11-23,2025,11,November,1
O02045,2025-08-21,P038,C0853,WH-West,12,9847.32,118167.84,Delivered,2025-08-23,2025,8,August,1
O02046,2026-03-13,P010,C0812,WH-East,1,8992.72,8992.72,Delivered,2026-03-16,2026,3,March,1
O02047,2026-06-17,P042,C0802,WH-East,1,4932.36,4932.36,Delivered,2026-06-27,2026,6,June,1
O02048,2026-02-07,P037,C0073,WH-South,1,2141.55,2141.55,Delivered,2026-02-10,2026,2,February,1
O02049,2025-02-22,P026,C0721,WH-South,14,8058.43,112818.02,Delivered,2025-02-25,2025,2,February,1
O02050,2025-11-09,P092,C0753,WH-East,4,9918.59,39674.36,Delivered,2025-11-19,2025,11,November,1
O02051,2025-10-08,P012,C0874,WH-North,9,3219.93,28979.37,Delivered,2025-10-12,2025,10,October,1
O02052,2025-01-31,P084,C0685,WH-South,8,9567.6,76540.8,Delivered,2025-02-03,2025,1,January,1
O02053,2025-12-03,P049,C0928,WH-West,7,3014.05,21098.35,Delivered,2025-12-11,2025,12,December,1
O02054,2025-07-02,P014,C0005,WH-West,15,8215.45,123231.75,Delivered,2025-07-12,2025,7,July,1
O02055,2025-01-23,P046,C0462,WH-West,1,2032.34,2032.34,Delivered,2025-01-30,2025,1,January,1
O02056,2026-06-28,P035,C0366,WH-North,3,10862.84,32588.52,Processing,2026-07-06,2026,6,June,0
O02057,2026-03-22,P029,C0495,WH-South,9,7630.58,68675.22,Delivered,2026-03-26,2026,3,March,1
O02058,2025-03-15,P012,C0217,WH-East,15,3219.93,48298.95,Delivered,2025-03-19,2025,3,March,1
O02059,2025-01-10,P082,C0214,WH-East,9,7665.58,68990.22,Delivered,2025-01-19,2025,1,January,1
O02060,2026-04-29,P044,C0959,WH-North,5,3533.01,17665.05,Delivered,2026-05-07,2026,4,April,1
O02061,2026-04-01,P066,C0325,WH-East,12,9296.31,111555.72,Delivered,2026-04-07,2026,4,April,1
O02062,2025-06-09,P002,C0310,WH-North,13,9662.88,125617.44,Delivered,2025-06-16,2025,6,June,1
O02063,2025-01-14,P059,C0038,WH-East,6,722.03,4332.18,Delivered,2025-01-24,2025,1,January,1
O02064,2025-06-27,P017,C0905,WH-East,11,8360.81,91968.91,Delivered,2025-07-01,2025,6,June,1
O02065,2026-02-16,P010,C0061,WH-North,13,8992.72,116905.36,Delivered,2026-02-20,2026,2,February,1
O02066,2025-02-22,P018,C0095,WH-East,6,6842.11,41052.66,Returned,2025-03-01,2025,2,February,0
O02067,2026-02-12,P022,C0233,WH-South,10,9065.34,90653.4,Delivered,2026-02-21,2026,2,February,1
O02068,2025-01-22,P083,C0789,WH-East,4,1377.9,5511.6,Delivered,2025-01-28,2025,1,January,1
O02069,2025-01-30,P058,C0548,WH-West,1,3596.21,3596.21,Delivered,2025-02-01,2025,1,January,1
O02070,2025-09-17,P053,C0513,WH-North,5,8550.49,42752.45,Delivered,2025-09-21,2025,9,September,1
O02071,2025-07-24,P001,C0150,WH-East,13,2324.33,30216.29,Delivered,2025-08-02,2025,7,July,1
O02072,2025-02-28,P088,C0471,WH-South,1,7327.81,7327.81,Delivered,2025-03-05,2025,2,February,1
O02073,2026-04-16,P061,C0215,WH-East,1,9046.33,9046.33,Delivered,2026-04-26,2026,4,April,1
O02074,2026-04-11,P100,C0399,WH-East,11,6160.6,67766.6,Delivered,2026-04-18,2026,4,April,1
O02075,2025-01-12,P089,C0558,WH-West,5,5210.42,26052.1,Delivered,2025-01-17,2025,1,January,1
O02076,2025-10-17,P100,C0577,WH-South,5,6160.6,30803.0,Delivered,2025-10-22,2025,10,October,1
O02077,2025-12-20,P031,C0006,WH-East,7,1882.62,13178.34,Delivered,2025-12-26,2025,12,December,1
O02078,2025-03-16,P031,C0936,WH-East,2,1882.62,3765.24,Delivered,2025-03-24,2025,3,March,1
O02079,2026-03-17,P066,C0931,WH-West,15,9296.31,139444.65,Delivered,2026-03-25,2026,3,March,1
O02080,2025-08-29,P019,C0081,WH-North,6,6267.38,37604.28,Delivered,2025-09-06,2025,8,August,1
O02081,2025-06-03,P053,C0189,WH-North,2,8550.49,17100.98,Delivered,2025-06-09,2025,6,June,1
O02082,2025-04-06,P076,C0663,WH-North,15,2781.69,41725.35,Delivered,2025-04-16,2025,4,April,1
O02083,2025-10-21,P074,C0660,WH-West,13,8610.83,111940.79,Delivered,2025-10-24,2025,10,October,1
O02084,2025-07-28,P095,C0028,WH-North,10,5427.18,54271.8,Delivered,2025-08-06,2025,7,July,1
O02085,2025-12-09,P022,C0677,WH-South,5,9065.34,45326.7,Delivered,2025-12-18,2025,12,December,1
O02086,2025-03-29,P023,C0978,WH-North,4,2561.5,10246.0,Delivered,2025-04-02,2025,3,March,1
O02087,2026-01-25,P087,C0135,WH-North,11,6619.57,72815.27,Delivered,2026-01-31,2026,1,January,1
O02088,2025-11-21,P015,C0766,WH-East,10,10925.43,109254.3,Delivered,2025-11-30,2025,11,November,1
O02089,2025-06-06,P026,C0305,WH-South,5,8058.43,40292.15,Delivered,2025-06-16,2025,6,June,1
O02090,2025-05-17,P003,C0495,WH-West,2,8874.43,17748.86,Delivered,2025-05-25,2025,5,May,1
O02091,2026-03-04,P087,C0724,WH-South,8,6619.57,52956.56,Delivered,2026-03-09,2026,3,March,1
O02092,2026-03-28,P020,C0280,WH-North,8,2297.9,18383.2,Delivered,2026-04-02,2026,3,March,1
O02093,2025-05-21,P040,C0080,WH-East,6,7396.64,44379.84,Delivered,2025-05-25,2025,5,May,1
O02094,2025-03-24,P039,C0781,WH-West,3,2741.34,8224.02,Delivered,2025-04-02,2025,3,March,1
O02095,2025-06-26,P072,C0860,WH-South,4,7933.68,31734.72,Delivered,2025-07-03,2025,6,June,1
O02096,2025-07-17,P018,C0391,WH-South,1,6842.11,6842.11,Delivered,2025-07-24,2025,7,July,1
O02097,2026-02-25,P041,C0015,WH-North,9,10031.16,90280.44,Delivered,2026-03-07,2026,2,February,1
O02098,2026-02-05,P070,C0599,WH-North,10,2886.35,28863.5,Delivered,2026-02-09,2026,2,February,1
O02099,2026-04-16,P027,C0919,WH-West,5,3927.78,19638.9,Delivered,2026-04-21,2026,4,April,1
O02100,2025-08-06,P100,C0892,WH-North,14,6160.6,86248.4,Delivered,2025-08-10,2025,8,August,1
O02101,2025-06-24,P015,C0223,WH-East,8,10925.43,87403.44,Delivered,2025-06-28,2025,6,June,1
O02102,2025-01-23,P037,C0837,WH-West,3,2141.55,6424.65,Delivered,2025-01-25,2025,1,January,1
O02103,2025-08-23,P058,C0603,WH-North,4,3596.21,14384.84,Delivered,2025-08-30,2025,8,August,1
O02104,2025-01-13,P005,C0828,WH-West,4,5461.2,21844.8,Delivered,2025-01-23,2025,1,January,1
O02105,2025-04-11,P073,C0266,WH-South,8,5286.08,42288.64,Delivered,2025-04-17,2025,4,April,1
O02106,2026-06-20,P007,C0819,WH-West,15,11389.37,170840.55,Delivered,2026-06-23,2026,6,June,1
O02107,2026-06-07,P041,C0320,WH-South,12,10031.16,120373.92,Delivered,2026-06-12,2026,6,June,1
O02108,2026-03-28,P084,C0106,WH-West,9,9567.6,86108.4,Delivered,2026-04-04,2026,3,March,1
O02109,2026-03-07,P010,C0253,WH-North,3,8992.72,26978.16,Delivered,2026-03-15,2026,3,March,1
O02110,2026-06-17,P062,C0199,WH-South,7,11436.7,80056.9,Delivered,2026-06-25,2026,6,June,1
O02111,2025-10-20,P026,C0056,WH-West,9,8058.43,72525.87,Delivered,2025-10-25,2025,10,October,1
O02112,2025-04-11,P068,C0928,WH-East,2,7862.75,15725.5,Delivered,2025-04-17,2025,4,April,1
O02113,2026-05-17,P024,C0407,WH-North,4,5645.0,22580.0,Delivered,2026-05-22,2026,5,May,1
O02114,2025-10-31,P078,C0438,WH-West,3,8749.35,26248.05,Delivered,2025-11-07,2025,10,October,1
O02115,2026-06-24,P041,C0751,WH-West,8,10031.16,80249.28,Delivered,2026-07-02,2026,6,June,1
O02116,2025-12-21,P065,C0457,WH-South,4,6932.91,27731.64,Delivered,2025-12-24,2025,12,December,1
O02117,2025-10-30,P017,C0477,WH-South,9,8360.81,75247.29,Delivered,2025-11-03,2025,10,October,1
O02118,2026-05-11,P024,C0347,WH-North,1,5645.0,5645.0,Returned,2026-05-20,2026,5,May,0
O02119,2025-08-15,P027,C0486,WH-South,1,3927.78,3927.78,Cancelled,Unknown,2025,8,August,0
O02120,2025-08-24,P007,C0853,WH-West,4,11389.37,45557.48,Delivered,2025-08-26,2025,8,August,1
O02121,2026-03-31,P073,C0363,WH-West,3,5286.08,15858.24,Processing,2026-04-05,2026,3,March,0
O02122,2025-01-13,P099,C0966,WH-South,3,1477.4,4432.2,Delivered,2025-01-19,2025,1,January,1
O02123,2025-07-29,P012,C0730,WH-North,10,3219.93,32199.3,Cancelled,Unknown,2025,7,July,0
O02124,2026-02-01,P085,C0212,WH-East,12,1090.03,13080.36,Delivered,2026-02-06,2026,2,February,1
O02125,2025-04-10,P003,C0701,WH-West,2,8874.43,17748.86,Delivered,2025-04-18,2025,4,April,1
O02126,2025-01-31,P079,C0847,WH-West,14,8889.27,124449.78,Delivered,2025-02-09,2025,1,January,1
O02127,2026-06-12,P085,C0877,WH-South,10,1090.03,10900.3,Delivered,2026-06-22,2026,6,June,1
O02128,2025-11-25,P010,C0614,WH-East,10,8992.72,89927.2,Delivered,2025-11-28,2025,11,November,1
O02129,2025-06-15,P033,C0916,WH-West,2,7876.29,15752.58,Delivered,2025-06-20,2025,6,June,1
O02130,2026-04-04,P046,C0437,WH-East,8,2032.34,16258.72,Returned,2026-04-06,2026,4,April,0
O02131,2025-04-10,P059,C0143,WH-East,1,722.03,722.03,Delivered,2025-04-14,2025,4,April,1
O02132,2025-06-22,P052,C0285,WH-West,14,2109.04,29526.56,Delivered,2025-07-01,2025,6,June,1
O02133,2025-06-11,P006,C0070,WH-East,15,716.9,10753.5,Delivered,2025-06-19,2025,6,June,1
O02134,2025-09-20,P002,C0848,WH-East,8,9662.88,77303.04,Delivered,2025-09-29,2025,9,September,1
O02135,2025-10-01,P029,C0577,WH-South,10,7630.58,76305.8,Delivered,2025-10-08,2025,10,October,1
O02136,2025-01-03,P040,C0958,WH-South,3,7396.64,22189.92,Delivered,2025-01-09,2025,1,January,1
O02137,2025-01-28,P097,C0710,WH-East,2,7927.96,15855.92,Returned,2025-02-07,2025,1,January,0
O02138,2025-11-22,P061,C0528,WH-North,9,9046.33,81416.97,Delivered,2025-11-28,2025,11,November,1
O02139,2025-05-29,P068,C0310,WH-East,5,7862.75,39313.75,Delivered,2025-06-08,2025,5,May,1
O02140,2026-06-24,P068,C0865,WH-West,15,7862.75,117941.25,Delivered,2026-06-29,2026,6,June,1
O02141,2026-05-03,P029,C0263,WH-North,14,7630.58,106828.12,Delivered,2026-05-09,2026,5,May,1
O02142,2026-03-14,P062,C0060,WH-South,5,11436.7,57183.5,Delivered,2026-03-16,2026,3,March,1
O02143,2025-03-06,P060,C0522,WH-North,13,1239.87,16118.31,Delivered,2025-03-13,2025,3,March,1
O02144,2025-12-22,P084,C0309,WH-South,6,9567.6,57405.6,Delivered,2025-12-26,2025,12,December,1
O02145,2026-06-17,P041,C0520,WH-North,4,10031.16,40124.64,Delivered,2026-06-20,2026,6,June,1
O02146,2025-09-09,P087,C0382,WH-East,7,6619.57,46336.99,Delivered,2025-09-16,2025,9,September,1
O02147,2025-08-23,P082,C0341,WH-South,7,7665.58,53659.06,Delivered,2025-08-25,2025,8,August,1
O02148,2025-08-15,P089,C0602,WH-West,11,5210.42,57314.62,Delivered,2025-08-25,2025,8,August,1
O02149,2026-06-09,P065,C0549,WH-North,9,6932.91,62396.19,Delivered,2026-06-15,2026,6,June,1
O02150,2025-11-09,P064,C0978,WH-East,6,9772.25,58633.5,Delivered,2025-11-17,2025,11,November,1
O02151,2025-02-18,P079,C0900,WH-North,13,8889.27,115560.51,Delivered,2025-02-28,2025,2,February,1
O02152,2025-04-28,P063,C0084,WH-North,1,6119.08,6119.08,Delivered,2025-05-08,2025,4,April,1
O02153,2025-02-23,P098,C0234,WH-West,9,2843.84,25594.56,Delivered,2025-03-03,2025,2,February,1
O02154,2025-02-13,P048,C0762,WH-North,12,8206.14,98473.68,Delivered,2025-02-18,2025,2,February,1
O02155,2025-02-22,P020,C0240,WH-West,13,2297.9,29872.7,Delivered,2025-02-27,2025,2,February,1
O02156,2026-06-09,P037,C0104,WH-South,10,2141.55,21415.5,Delivered,2026-06-17,2026,6,June,1
O02157,2025-04-12,P064,C0723,WH-West,9,9772.25,87950.25,Processing,2025-04-21,2025,4,April,0
O02158,2026-02-02,P091,C0225,WH-West,5,3806.53,19032.65,Delivered,2026-02-10,2026,2,February,1
O02159,2025-05-18,P086,C0279,WH-South,7,3132.13,21924.91,Delivered,2025-05-23,2025,5,May,1
O02160,2026-01-22,P005,C0393,WH-West,1,5461.2,5461.2,Delivered,2026-01-27,2026,1,January,1
O02161,2025-04-21,P034,C0678,WH-East,4,7873.1,31492.4,Delivered,2025-04-30,2025,4,April,1
O02162,2025-01-17,P039,C0813,WH-North,12,2741.34,32896.08,Delivered,2025-01-27,2025,1,January,1
O02163,2025-07-01,P067,C0429,WH-West,10,3626.7,36267.0,Delivered,2025-07-09,2025,7,July,1
O02164,2026-06-20,P081,C0402,WH-North,4,8788.43,35153.72,Delivered,2026-06-24,2026,6,June,1
O02165,2026-06-25,P062,C0046,WH-West,5,11436.7,57183.5,Delivered,2026-06-27,2026,6,June,1
O02166,2025-06-20,P088,C0514,WH-South,6,7327.81,43966.86,Delivered,2025-06-26,2025,6,June,1
O02167,2026-02-13,P024,C0176,WH-South,4,5645.0,22580.0,Delivered,2026-02-20,2026,2,February,1
O02168,2026-01-13,P003,C0785,WH-North,6,8874.43,53246.58,Processing,2026-01-23,2026,1,January,0
O02169,2025-07-07,P071,C0630,WH-North,10,4401.72,44017.2,Delivered,2025-07-13,2025,7,July,1
O02170,2025-08-18,P089,C0784,WH-North,7,5210.42,36472.94,Delivered,2025-08-20,2025,8,August,1
O02171,2025-04-29,P067,C0366,WH-South,3,3626.7,10880.1,Delivered,2025-05-04,2025,4,April,1
O02172,2025-06-05,P079,C0173,WH-North,9,8889.27,80003.43,Delivered,2025-06-08,2025,6,June,1
O02173,2026-04-10,P093,C0304,WH-West,8,11181.17,89449.36,Delivered,2026-04-15,2026,4,April,1
O02174,2025-04-14,P050,C0152,WH-West,1,1973.84,1973.84,Delivered,2025-04-22,2025,4,April,1
O02175,2026-05-17,P029,C0351,WH-North,13,7630.58,99197.54,Delivered,2026-05-27,2026,5,May,1
O02176,2025-06-24,P074,C0705,WH-South,2,8610.83,17221.66,Returned,2025-06-28,2025,6,June,0
O02177,2026-02-25,P032,C0092,WH-West,2,8387.44,16774.88,Delivered,2026-03-01,2026,2,February,1
O02178,2025-05-14,P087,C0161,WH-South,10,6619.57,66195.7,Delivered,2025-05-19,2025,5,May,1
O02179,2026-01-26,P039,C0106,WH-South,9,2741.34,24672.06,Delivered,2026-02-03,2026,1,January,1
O02180,2026-05-16,P009,C0741,WH-South,12,6820.58,81846.96,Delivered,2026-05-23,2026,5,May,1
O02181,2025-02-02,P014,C0103,WH-North,9,8215.45,73939.05,Delivered,2025-02-08,2025,2,February,1
O02182,2025-02-24,P068,C0132,WH-South,9,7862.75,70764.75,Delivered,2025-03-01,2025,2,February,1
O02183,2026-06-03,P064,C0769,WH-South,1,9772.25,9772.25,Delivered,2026-06-12,2026,6,June,1
O02184,2025-01-12,P020,C0289,WH-North,7,2297.9,16085.3,Delivered,2025-01-17,2025,1,January,1
O02185,2026-06-12,P028,C0458,WH-East,15,1732.59,25988.85,Delivered,2026-06-16,2026,6,June,1
O02186,2026-01-08,P014,C0958,WH-West,12,8215.45,98585.4,Returned,2026-01-16,2026,1,January,0
O02187,2026-04-29,P044,C0899,WH-North,11,3533.01,38863.11,Delivered,2026-05-02,2026,4,April,1
O02188,2025-08-16,P098,C0101,WH-West,13,2843.84,36969.92,Delivered,2025-08-21,2025,8,August,1
O02189,2025-11-03,P077,C0813,WH-North,3,12073.98,36221.94,Delivered,2025-11-12,2025,11,November,1
O02190,2026-04-02,P095,C0021,WH-North,11,5427.18,59698.98,Delivered,2026-04-07,2026,4,April,1
O02191,2025-06-09,P097,C0249,WH-North,9,7927.96,71351.64,Delivered,2025-06-17,2025,6,June,1
O02192,2025-11-27,P039,C0192,WH-West,8,2741.34,21930.72,Delivered,2025-11-30,2025,11,November,1
O02193,2025-08-13,P028,C0585,WH-North,3,1732.59,5197.77,Delivered,2025-08-19,2025,8,August,1
O02194,2026-05-19,P064,C0313,WH-North,1,9772.25,9772.25,Delivered,2026-05-24,2026,5,May,1
O02195,2026-04-01,P089,C0168,WH-North,9,5210.42,46893.78,Delivered,2026-04-11,2026,4,April,1
O02196,2025-02-14,P032,C0574,WH-West,13,8387.44,109036.72,Delivered,2025-02-22,2025,2,February,1
O02197,2025-08-02,P009,C0171,WH-East,10,6820.58,68205.8,Processing,2025-08-12,2025,8,August,0
O02198,2025-02-28,P028,C0633,WH-North,1,1732.59,1732.59,Cancelled,Unknown,2025,2,February,0
O02199,2025-07-14,P095,C0216,WH-North,15,5427.18,81407.7,Delivered,2025-07-17,2025,7,July,1
O02200,2026-05-04,P017,C0509,WH-North,3,8360.81,25082.43,Delivered,2026-05-07,2026,5,May,1
O02201,2025-06-06,P087,C0174,WH-North,13,6619.57,86054.41,Delivered,2025-06-09,2025,6,June,1
O02202,2025-08-14,P077,C0968,WH-North,6,12073.98,72443.88,Delivered,2025-08-20,2025,8,August,1
O02203,2026-02-16,P055,C0536,WH-East,6,1487.11,8922.66,Delivered,2026-02-18,2026,2,February,1
O02204,2025-07-24,P010,C0408,WH-South,14,8992.72,125898.08,Cancelled,Unknown,2025,7,July,0
O02205,2025-03-20,P080,C0501,WH-South,11,6733.38,74067.18,Processing,2025-03-23,2025,3,March,0
O02206,2025-05-04,P006,C0138,WH-North,10,716.9,7169.0,Delivered,2025-05-09,2025,5,May,1
O02207,2026-04-16,P048,C0099,WH-West,4,8206.14,32824.56,Delivered,2026-04-26,2026,4,April,1
O02208,2025-08-06,P075,C0836,WH-East,2,4757.22,9514.44,Delivered,2025-08-15,2025,8,August,1
O02209,2026-05-31,P067,C0057,WH-East,13,3626.7,47147.1,Delivered,2026-06-03,2026,5,May,1
O02210,2025-04-14,P092,C0247,WH-East,10,9918.59,99185.9,Delivered,2025-04-19,2025,4,April,1
O02211,2026-01-28,P041,C0684,WH-South,6,10031.16,60186.96,Delivered,2026-02-02,2026,1,January,1
O02212,2026-03-10,P079,C0713,WH-West,10,8889.27,88892.7,Delivered,2026-03-13,2026,3,March,1
O02213,2025-11-27,P060,C0843,WH-South,5,1239.87,6199.35,Processing,2025-11-30,2025,11,November,0
O02214,2025-05-23,P077,C0107,WH-East,13,12073.98,156961.74,Delivered,2025-05-29,2025,5,May,1
O02215,2026-06-24,P042,C0048,WH-South,6,4932.36,29594.16,Delivered,2026-06-29,2026,6,June,1
O02216,2025-10-05,P081,C0845,WH-South,7,8788.43,61519.01,Processing,2025-10-14,2025,10,October,0
O02217,2025-08-21,P071,C0923,WH-North,11,4401.72,48418.92,Delivered,2025-08-26,2025,8,August,1
O02218,2026-06-13,P028,C0286,WH-North,9,1732.59,15593.31,Delivered,2026-06-22,2026,6,June,1
O02219,2025-03-31,P013,C0046,WH-North,12,359.86,4318.32,Delivered,2025-04-06,2025,3,March,1
O02220,2026-05-07,P081,C0999,WH-East,12,8788.43,105461.16,Delivered,2026-05-09,2026,5,May,1
O02221,2025-07-18,P015,C0396,WH-North,14,10925.43,152956.02,Delivered,2025-07-28,2025,7,July,1
O02222,2025-12-28,P036,C0120,WH-East,7,9014.91,63104.37,Processing,2026-01-06,2025,12,December,0
O02223,2026-03-17,P092,C0060,WH-North,4,9918.59,39674.36,Delivered,2026-03-19,2026,3,March,1
O02224,2025-01-26,P015,C0147,WH-East,10,10925.43,109254.3,Delivered,2025-01-30,2025,1,January,1
O02225,2025-01-25,P075,C0616,WH-South,5,4757.22,23786.1,Delivered,2025-01-29,2025,1,January,1
O02226,2026-01-29,P056,C0580,WH-West,15,888.53,13327.95,Delivered,2026-02-04,2026,1,January,1
O02227,2026-05-22,P095,C0950,WH-East,13,5427.18,70553.34,Returned,2026-05-30,2026,5,May,0
O02228,2025-10-28,P004,C0497,WH-South,6,5647.39,33884.34,Delivered,2025-10-30,2025,10,October,1
O02229,2025-12-05,P099,C0674,WH-North,13,1477.4,19206.2,Cancelled,Unknown,2025,12,December,0
O02230,2025-09-24,P098,C0727,WH-South,9,2843.84,25594.56,Processing,2025-10-01,2025,9,September,0
O02231,2026-04-06,P052,C0118,WH-South,5,2109.04,10545.2,Delivered,2026-04-12,2026,4,April,1
O02232,2026-04-01,P091,C0237,WH-West,5,3806.53,19032.65,Delivered,2026-04-05,2026,4,April,1
O02233,2025-12-26,P010,C0218,WH-North,7,8992.72,62949.04,Delivered,2025-12-30,2025,12,December,1
O02234,2025-03-09,P094,C0124,WH-East,2,9560.46,19120.92,Delivered,2025-03-14,2025,3,March,1
O02235,2026-02-16,P045,C0629,WH-East,3,11503.77,34511.31,Delivered,2026-02-19,2026,2,February,1
O02236,2026-05-06,P084,C0263,WH-East,12,9567.6,114811.2,Delivered,2026-05-16,2026,5,May,1
O02237,2025-02-18,P029,C0850,WH-North,2,7630.58,15261.16,Delivered,2025-02-23,2025,2,February,1
O02238,2025-04-12,P053,C0170,WH-East,10,8550.49,85504.9,Delivered,2025-04-16,2025,4,April,1
O02239,2025-08-04,P029,C0708,WH-West,10,7630.58,76305.8,Delivered,2025-08-12,2025,8,August,1
O02240,2026-03-14,P023,C0821,WH-South,12,2561.5,30738.0,Delivered,2026-03-24,2026,3,March,1
O02241,2025-06-08,P057,C0392,WH-North,14,919.99,12879.86,Delivered,2025-06-11,2025,6,June,1
O02242,2026-05-04,P050,C0150,WH-East,2,1973.84,3947.68,Delivered,2026-05-11,2026,5,May,1
O02243,2025-08-30,P021,C0246,WH-South,3,2945.59,8836.77,Delivered,2025-09-05,2025,8,August,1
O02244,2025-01-05,P043,C0501,WH-South,6,7218.47,43310.82,Delivered,2025-01-07,2025,1,January,1
O02245,2025-12-27,P010,C0794,WH-West,5,8992.72,44963.6,Delivered,2026-01-04,2025,12,December,1
O02246,2026-04-04,P076,C0973,WH-East,11,2781.69,30598.59,Delivered,2026-04-06,2026,4,April,1
O02247,2025-09-05,P030,C0191,WH-North,15,6989.65,104844.75,Delivered,2025-09-15,2025,9,September,1
O02248,2026-02-26,P051,C0174,WH-South,14,506.74,7094.36,Delivered,2026-03-03,2026,2,February,1
O02249,2025-01-15,P033,C0885,WH-West,13,7876.29,102391.77,Delivered,2025-01-24,2025,1,January,1
O02250,2025-05-02,P018,C0593,WH-South,5,6842.11,34210.55,Delivered,2025-05-04,2025,5,May,1
O02251,2025-10-04,P078,C0172,WH-West,2,8749.35,17498.7,Delivered,2025-10-10,2025,10,October,1
O02252,2026-03-29,P022,C0958,WH-West,2,9065.34,18130.68,Delivered,2026-04-02,2026,3,March,1
O02253,2026-01-25,P064,C0676,WH-South,12,9772.25,117267.0,Delivered,2026-01-30,2026,1,January,1
O02254,2025-10-21,P021,C0809,WH-South,1,2945.59,2945.59,Delivered,2025-10-26,2025,10,October,1
O02255,2026-03-22,P001,C0623,WH-East,3,2324.33,6972.99,Delivered,2026-03-31,2026,3,March,1
O02256,2025-07-29,P015,C0719,WH-North,12,10925.43,131105.16,Delivered,2025-08-02,2025,7,July,1
O02257,2025-10-29,P036,C0338,WH-West,12,9014.91,108178.92,Delivered,2025-10-31,2025,10,October,1
O02258,2025-08-11,P047,C0411,WH-West,11,9554.1,105095.1,Delivered,2025-08-17,2025,8,August,1
O02259,2025-01-03,P054,C0070,WH-South,14,5559.97,77839.58,Delivered,2025-01-06,2025,1,January,1
O02260,2026-06-02,P086,C0098,WH-South,7,3132.13,21924.91,Delivered,2026-06-09,2026,6,June,1
O02261,2025-04-03,P032,C0937,WH-South,11,8387.44,92261.84,Returned,2025-04-08,2025,4,April,0
O02262,2026-06-04,P058,C0517,WH-North,5,3596.21,17981.05,Delivered,2026-06-14,2026,6,June,1
O02263,2026-03-04,P046,C0185,WH-South,7,2032.34,14226.38,Delivered,2026-03-12,2026,3,March,1
O02264,2026-05-08,P054,C0716,WH-West,9,5559.97,50039.73,Delivered,2026-05-11,2026,5,May,1
O02265,2025-08-23,P033,C0413,WH-West,6,7876.29,47257.74,Processing,2025-08-31,2025,8,August,0
O02266,2025-06-10,P039,C0378,WH-West,2,2741.34,5482.68,Delivered,2025-06-19,2025,6,June,1
O02267,2025-11-27,P023,C0997,WH-North,1,2561.5,2561.5,Returned,2025-12-01,2025,11,November,0
O02268,2025-11-29,P043,C0012,WH-North,1,7218.47,7218.47,Delivered,2025-12-03,2025,11,November,1
O02269,2025-02-19,P055,C0409,WH-North,10,1487.11,14871.1,Delivered,2025-02-22,2025,2,February,1
O02270,2026-06-07,P002,C0751,WH-North,9,9662.88,86965.92,Delivered,2026-06-09,2026,6,June,1
O02271,2026-05-07,P066,C0418,WH-East,14,9296.31,130148.34,Delivered,2026-05-11,2026,5,May,1
O02272,2025-09-29,P038,C0331,WH-East,6,9847.32,59083.92,Returned,2025-10-07,2025,9,September,0
O02273,2025-09-09,P029,C0983,WH-East,6,7630.58,45783.48,Delivered,2025-09-19,2025,9,September,1
O02274,2025-03-31,P067,C0280,WH-South,4,3626.7,14506.8,Delivered,2025-04-10,2025,3,March,1
O02275,2026-03-22,P071,C0115,WH-North,12,4401.72,52820.64,Delivered,2026-03-29,2026,3,March,1
O02276,2025-11-28,P036,C0881,WH-North,14,9014.91,126208.74,Delivered,2025-12-05,2025,11,November,1
O02277,2025-05-19,P029,C0210,WH-East,2,7630.58,15261.16,Delivered,2025-05-25,2025,5,May,1
O02278,2025-12-23,P037,C0447,WH-East,10,2141.55,21415.5,Delivered,2025-12-26,2025,12,December,1
O02279,2025-10-01,P100,C0831,WH-North,3,6160.6,18481.8,Delivered,2025-10-09,2025,10,October,1
O02280,2025-01-19,P087,C0394,WH-East,3,6619.57,19858.71,Delivered,2025-01-21,2025,1,January,1
O02281,2025-11-07,P045,C0645,WH-South,8,11503.77,92030.16,Delivered,2025-11-14,2025,11,November,1
O02282,2025-06-03,P016,C0735,WH-South,6,6037.0,36222.0,Delivered,2025-06-08,2025,6,June,1
O02283,2026-01-25,P031,C0857,WH-South,7,1882.62,13178.34,Delivered,2026-01-29,2026,1,January,1
O02284,2025-09-17,P034,C0181,WH-West,9,7873.1,70857.9,Delivered,2025-09-19,2025,9,September,1
O02285,2025-05-05,P050,C0465,WH-West,1,1973.84,1973.84,Delivered,2025-05-12,2025,5,May,1
O02286,2025-12-20,P065,C0028,WH-North,2,6932.91,13865.82,Delivered,2025-12-28,2025,12,December,1
O02287,2025-09-30,P082,C0193,WH-West,15,7665.58,114983.7,Processing,2025-10-02,2025,9,September,0
O02288,2025-09-02,P062,C0813,WH-East,9,11436.7,102930.3,Delivered,2025-09-04,2025,9,September,1
O02289,2026-03-26,P043,C0962,WH-South,5,7218.47,36092.35,Delivered,2026-04-03,2026,3,March,1
O02290,2025-09-04,P056,C0256,WH-South,4,888.53,3554.12,Delivered,2025-09-11,2025,9,September,1
O02291,2026-06-04,P015,C0945,WH-West,1,10925.43,10925.43,Delivered,2026-06-12,2026,6,June,1
O02292,2025-05-21,P048,C0623,WH-South,9,8206.14,73855.26,Delivered,2025-05-30,2025,5,May,1
O02293,2025-12-28,P049,C0424,WH-South,11,3014.05,33154.55,Delivered,2026-01-06,2025,12,December,1
O02294,2025-01-08,P081,C0706,WH-South,13,8788.43,114249.59,Delivered,2025-01-18,2025,1,January,1
O02295,2026-04-23,P044,C0636,WH-East,9,3533.01,31797.09,Delivered,2026-05-03,2026,4,April,1
O02296,2025-12-18,P010,C0091,WH-West,4,8992.72,35970.88,Delivered,2025-12-26,2025,12,December,1
O02297,2026-05-10,P020,C0648,WH-South,9,2297.9,20681.1,Delivered,2026-05-20,2026,5,May,1
O02298,2026-03-03,P070,C0795,WH-South,10,2886.35,28863.5,Delivered,2026-03-10,2026,3,March,1
O02299,2025-02-08,P008,C0741,WH-South,13,7685.98,99917.74,Delivered,2025-02-18,2025,2,February,1
O02300,2025-07-06,P045,C0145,WH-North,1,11503.77,11503.77,Cancelled,Unknown,2025,7,July,0
O02301,2025-04-03,P034,C0452,WH-East,15,7873.1,118096.5,Delivered,2025-04-06,2025,4,April,1
O02302,2025-03-27,P096,C0428,WH-West,5,6299.54,31497.7,Delivered,2025-04-03,2025,3,March,1
O02303,2025-02-13,P051,C0242,WH-South,1,506.74,506.74,Delivered,2025-02-17,2025,2,February,1
O02304,2025-05-17,P004,C0486,WH-East,4,5647.39,22589.56,Delivered,2025-05-20,2025,5,May,1
O02305,2026-02-25,P039,C0031,WH-South,12,2741.34,32896.08,Delivered,2026-03-06,2026,2,February,1
O02306,2025-03-15,P084,C0773,WH-West,5,9567.6,47838.0,Returned,2025-03-23,2025,3,March,0
O02307,2026-05-27,P024,C0060,WH-West,14,5645.0,79030.0,Processing,2026-06-05,2026,5,May,0
O02308,2025-06-05,P088,C0601,WH-North,11,7327.81,80605.91,Delivered,2025-06-12,2025,6,June,1
O02309,2025-09-12,P055,C0476,WH-North,3,1487.11,4461.33,Processing,2025-09-22,2025,9,September,0
O02310,2025-06-20,P026,C0915,WH-North,2,8058.43,16116.86,Delivered,2025-06-30,2025,6,June,1
O02311,2025-06-19,P025,C0101,WH-North,6,2564.25,15385.5,Delivered,2025-06-22,2025,6,June,1
O02312,2025-11-18,P036,C0810,WH-South,11,9014.91,99164.01,Delivered,2025-11-24,2025,11,November,1
O02313,2026-04-01,P071,C0791,WH-East,13,4401.72,57222.36,Delivered,2026-04-11,2026,4,April,1
O02314,2025-06-04,P074,C0633,WH-South,3,8610.83,25832.49,Delivered,2025-06-08,2025,6,June,1
O02315,2025-12-15,P058,C0755,WH-North,10,3596.21,35962.1,Processing,2025-12-21,2025,12,December,0
O02316,2026-03-27,P012,C0996,WH-North,1,3219.93,3219.93,Delivered,2026-04-05,2026,3,March,1
O02317,2025-06-22,P001,C0877,WH-South,11,2324.33,25567.63,Delivered,2025-06-25,2025,6,June,1
O02318,2025-01-10,P050,C0589,WH-South,13,1973.84,25659.92,Delivered,2025-01-17,2025,1,January,1
O02319,2025-09-22,P025,C0273,WH-East,5,2564.25,12821.25,Delivered,2025-09-27,2025,9,September,1
O02320,2026-03-14,P080,C0882,WH-East,2,6733.38,13466.76,Cancelled,Unknown,2026,3,March,0
O02321,2025-09-04,P005,C0478,WH-West,15,5461.2,81918.0,Delivered,2025-09-08,2025,9,September,1
O02322,2026-06-30,P083,C0058,WH-East,2,1377.9,2755.8,Delivered,2026-07-07,2026,6,June,1
O02323,2026-05-14,P068,C0759,WH-East,15,7862.75,117941.25,Cancelled,Unknown,2026,5,May,0
O02324,2025-05-09,P006,C0983,WH-North,4,716.9,2867.6,Delivered,2025-05-13,2025,5,May,1
O02325,2025-11-23,P026,C0945,WH-North,4,8058.43,32233.72,Delivered,2025-11-29,2025,11,November,1
O02326,2026-02-08,P055,C0505,WH-West,4,1487.11,5948.44,Delivered,2026-02-17,2026,2,February,1
O02327,2025-12-25,P039,C0387,WH-West,7,2741.34,19189.38,Delivered,2025-12-28,2025,12,December,1
O02328,2025-01-17,P009,C0461,WH-East,1,6820.58,6820.58,Delivered,2025-01-25,2025,1,January,1
O02329,2025-10-01,P045,C0608,WH-East,13,11503.77,149549.01,Delivered,2025-10-03,2025,10,October,1
O02330,2025-04-26,P014,C0045,WH-West,8,8215.45,65723.6,Delivered,2025-05-04,2025,4,April,1
O02331,2025-04-01,P055,C0291,WH-West,12,1487.11,17845.32,Delivered,2025-04-03,2025,4,April,1
O02332,2025-03-23,P009,C0258,WH-North,13,6820.58,88667.54,Delivered,2025-03-28,2025,3,March,1
O02333,2025-11-20,P015,C0815,WH-West,10,10925.43,109254.3,Delivered,2025-11-25,2025,11,November,1
O02334,2025-04-24,P037,C0771,WH-North,9,2141.55,19273.95,Delivered,2025-04-30,2025,4,April,1
O02335,2025-02-27,P050,C0246,WH-North,10,1973.84,19738.4,Processing,2025-03-02,2025,2,February,0
O02336,2025-06-03,P084,C0240,WH-West,13,9567.6,124378.8,Delivered,2025-06-10,2025,6,June,1
O02337,2026-02-08,P072,C0413,WH-West,14,7933.68,111071.52,Delivered,2026-02-15,2026,2,February,1
O02338,2025-09-23,P096,C0128,WH-East,15,6299.54,94493.1,Delivered,2025-10-02,2025,9,September,1
O02339,2025-11-11,P021,C0714,WH-East,6,2945.59,17673.54,Delivered,2025-11-13,2025,11,November,1
O02340,2025-02-10,P057,C0276,WH-North,4,919.99,3679.96,Delivered,2025-02-15,2025,2,February,1
O02341,2025-04-15,P019,C0418,WH-North,6,6267.38,37604.28,Cancelled,Unknown,2025,4,April,0
O02342,2025-07-12,P093,C0207,WH-West,10,11181.17,111811.7,Delivered,2025-07-21,2025,7,July,1
O02343,2026-02-05,P058,C0552,WH-South,7,3596.21,25173.47,Delivered,2026-02-10,2026,2,February,1
O02344,2025-10-05,P095,C0365,WH-South,6,5427.18,32563.08,Delivered,2025-10-14,2025,10,October,1
O02345,2025-12-20,P006,C0833,WH-West,11,716.9,7885.9,Delivered,2025-12-23,2025,12,December,1
O02346,2025-09-13,P004,C0346,WH-North,1,5647.39,5647.39,Delivered,2025-09-18,2025,9,September,1
O02347,2025-04-09,P043,C0831,WH-North,5,7218.47,36092.35,Delivered,2025-04-19,2025,4,April,1
O02348,2025-10-09,P093,C0568,WH-South,8,11181.17,89449.36,Delivered,2025-10-15,2025,10,October,1
O02349,2026-02-07,P042,C0160,WH-East,15,4932.36,73985.4,Delivered,2026-02-14,2026,2,February,1
O02350,2025-04-19,P003,C0834,WH-North,8,8874.43,70995.44,Delivered,2025-04-29,2025,4,April,1
O02351,2025-07-18,P001,C0096,WH-West,12,2324.33,27891.96,Delivered,2025-07-28,2025,7,July,1
O02352,2025-10-30,P055,C0425,WH-North,10,1487.11,14871.1,Processing,2025-11-07,2025,10,October,0
O02353,2025-11-23,P015,C0925,WH-North,9,10925.43,98328.87,Delivered,2025-11-26,2025,11,November,1
O02354,2025-06-03,P047,C0116,WH-East,4,9554.1,38216.4,Cancelled,Unknown,2025,6,June,0
O02355,2026-02-09,P085,C0212,WH-South,10,1090.03,10900.3,Delivered,2026-02-19,2026,2,February,1
O02356,2026-04-07,P046,C0599,WH-East,6,2032.34,12194.04,Delivered,2026-04-10,2026,4,April,1
O02357,2025-05-12,P058,C0307,WH-West,7,3596.21,25173.47,Delivered,2025-05-20,2025,5,May,1
O02358,2025-03-25,P095,C0268,WH-West,5,5427.18,27135.9,Delivered,2025-04-02,2025,3,March,1
O02359,2026-02-03,P071,C0044,WH-East,15,4401.72,66025.8,Delivered,2026-02-07,2026,2,February,1
O02360,2025-04-19,P081,C0906,WH-West,11,8788.43,96672.73,Delivered,2025-04-26,2025,4,April,1
O02361,2025-08-09,P083,C0595,WH-West,8,1377.9,11023.2,Returned,2025-08-18,2025,8,August,0
O02362,2026-01-03,P039,C0458,WH-North,3,2741.34,8224.02,Delivered,2026-01-12,2026,1,January,1
O02363,2025-05-27,P003,C0723,WH-West,8,8874.43,70995.44,Delivered,2025-05-31,2025,5,May,1
O02364,2025-04-22,P030,C0858,WH-North,15,6989.65,104844.75,Delivered,2025-04-29,2025,4,April,1
O02365,2026-05-09,P035,C0472,WH-West,14,10862.84,152079.76,Cancelled,Unknown,2026,5,May,0
O02366,2026-05-20,P057,C0009,WH-South,5,919.99,4599.95,Delivered,2026-05-23,2026,5,May,1
O02367,2026-04-20,P029,C0925,WH-East,1,7630.58,7630.58,Processing,2026-04-29,2026,4,April,0
O02368,2025-09-28,P050,C0669,WH-South,13,1973.84,25659.92,Delivered,2025-10-04,2025,9,September,1
O02369,2026-02-25,P062,C0997,WH-East,6,11436.7,68620.2,Delivered,2026-03-03,2026,2,February,1
O02370,2026-01-02,P052,C0860,WH-North,2,2109.04,4218.08,Returned,2026-01-07,2026,1,January,0
O02371,2025-10-07,P014,C0189,WH-South,15,8215.45,123231.75,Delivered,2025-10-12,2025,10,October,1
O02372,2025-10-10,P035,C0381,WH-East,7,10862.84,76039.88,Processing,2025-10-19,2025,10,October,0
O02373,2025-02-09,P028,C0832,WH-North,15,1732.59,25988.85,Delivered,2025-02-13,2025,2,February,1
O02374,2025-07-08,P058,C0643,WH-West,15,3596.21,53943.15,Delivered,2025-07-12,2025,7,July,1
O02375,2025-06-13,P030,C0727,WH-West,9,6989.65,62906.85,Processing,2025-06-22,2025,6,June,0
O02376,2026-06-20,P090,C0115,WH-North,3,2450.87,7352.61,Delivered,2026-06-24,2026,6,June,1
O02377,2026-06-20,P007,C0502,WH-East,14,11389.37,159451.18,Delivered,2026-06-23,2026,6,June,1
O02378,2025-01-04,P039,C0635,WH-North,10,2741.34,27413.4,Delivered,2025-01-10,2025,1,January,1
O02379,2025-10-17,P095,C0388,WH-East,14,5427.18,75980.52,Delivered,2025-10-21,2025,10,October,1
O02380,2026-03-09,P069,C0439,WH-East,4,7876.01,31504.04,Delivered,2026-03-16,2026,3,March,1
O02381,2026-04-16,P035,C0910,WH-East,4,10862.84,43451.36,Delivered,2026-04-24,2026,4,April,1
O02382,2025-06-30,P052,C0870,WH-West,4,2109.04,8436.16,Delivered,2025-07-04,2025,6,June,1
O02383,2025-09-05,P014,C0845,WH-East,3,8215.45,24646.35,Delivered,2025-09-15,2025,9,September,1
O02384,2025-10-06,P063,C0924,WH-North,5,6119.08,30595.4,Delivered,2025-10-08,2025,10,October,1
O02385,2025-09-11,P036,C0319,WH-West,9,9014.91,81134.19,Delivered,2025-09-19,2025,9,September,1
O02386,2025-06-30,P091,C0935,WH-East,15,3806.53,57097.95,Delivered,2025-07-05,2025,6,June,1
O02387,2026-05-24,P024,C0876,WH-West,11,5645.0,62095.0,Processing,2026-06-01,2026,5,May,0
O02388,2025-11-22,P040,C0704,WH-West,8,7396.64,59173.12,Returned,2025-12-02,2025,11,November,0
O02389,2025-12-23,P029,C0444,WH-East,10,7630.58,76305.8,Delivered,2026-01-02,2025,12,December,1
O02390,2026-01-26,P053,C0660,WH-East,2,8550.49,17100.98,Delivered,2026-01-28,2026,1,January,1
O02391,2025-03-26,P022,C0028,WH-North,12,9065.34,108784.08,Delivered,2025-03-31,2025,3,March,1
O02392,2025-11-13,P072,C0636,WH-West,9,7933.68,71403.12,Delivered,2025-11-21,2025,11,November,1
O02393,2025-07-31,P015,C0992,WH-South,12,10925.43,131105.16,Delivered,2025-08-07,2025,7,July,1
O02394,2026-05-30,P069,C0398,WH-West,10,7876.01,78760.1,Delivered,2026-06-09,2026,5,May,1
O02395,2026-01-19,P064,C0077,WH-East,2,9772.25,19544.5,Delivered,2026-01-27,2026,1,January,1
O02396,2025-12-08,P004,C0587,WH-South,7,5647.39,39531.73,Delivered,2025-12-12,2025,12,December,1
O02397,2025-02-07,P075,C0358,WH-South,5,4757.22,23786.1,Delivered,2025-02-15,2025,2,February,1
O02398,2026-05-26,P018,C0186,WH-East,15,6842.11,102631.65,Returned,2026-06-01,2026,5,May,0
O02399,2026-02-24,P042,C0551,WH-West,13,4932.36,64120.68,Delivered,2026-02-27,2026,2,February,1
O02400,2025-06-18,P030,C0234,WH-South,7,6989.65,48927.55,Delivered,2025-06-22,2025,6,June,1
O02401,2025-12-09,P015,C0248,WH-South,5,10925.43,54627.15,Delivered,2025-12-16,2025,12,December,1
O02402,2025-11-02,P070,C0954,WH-West,12,2886.35,34636.2,Delivered,2025-11-09,2025,11,November,1
O02403,2026-06-26,P055,C0399,WH-East,6,1487.11,8922.66,Delivered,2026-07-04,2026,6,June,1
O02404,2026-06-21,P053,C0329,WH-West,8,8550.49,68403.92,Returned,2026-06-28,2026,6,June,0
O02405,2025-04-22,P016,C0643,WH-West,1,6037.0,6037.0,Delivered,2025-05-02,2025,4,April,1
O02406,2026-02-15,P073,C0005,WH-North,13,5286.08,68719.04,Delivered,2026-02-21,2026,2,February,1
O02407,2025-07-25,P034,C0348,WH-South,11,7873.1,86604.1,Delivered,2025-07-31,2025,7,July,1
O02408,2025-07-04,P027,C0938,WH-East,13,3927.78,51061.14,Delivered,2025-07-13,2025,7,July,1
O02409,2026-01-17,P013,C0399,WH-East,12,359.86,4318.32,Delivered,2026-01-26,2026,1,January,1
O02410,2026-05-11,P100,C0259,WH-South,1,6160.6,6160.6,Delivered,2026-05-13,2026,5,May,1
O02411,2026-01-14,P027,C0757,WH-South,5,3927.78,19638.9,Returned,2026-01-18,2026,1,January,0
O02412,2025-02-16,P073,C0419,WH-South,15,5286.08,79291.2,Delivered,2025-02-23,2025,2,February,1
O02413,2026-06-12,P069,C0391,WH-East,1,7876.01,7876.01,Delivered,2026-06-19,2026,6,June,1
O02414,2026-05-19,P086,C0862,WH-West,3,3132.13,9396.39,Processing,2026-05-21,2026,5,May,0
O02415,2025-01-22,P031,C0920,WH-West,10,1882.62,18826.2,Delivered,2025-01-25,2025,1,January,1
O02416,2025-08-01,P003,C0927,WH-East,15,8874.43,133116.45,Delivered,2025-08-09,2025,8,August,1
O02417,2025-11-06,P030,C0590,WH-West,9,6989.65,62906.85,Delivered,2025-11-08,2025,11,November,1
O02418,2025-09-29,P021,C0848,WH-North,14,2945.59,41238.26,Delivered,2025-10-05,2025,9,September,1
O02419,2025-07-21,P099,C0115,WH-North,13,1477.4,19206.2,Delivered,2025-07-23,2025,7,July,1
O02420,2025-02-01,P006,C0004,WH-East,7,716.9,5018.3,Delivered,2025-02-08,2025,2,February,1
O02421,2026-03-19,P092,C0643,WH-West,12,9918.59,119023.08,Delivered,2026-03-27,2026,3,March,1
O02422,2025-06-11,P032,C0739,WH-North,6,8387.44,50324.64,Delivered,2025-06-20,2025,6,June,1
O02423,2025-09-11,P042,C0128,WH-West,8,4932.36,39458.88,Delivered,2025-09-15,2025,9,September,1
O02424,2026-06-05,P062,C0009,WH-South,8,11436.7,91493.6,Delivered,2026-06-09,2026,6,June,1
O02425,2026-04-25,P089,C0324,WH-West,6,5210.42,31262.52,Delivered,2026-04-27,2026,4,April,1
O02426,2025-01-10,P032,C0118,WH-North,4,8387.44,33549.76,Delivered,2025-01-14,2025,1,January,1
O02427,2026-05-20,P099,C0467,WH-North,4,1477.4,5909.6,Processing,2026-05-26,2026,5,May,0
O02428,2026-03-12,P086,C0856,WH-East,4,3132.13,12528.52,Cancelled,Unknown,2026,3,March,0
O02429,2025-04-21,P088,C0700,WH-East,6,7327.81,43966.86,Delivered,2025-04-25,2025,4,April,1
O02430,2025-06-02,P039,C0651,WH-South,1,2741.34,2741.34,Returned,2025-06-07,2025,6,June,0
O02431,2025-04-12,P064,C0463,WH-North,12,9772.25,117267.0,Returned,2025-04-18,2025,4,April,0
O02432,2025-07-10,P030,C0932,WH-East,2,6989.65,13979.3,Delivered,2025-07-16,2025,7,July,1
O02433,2025-03-22,P063,C0125,WH-East,6,6119.08,36714.48,Delivered,2025-04-01,2025,3,March,1
O02434,2026-05-04,P096,C0223,WH-East,14,6299.54,88193.56,Delivered,2026-05-13,2026,5,May,1
O02435,2025-03-29,P031,C0328,WH-South,14,1882.62,26356.68,Delivered,2025-03-31,2025,3,March,1
O02436,2025-07-13,P087,C0898,WH-South,11,6619.57,72815.27,Delivered,2025-07-16,2025,7,July,1
O02437,2025-04-14,P040,C0818,WH-North,1,7396.64,7396.64,Delivered,2025-04-20,2025,4,April,1
O02438,2025-04-06,P033,C0259,WH-South,9,7876.29,70886.61,Delivered,2025-04-10,2025,4,April,1
O02439,2026-02-27,P063,C0067,WH-North,12,6119.08,73428.96,Delivered,2026-03-07,2026,2,February,1
O02440,2025-07-17,P025,C0597,WH-North,6,2564.25,15385.5,Delivered,2025-07-24,2025,7,July,1
O02441,2025-01-01,P036,C0883,WH-North,7,9014.91,63104.37,Cancelled,Unknown,2025,1,January,0
O02442,2026-02-11,P024,C0062,WH-East,14,5645.0,79030.0,Delivered,2026-02-20,2026,2,February,1
O02443,2026-01-13,P095,C0972,WH-West,12,5427.18,65126.16,Delivered,2026-01-19,2026,1,January,1
O02444,2025-06-16,P058,C0526,WH-East,1,3596.21,3596.21,Delivered,2025-06-23,2025,6,June,1
O02445,2026-05-24,P039,C0634,WH-East,8,2741.34,21930.72,Delivered,2026-06-02,2026,5,May,1
O02446,2025-11-09,P046,C0279,WH-South,12,2032.34,24388.08,Delivered,2025-11-16,2025,11,November,1
O02447,2026-02-22,P077,C0123,WH-East,12,12073.98,144887.76,Delivered,2026-02-26,2026,2,February,1
O02448,2026-04-22,P010,C0589,WH-North,12,8992.72,107912.64,Delivered,2026-04-30,2026,4,April,1
O02449,2025-03-14,P087,C0272,WH-West,12,6619.57,79434.84,Processing,2025-03-19,2025,3,March,0
O02450,2025-05-21,P082,C0977,WH-South,12,7665.58,91986.96,Delivered,2025-05-28,2025,5,May,1
O02451,2025-09-19,P032,C0502,WH-West,5,8387.44,41937.2,Processing,2025-09-26,2025,9,September,0
O02452,2025-12-06,P097,C0658,WH-South,5,7927.96,39639.8,Delivered,2025-12-12,2025,12,December,1
O02453,2025-11-04,P036,C0269,WH-East,14,9014.91,126208.74,Delivered,2025-11-06,2025,11,November,1
O02454,2025-09-02,P028,C0893,WH-East,6,1732.59,10395.54,Delivered,2025-09-11,2025,9,September,1
O02455,2026-05-30,P016,C0568,WH-East,7,6037.0,42259.0,Delivered,2026-06-02,2026,5,May,1
O02456,2025-12-03,P016,C0218,WH-East,7,6037.0,42259.0,Delivered,2025-12-08,2025,12,December,1
O02457,2025-03-17,P018,C0685,WH-South,5,6842.11,34210.55,Delivered,2025-03-21,2025,3,March,1
O02458,2025-06-24,P008,C0552,WH-South,1,7685.98,7685.98,Delivered,2025-07-01,2025,6,June,1
O02459,2025-04-19,P080,C0871,WH-North,11,6733.38,74067.18,Delivered,2025-04-21,2025,4,April,1
O02460,2025-07-02,P075,C0159,WH-South,9,4757.22,42814.98,Delivered,2025-07-12,2025,7,July,1
O02461,2025-07-11,P070,C0360,WH-South,15,2886.35,43295.25,Delivered,2025-07-17,2025,7,July,1
O02462,2025-03-06,P001,C0465,WH-East,6,2324.33,13945.98,Cancelled,Unknown,2025,3,March,0
O02463,2026-04-19,P062,C0544,WH-North,13,11436.7,148677.1,Delivered,2026-04-24,2026,4,April,1
O02464,2025-04-10,P076,C0248,WH-West,9,2781.69,25035.21,Delivered,2025-04-15,2025,4,April,1
O02465,2026-06-28,P038,C0641,WH-South,11,9847.32,108320.52,Delivered,2026-06-30,2026,6,June,1
O02466,2025-05-08,P092,C0291,WH-West,4,9918.59,39674.36,Delivered,2025-05-18,2025,5,May,1
O02467,2026-03-28,P045,C0036,WH-East,2,11503.77,23007.54,Delivered,2026-04-07,2026,3,March,1
O02468,2026-01-04,P058,C0979,WH-East,13,3596.21,46750.73,Cancelled,Unknown,2026,1,January,0
O02469,2025-02-12,P081,C0860,WH-West,13,8788.43,114249.59,Delivered,2025-02-17,2025,2,February,1
O02470,2026-02-23,P001,C0066,WH-West,3,2324.33,6972.99,Delivered,2026-03-03,2026,2,February,1
O02471,2026-05-03,P032,C0797,WH-North,12,8387.44,100649.28,Delivered,2026-05-08,2026,5,May,1
O02472,2025-03-19,P008,C0427,WH-South,4,7685.98,30743.92,Delivered,2025-03-21,2025,3,March,1
O02473,2025-09-27,P040,C0157,WH-South,10,7396.64,73966.4,Delivered,2025-10-07,2025,9,September,1
O02474,2025-11-11,P056,C0555,WH-South,12,888.53,10662.36,Cancelled,Unknown,2025,11,November,0
O02475,2025-06-17,P063,C0787,WH-South,8,6119.08,48952.64,Delivered,2025-06-23,2025,6,June,1
O02476,2025-12-05,P088,C0121,WH-North,3,7327.81,21983.43,Processing,2025-12-10,2025,12,December,0
O02477,2025-07-12,P074,C0192,WH-East,8,8610.83,68886.64,Delivered,2025-07-21,2025,7,July,1
O02478,2026-03-29,P074,C0476,WH-West,6,8610.83,51664.98,Delivered,2026-04-05,2026,3,March,1
O02479,2025-10-10,P036,C0354,WH-East,4,9014.91,36059.64,Delivered,2025-10-18,2025,10,October,1
O02480,2025-12-02,P089,C0543,WH-North,14,5210.42,72945.88,Delivered,2025-12-05,2025,12,December,1
O02481,2026-01-25,P057,C0357,WH-South,7,919.99,6439.93,Delivered,2026-01-30,2026,1,January,1
O02482,2026-06-09,P074,C0531,WH-East,15,8610.83,129162.45,Processing,2026-06-14,2026,6,June,0
O02483,2025-08-28,P083,C0480,WH-South,14,1377.9,19290.6,Delivered,2025-08-31,2025,8,August,1
O02484,2026-04-28,P045,C0797,WH-West,11,11503.77,126541.47,Delivered,2026-05-03,2026,4,April,1
O02485,2026-04-03,P079,C0073,WH-East,13,8889.27,115560.51,Delivered,2026-04-13,2026,4,April,1
O02486,2025-03-30,P080,C0391,WH-South,5,6733.38,33666.9,Cancelled,Unknown,2025,3,March,0
O02487,2025-04-05,P002,C0954,WH-North,5,9662.88,48314.4,Cancelled,Unknown,2025,4,April,0
O02488,2026-03-28,P093,C0076,WH-West,9,11181.17,100630.53,Delivered,2026-04-06,2026,3,March,1
O02489,2026-03-04,P068,C0188,WH-South,13,7862.75,102215.75,Delivered,2026-03-14,2026,3,March,1
O02490,2025-05-31,P050,C0691,WH-South,3,1973.84,5921.52,Delivered,2025-06-09,2025,5,May,1
O02491,2026-05-29,P029,C0991,WH-North,10,7630.58,76305.8,Delivered,2026-05-31,2026,5,May,1
O02492,2026-01-11,P095,C0338,WH-West,15,5427.18,81407.7,Delivered,2026-01-20,2026,1,January,1
O02493,2025-01-22,P081,C0476,WH-North,4,8788.43,35153.72,Delivered,2025-01-28,2025,1,January,1
O02494,2025-11-09,P010,C0306,WH-West,5,8992.72,44963.6,Processing,2025-11-19,2025,11,November,0
O02495,2026-06-03,P027,C0917,WH-South,1,3927.78,3927.78,Delivered,2026-06-13,2026,6,June,1
O02496,2025-07-25,P015,C0649,WH-South,7,10925.43,76478.01,Delivered,2025-08-01,2025,7,July,1
O02497,2026-01-10,P060,C0162,WH-West,8,1239.87,9918.96,Delivered,2026-01-14,2026,1,January,1
O02498,2026-03-27,P031,C0802,WH-South,15,1882.62,28239.3,Delivered,2026-04-04,2026,3,March,1
O02499,2025-06-28,P021,C0047,WH-East,6,2945.59,17673.54,Cancelled,Unknown,2025,6,June,0
O02500,2025-07-29,P060,C0024,WH-South,9,1239.87,11158.83,Delivered,2025-08-06,2025,7,July,1
O02501,2026-05-15,P058,C0336,WH-West,3,3596.21,10788.63,Delivered,2026-05-24,2026,5,May,1
O02502,2026-04-09,P041,C0284,WH-East,2,10031.16,20062.32,Delivered,2026-04-15,2026,4,April,1
O02503,2025-05-04,P046,C0174,WH-West,5,2032.34,10161.7,Delivered,2025-05-10,2025,5,May,1
O02504,2025-04-23,P045,C0307,WH-East,13,11503.77,149549.01,Delivered,2025-04-28,2025,4,April,1
O02505,2025-01-12,P026,C0879,WH-East,9,8058.43,72525.87,Delivered,2025-01-16,2025,1,January,1
O02506,2025-05-06,P051,C0995,WH-North,11,506.74,5574.14,Processing,2025-05-15,2025,5,May,0
O02507,2025-11-27,P036,C0774,WH-North,1,9014.91,9014.91,Delivered,2025-12-04,2025,11,November,1
O02508,2025-10-10,P052,C0230,WH-East,1,2109.04,2109.04,Delivered,2025-10-17,2025,10,October,1
O02509,2025-05-20,P081,C0703,WH-East,10,8788.43,87884.3,Delivered,2025-05-23,2025,5,May,1
O02510,2026-02-05,P051,C0118,WH-East,3,506.74,1520.22,Delivered,2026-02-10,2026,2,February,1
O02511,2025-04-07,P003,C0053,WH-North,10,8874.43,88744.3,Delivered,2025-04-13,2025,4,April,1
O02512,2026-06-01,P014,C0192,WH-North,3,8215.45,24646.35,Delivered,2026-06-07,2026,6,June,1
O02513,2025-03-10,P049,C0948,WH-North,5,3014.05,15070.25,Delivered,2025-03-14,2025,3,March,1
O02514,2025-04-28,P077,C0572,WH-East,4,12073.98,48295.92,Delivered,2025-05-04,2025,4,April,1
O02515,2025-02-28,P091,C0937,WH-East,6,3806.53,22839.18,Delivered,2025-03-06,2025,2,February,1
O02516,2025-02-02,P001,C0523,WH-West,12,2324.33,27891.96,Delivered,2025-02-05,2025,2,February,1
O02517,2025-11-14,P057,C0772,WH-South,8,919.99,7359.92,Delivered,2025-11-20,2025,11,November,1
O02518,2025-02-19,P017,C0782,WH-South,8,8360.81,66886.48,Processing,2025-02-23,2025,2,February,0
O02519,2026-05-04,P050,C0141,WH-North,15,1973.84,29607.6,Delivered,2026-05-08,2026,5,May,1
O02520,2025-01-19,P098,C0655,WH-North,11,2843.84,31282.24,Delivered,2025-01-25,2025,1,January,1
O02521,2025-07-16,P014,C0113,WH-South,4,8215.45,32861.8,Delivered,2025-07-26,2025,7,July,1
O02522,2026-03-26,P059,C0264,WH-North,1,722.03,722.03,Delivered,2026-03-29,2026,3,March,1
O02523,2026-03-28,P081,C0491,WH-East,13,8788.43,114249.59,Delivered,2026-04-07,2026,3,March,1
O02524,2025-10-16,P003,C0344,WH-South,14,8874.43,124242.02,Delivered,2025-10-20,2025,10,October,1
O02525,2025-05-21,P098,C0523,WH-East,14,2843.84,39813.76,Delivered,2025-05-29,2025,5,May,1
O02526,2025-03-25,P040,Unknown,WH-South,7,7396.64,51776.48,Delivered,2025-03-27,2025,3,March,1
O02527,2026-01-26,P089,C0099,WH-South,6,5210.42,31262.52,Delivered,2026-01-28,2026,1,January,1
O02528,2025-08-03,P066,C0473,WH-North,5,9296.31,46481.55,Delivered,2025-08-12,2025,8,August,1
O02529,2026-06-10,P034,C0023,WH-East,4,7873.1,31492.4,Returned,2026-06-20,2026,6,June,0
O02530,2025-08-03,P090,C0239,WH-East,6,2450.87,14705.22,Delivered,2025-08-07,2025,8,August,1
O02531,2026-02-07,P095,C0621,WH-West,8,5427.18,43417.44,Delivered,2026-02-14,2026,2,February,1
O02532,2025-05-08,P009,C0263,WH-East,6,6820.58,40923.48,Delivered,2025-05-12,2025,5,May,1
O02533,2026-04-22,P094,C0325,WH-East,3,9560.46,28681.38,Processing,2026-04-29,2026,4,April,0
O02534,2026-02-08,P084,C0672,WH-North,9,9567.6,86108.4,Delivered,2026-02-16,2026,2,February,1
O02535,2025-01-29,P021,C0732,WH-West,3,2945.59,8836.77,Delivered,2025-02-04,2025,1,January,1
O02536,2025-12-04,P093,C0684,WH-East,4,11181.17,44724.68,Delivered,2025-12-08,2025,12,December,1
O02537,2025-12-27,P025,C0387,WH-North,13,2564.25,33335.25,Processing,2026-01-05,2025,12,December,0
O02538,2026-01-27,P044,C0606,WH-South,5,3533.01,17665.05,Delivered,2026-02-02,2026,1,January,1
O02539,2025-08-06,P025,C0122,WH-East,11,2564.25,28206.75,Delivered,2025-08-08,2025,8,August,1
O02540,2025-07-21,P009,C0300,WH-North,2,6820.58,13641.16,Delivered,2025-07-31,2025,7,July,1
O02541,2025-01-17,P062,C0709,WH-South,11,11436.7,125803.7,Delivered,2025-01-21,2025,1,January,1
O02542,2025-11-18,P026,C0563,WH-East,10,8058.43,80584.3,Returned,2025-11-21,2025,11,November,0
O02543,2026-06-02,P057,C0317,WH-East,15,919.99,13799.85,Cancelled,Unknown,2026,6,June,0
O02544,2025-11-21,P037,C0819,WH-North,11,2141.55,23557.05,Delivered,2025-11-29,2025,11,November,1
O02545,2026-02-16,P016,C0929,WH-South,10,6037.0,60370.0,Delivered,2026-02-25,2026,2,February,1
O02546,2025-11-14,P037,C0020,WH-South,2,2141.55,4283.1,Delivered,2025-11-17,2025,11,November,1
O02547,2025-03-23,P076,C0542,WH-South,6,2781.69,16690.14,Delivered,2025-03-31,2025,3,March,1
O02548,2026-04-19,P024,C0889,WH-South,15,5645.0,84675.0,Delivered,2026-04-25,2026,4,April,1
O02549,2026-04-13,P026,C0300,WH-East,14,8058.43,112818.02,Delivered,2026-04-23,2026,4,April,1
O02550,2026-03-01,P020,C0470,WH-South,2,2297.9,4595.8,Delivered,2026-03-09,2026,3,March,1
O02551,2025-07-23,P009,C0086,WH-North,10,6820.58,68205.8,Returned,2025-07-25,2025,7,July,0
O02552,2026-01-22,P087,C0742,WH-North,1,6619.57,6619.57,Delivered,2026-01-24,2026,1,January,1
O02553,2025-04-08,P029,C0669,WH-East,8,7630.58,61044.64,Delivered,2025-04-15,2025,4,April,1
O02554,2025-12-11,P031,C0405,WH-North,10,1882.62,18826.2,Delivered,2025-12-21,2025,12,December,1
O02555,2025-07-27,P019,C0978,WH-West,14,6267.38,87743.32,Delivered,2025-07-29,2025,7,July,1
O02556,2026-05-29,P020,C0693,WH-East,10,2297.9,22979.0,Cancelled,Unknown,2026,5,May,0
O02557,2025-06-15,P087,C0112,WH-West,13,6619.57,86054.41,Delivered,2025-06-21,2025,6,June,1
O02558,2025-01-22,P027,C0139,WH-South,1,3927.78,3927.78,Delivered,2025-01-27,2025,1,January,1
O02559,2025-06-03,P094,C0010,WH-West,10,9560.46,95604.6,Cancelled,Unknown,2025,6,June,0
O02560,2026-03-15,P085,C0291,WH-East,14,1090.03,15260.42,Delivered,2026-03-20,2026,3,March,1
O02561,2025-10-22,P044,C0922,WH-South,6,3533.01,21198.06,Returned,2025-10-27,2025,10,October,0
O02562,2025-08-07,P035,C0379,WH-North,12,10862.84,130354.08,Delivered,2025-08-12,2025,8,August,1
O02563,2026-05-10,P071,C0882,WH-East,14,4401.72,61624.08,Delivered,2026-05-14,2026,5,May,1
O02564,2025-08-18,P022,C0940,WH-South,1,9065.34,9065.34,Delivered,2025-08-26,2025,8,August,1
O02565,2025-01-20,P074,C0238,WH-East,8,8610.83,68886.64,Cancelled,Unknown,2025,1,January,0
O02566,2025-05-28,P087,C0644,WH-South,14,6619.57,92673.98,Delivered,2025-05-31,2025,5,May,1
O02567,2025-04-18,P015,C0330,WH-East,5,10925.43,54627.15,Delivered,2025-04-20,2025,4,April,1
O02568,2026-02-07,P094,C0185,WH-East,3,9560.46,28681.38,Processing,2026-02-12,2026,2,February,0
O02569,2026-04-28,P098,C0807,WH-East,5,2843.84,14219.2,Delivered,2026-05-04,2026,4,April,1
O02570,2026-01-02,P013,C0720,WH-East,15,359.86,5397.9,Delivered,2026-01-08,2026,1,January,1
O02571,2026-02-18,P004,C0762,WH-West,13,5647.39,73416.07,Delivered,2026-02-21,2026,2,February,1
O02572,2025-11-05,P082,C0425,WH-South,1,7665.58,7665.58,Delivered,2025-11-09,2025,11,November,1
O02573,2025-05-14,P056,C0862,WH-South,1,888.53,888.53,Delivered,2025-05-19,2025,5,May,1
O02574,2025-10-10,P023,C0323,WH-East,12,2561.5,30738.0,Cancelled,Unknown,2025,10,October,0
O02575,2025-03-14,P097,C0482,WH-East,14,7927.96,110991.44,Processing,2025-03-21,2025,3,March,0
O02576,2026-04-26,P098,C0601,WH-North,4,2843.84,11375.36,Delivered,2026-04-29,2026,4,April,1
O02577,2025-12-18,P034,C0358,WH-South,9,7873.1,70857.9,Delivered,2025-12-21,2025,12,December,1
O02578,2025-11-22,P100,C0362,WH-West,14,6160.6,86248.4,Delivered,2025-12-02,2025,11,November,1
O02579,2026-03-19,P099,C0036,WH-South,9,1477.4,13296.6,Delivered,2026-03-22,2026,3,March,1
O02580,2025-04-10,P017,C0516,WH-South,1,8360.81,8360.81,Delivered,2025-04-13,2025,4,April,1
O02581,2025-02-28,P028,C0746,WH-South,3,1732.59,5197.77,Processing,2025-03-04,2025,2,February,0
O02582,2026-05-23,P014,C0330,WH-North,13,8215.45,106800.85,Delivered,2026-06-02,2026,5,May,1
O02583,2025-09-15,P034,C0269,WH-West,12,7873.1,94477.2,Delivered,2025-09-22,2025,9,September,1
O02584,2026-02-17,P075,C0070,WH-East,4,4757.22,19028.88,Delivered,2026-02-24,2026,2,February,1
O02585,2026-03-28,P057,C0519,WH-West,2,919.99,1839.98,Delivered,2026-04-03,2026,3,March,1
O02586,2025-03-06,P077,C0668,WH-East,7,12073.98,84517.86,Delivered,2025-03-14,2025,3,March,1
O02587,2025-06-03,P097,C0955,WH-East,3,7927.96,23783.88,Delivered,2025-06-08,2025,6,June,1
O02588,2025-09-23,P055,C0378,WH-West,1,1487.11,1487.11,Delivered,2025-09-27,2025,9,September,1
O02589,2025-03-20,P066,C0293,WH-North,1,9296.31,9296.31,Delivered,2025-03-28,2025,3,March,1
O02590,2025-11-11,P098,C0911,WH-North,3,2843.84,8531.52,Delivered,2025-11-13,2025,11,November,1
O02591,2025-09-05,P093,C0286,WH-East,6,11181.17,67087.02,Delivered,2025-09-12,2025,9,September,1
O02592,2026-02-18,P037,C0360,WH-North,4,2141.55,8566.2,Delivered,2026-02-21,2026,2,February,1
O02593,2025-01-25,P068,C0586,WH-North,1,7862.75,7862.75,Delivered,2025-01-28,2025,1,January,1
O02594,2025-10-11,P076,C0524,WH-North,7,2781.69,19471.83,Delivered,2025-10-20,2025,10,October,1
O02595,2026-03-25,P026,C0337,WH-North,2,8058.43,16116.86,Cancelled,Unknown,2026,3,March,0
O02596,2025-10-28,P061,C0624,WH-East,12,9046.33,108555.96,Delivered,2025-11-07,2025,10,October,1
O02597,2025-03-09,P092,C0542,WH-North,5,9918.59,49592.95,Delivered,2025-03-14,2025,3,March,1
O02598,2025-01-07,P067,C0897,WH-West,8,3626.7,29013.6,Delivered,2025-01-14,2025,1,January,1
O02599,2025-05-17,P084,C0036,WH-West,7,9567.6,66973.2,Delivered,2025-05-19,2025,5,May,1
O02600,2025-06-13,P074,C0488,WH-East,11,8610.83,94719.13,Delivered,2025-06-17,2025,6,June,1
O02601,2025-03-24,P052,C0379,WH-South,12,2109.04,25308.48,Delivered,2025-03-29,2025,3,March,1
O02602,2026-02-24,P018,C0344,WH-North,8,6842.11,54736.88,Cancelled,Unknown,2026,2,February,0
O02603,2025-03-14,P053,C0230,WH-West,13,8550.49,111156.37,Delivered,2025-03-16,2025,3,March,1
O02604,2025-08-25,P063,C0789,WH-South,10,6119.08,61190.8,Delivered,2025-08-30,2025,8,August,1
O02605,2025-02-15,P053,C0618,WH-West,14,8550.49,119706.86,Delivered,2025-02-21,2025,2,February,1
O02606,2025-09-19,P027,C0800,WH-West,11,3927.78,43205.58,Delivered,2025-09-24,2025,9,September,1
O02607,2025-06-25,P031,C0762,WH-South,6,1882.62,11295.72,Delivered,2025-07-03,2025,6,June,1
O02608,2025-06-15,P091,C0575,WH-North,7,3806.53,26645.71,Delivered,2025-06-24,2025,6,June,1
O02609,2026-01-05,P001,C0978,WH-East,9,2324.33,20918.97,Delivered,2026-01-14,2026,1,January,1
O02610,2025-02-23,P006,C0397,WH-East,6,716.9,4301.4,Delivered,2025-02-27,2025,2,February,1
O02611,2026-02-23,P011,C0421,WH-East,9,11449.02,103041.18,Delivered,2026-03-01,2026,2,February,1
O02612,2026-05-22,P034,C0556,WH-North,15,7873.1,118096.5,Delivered,2026-05-31,2026,5,May,1
O02613,2025-12-07,P084,C0661,WH-North,13,9567.6,124378.8,Delivered,2025-12-15,2025,12,December,1
O02614,2025-05-07,P063,C0402,WH-West,12,6119.08,73428.96,Delivered,2025-05-17,2025,5,May,1
O02615,2026-02-13,P053,C0488,WH-East,2,8550.49,17100.98,Delivered,2026-02-21,2026,2,February,1
O02616,2026-01-02,P085,C0046,WH-East,13,1090.03,14170.39,Processing,2026-01-05,2026,1,January,0
O02617,2025-09-28,P085,C0687,WH-West,2,1090.03,2180.06,Delivered,2025-10-03,2025,9,September,1
O02618,2026-01-14,P018,C0154,WH-West,14,6842.11,95789.54,Delivered,2026-01-23,2026,1,January,1
O02619,2025-03-14,P021,C0261,WH-South,2,2945.59,5891.18,Delivered,2025-03-24,2025,3,March,1
O02620,2025-09-05,P019,C0645,WH-South,6,6267.38,37604.28,Delivered,2025-09-13,2025,9,September,1
O02621,2025-02-12,P004,C0287,WH-North,2,5647.39,11294.78,Delivered,2025-02-18,2025,2,February,1
O02622,2026-01-12,P077,C0668,WH-East,3,12073.98,36221.94,Delivered,2026-01-14,2026,1,January,1
O02623,2025-02-10,P082,C0845,WH-West,13,7665.58,99652.54,Cancelled,Unknown,2025,2,February,0
O02624,2025-06-19,P029,C0753,WH-East,8,7630.58,61044.64,Cancelled,Unknown,2025,6,June,0
O02625,2025-07-31,P025,C0331,WH-North,8,2564.25,20514.0,Delivered,2025-08-03,2025,7,July,1
O02626,2026-05-08,P056,C0639,WH-East,11,888.53,9773.83,Delivered,2026-05-11,2026,5,May,1
O02627,2025-02-08,P077,C0705,WH-West,12,12073.98,144887.76,Delivered,2025-02-10,2025,2,February,1
O02628,2026-01-04,P063,C0472,WH-West,4,6119.08,24476.32,Delivered,2026-01-09,2026,1,January,1
O02629,2025-05-31,P027,C0269,WH-West,9,3927.78,35350.02,Delivered,2025-06-03,2025,5,May,1
O02630,2025-04-21,P060,C0634,WH-North,8,1239.87,9918.96,Delivered,2025-05-01,2025,4,April,1
O02631,2026-04-25,P083,C0658,WH-West,1,1377.9,1377.9,Delivered,2026-04-28,2026,4,April,1
O02632,2026-03-12,P049,C0664,WH-South,8,3014.05,24112.4,Delivered,2026-03-22,2026,3,March,1
O02633,2025-02-16,P065,C0157,WH-West,1,6932.91,6932.91,Delivered,2025-02-18,2025,2,February,1
O02634,2026-01-01,P038,C0668,WH-East,15,9847.32,147709.8,Returned,2026-01-09,2026,1,January,0
O02635,2025-03-10,P083,C0614,WH-West,4,1377.9,5511.6,Delivered,2025-03-17,2025,3,March,1
O02636,2025-10-26,P052,C0429,WH-West,10,2109.04,21090.4,Delivered,2025-11-02,2025,10,October,1
O02637,2025-10-23,P001,C0885,WH-East,6,2324.33,13945.98,Delivered,2025-10-26,2025,10,October,1
O02638,2025-07-22,P040,C0982,WH-North,7,7396.64,51776.48,Delivered,2025-07-24,2025,7,July,1
O02639,2025-03-02,P081,C0852,WH-North,10,8788.43,87884.3,Delivered,2025-03-11,2025,3,March,1
O02640,2025-11-10,P021,C0252,WH-North,13,2945.59,38292.67,Delivered,2025-11-19,2025,11,November,1
O02641,2025-06-10,P086,C0267,WH-North,4,3132.13,12528.52,Delivered,2025-06-13,2025,6,June,1
O02642,2025-11-27,P015,C0819,WH-West,8,10925.43,87403.44,Delivered,2025-12-02,2025,11,November,1
O02643,2026-06-12,P050,C0059,WH-West,8,1973.84,15790.72,Delivered,2026-06-17,2026,6,June,1
O02644,2025-12-04,P048,C0852,WH-South,14,8206.14,114885.96,Delivered,2025-12-07,2025,12,December,1
O02645,2025-10-31,P032,C0617,WH-North,14,8387.44,117424.16,Delivered,2025-11-10,2025,10,October,1
O02646,2026-05-18,P049,C0781,WH-East,14,3014.05,42196.7,Returned,2026-05-23,2026,5,May,0
O02647,2025-12-04,P068,C0559,WH-East,9,7862.75,70764.75,Delivered,2025-12-09,2025,12,December,1
O02648,2025-10-02,P045,C0600,WH-East,14,11503.77,161052.78,Delivered,2025-10-07,2025,10,October,1
O02649,2025-06-13,P032,C0171,WH-East,6,8387.44,50324.64,Delivered,2025-06-19,2025,6,June,1
O02650,2026-03-19,P004,C0664,WH-South,4,5647.39,22589.56,Delivered,2026-03-28,2026,3,March,1
O02651,2025-11-15,P065,C0688,WH-South,2,6932.91,13865.82,Delivered,2025-11-20,2025,11,November,1
O02652,2026-05-19,P097,C0319,WH-South,15,7927.96,118919.4,Delivered,2026-05-23,2026,5,May,1
O02653,2026-01-22,P071,C0657,WH-North,7,4401.72,30812.04,Delivered,2026-01-24,2026,1,January,1
O02654,2026-05-09,P073,C0837,WH-West,10,5286.08,52860.8,Delivered,2026-05-12,2026,5,May,1
O02655,2026-05-05,P065,C0822,WH-East,3,6932.91,20798.73,Delivered,2026-05-10,2026,5,May,1
O02656,2025-03-14,P080,C0734,WH-East,11,6733.38,74067.18,Cancelled,Unknown,2025,3,March,0
O02657,2026-05-24,P018,C0398,WH-South,13,6842.11,88947.43,Delivered,2026-05-26,2026,5,May,1
O02658,2026-01-25,P054,C0015,WH-North,12,5559.97,66719.64,Delivered,2026-02-01,2026,1,January,1
O02659,2025-10-22,P047,C0969,WH-South,3,9554.1,28662.3,Returned,2025-10-29,2025,10,October,0
O02660,2026-01-04,P006,C0462,WH-East,3,716.9,2150.7,Delivered,2026-01-08,2026,1,January,1
O02661,2025-07-06,P066,C0138,WH-East,4,9296.31,37185.24,Cancelled,Unknown,2025,7,July,0
O02662,2026-03-21,P009,C0762,WH-South,2,6820.58,13641.16,Delivered,2026-03-25,2026,3,March,1
O02663,2025-12-29,P068,C0150,WH-East,13,7862.75,102215.75,Delivered,2025-12-31,2025,12,December,1
O02664,2025-05-03,P023,C0863,WH-West,13,2561.5,33299.5,Delivered,2025-05-06,2025,5,May,1
O02665,2025-07-07,P043,C0781,WH-West,5,7218.47,36092.35,Delivered,2025-07-12,2025,7,July,1
O02666,2026-02-24,P051,C0593,WH-South,3,506.74,1520.22,Delivered,2026-03-01,2026,2,February,1
O02667,2025-09-09,P072,C0577,WH-West,10,7933.68,79336.8,Cancelled,Unknown,2025,9,September,0
O02668,2025-12-01,P025,C0654,WH-West,5,2564.25,12821.25,Cancelled,Unknown,2025,12,December,0
O02669,2025-04-02,P080,C0300,WH-South,12,6733.38,80800.56,Delivered,2025-04-09,2025,4,April,1
O02670,2026-06-14,P035,C0423,WH-South,13,10862.84,141216.92,Delivered,2026-06-18,2026,6,June,1
O02671,2025-03-04,P017,C0419,WH-South,7,8360.81,58525.67,Delivered,2025-03-06,2025,3,March,1
O02672,2026-05-27,P018,C0759,WH-West,9,6842.11,61578.99,Delivered,2026-06-06,2026,5,May,1
O02673,2025-05-19,P027,C0885,WH-East,2,3927.78,7855.56,Delivered,2025-05-24,2025,5,May,1
O02674,2025-07-04,P015,C0193,WH-North,9,10925.43,98328.87,Delivered,2025-07-14,2025,7,July,1
O02675,2025-07-24,P081,C0283,WH-East,10,8788.43,87884.3,Delivered,2025-07-30,2025,7,July,1
O02676,2025-08-02,P069,C0254,WH-South,6,7876.01,47256.06,Delivered,2025-08-10,2025,8,August,1
O02677,2025-09-13,P080,C0504,WH-East,12,6733.38,80800.56,Delivered,2025-09-17,2025,9,September,1
O02678,2025-05-15,P015,C0685,WH-North,6,10925.43,65552.58,Delivered,2025-05-19,2025,5,May,1
O02679,2025-03-29,P042,C0313,WH-East,11,4932.36,54255.96,Delivered,2025-04-07,2025,3,March,1
O02680,2025-07-26,P034,C0278,WH-South,3,7873.1,23619.3,Cancelled,Unknown,2025,7,July,0
O02681,2025-05-09,P048,C0802,WH-North,14,8206.14,114885.96,Delivered,2025-05-18,2025,5,May,1
O02682,2025-01-03,P083,C0905,WH-West,10,1377.9,13779.0,Delivered,2025-01-12,2025,1,January,1
O02683,2025-05-01,P008,C0818,WH-East,13,7685.98,99917.74,Processing,2025-05-05,2025,5,May,0
O02684,2026-01-20,P010,C0310,WH-West,9,8992.72,80934.48,Delivered,2026-01-22,2026,1,January,1
O02685,2025-02-07,P005,C0186,WH-West,4,5461.2,21844.8,Cancelled,Unknown,2025,2,February,0
O02686,2025-12-07,P048,C0868,WH-North,5,8206.14,41030.7,Delivered,2025-12-12,2025,12,December,1
O02687,2025-01-21,P026,C0224,WH-West,3,8058.43,24175.29,Cancelled,Unknown,2025,1,January,0
O02688,2025-08-30,P086,C0574,WH-West,5,3132.13,15660.65,Delivered,2025-09-09,2025,8,August,1
O02689,2026-03-31,P023,C0422,WH-East,8,2561.5,20492.0,Delivered,2026-04-04,2026,3,March,1
O02690,2025-10-30,P062,C0596,WH-North,8,11436.7,91493.6,Delivered,2025-11-05,2025,10,October,1
O02691,2025-03-10,P013,C0027,WH-South,14,359.86,5038.04,Delivered,2025-03-14,2025,3,March,1
O02692,2025-05-09,P009,C0381,WH-South,8,6820.58,54564.64,Delivered,2025-05-15,2025,5,May,1
O02693,2025-07-15,P020,C0320,WH-North,6,2297.9,13787.4,Delivered,2025-07-18,2025,7,July,1
O02694,2025-05-20,P092,C0131,WH-West,15,9918.59,148778.85,Delivered,2025-05-25,2025,5,May,1
O02695,2026-03-20,P057,C0639,WH-East,15,919.99,13799.85,Delivered,2026-03-23,2026,3,March,1
O02696,2025-10-10,P024,C0523,WH-West,1,5645.0,5645.0,Delivered,2025-10-14,2025,10,October,1
O02697,2025-11-08,P033,C0280,WH-South,11,7876.29,86639.19,Delivered,2025-11-14,2025,11,November,1
O02698,2026-06-19,P020,C0285,WH-East,10,2297.9,22979.0,Processing,2026-06-29,2026,6,June,0
O02699,2025-10-04,P060,C0197,WH-North,12,1239.87,14878.44,Delivered,2025-10-08,2025,10,October,1
O02700,2025-03-02,P048,C0737,WH-West,6,8206.14,49236.84,Delivered,2025-03-09,2025,3,March,1
O02701,2025-11-15,P064,C0776,WH-West,12,9772.25,117267.0,Delivered,2025-11-20,2025,11,November,1
O02702,2025-02-21,P030,C0275,WH-East,11,6989.65,76886.15,Delivered,2025-02-26,2025,2,February,1
O02703,2025-06-02,P073,C0068,WH-West,10,5286.08,52860.8,Delivered,2025-06-08,2025,6,June,1
O02704,2025-11-07,P017,C0233,WH-North,7,8360.81,58525.67,Delivered,2025-11-15,2025,11,November,1
O02705,2026-06-28,P100,C0611,WH-East,14,6160.6,86248.4,Delivered,2026-07-03,2026,6,June,1
O02706,2026-01-24,P014,C0222,WH-North,9,8215.45,73939.05,Delivered,2026-02-02,2026,1,January,1
O02707,2025-06-26,P019,C0453,WH-North,12,6267.38,75208.56,Returned,2025-07-06,2025,6,June,0
O02708,2025-12-28,P071,C0636,WH-North,8,4401.72,35213.76,Cancelled,Unknown,2025,12,December,0
O02709,2025-11-10,P059,C0304,WH-North,11,722.03,7942.33,Delivered,2025-11-20,2025,11,November,1
O02710,2025-04-07,P067,C0936,WH-West,12,3626.7,43520.4,Processing,2025-04-10,2025,4,April,0
O02711,2025-08-01,P097,C0614,WH-East,8,7927.96,63423.68,Delivered,2025-08-05,2025,8,August,1
O02712,2025-05-17,P044,C0963,WH-West,15,3533.01,52995.15,Delivered,2025-05-23,2025,5,May,1
O02713,2025-01-06,P032,C0400,WH-South,7,8387.44,58712.08,Delivered,2025-01-08,2025,1,January,1
O02714,2025-04-19,P011,C0320,WH-North,2,11449.02,22898.04,Delivered,2025-04-24,2025,4,April,1
O02715,2025-02-08,P002,C0264,WH-North,1,9662.88,9662.88,Returned,2025-02-14,2025,2,February,0
O02716,2026-03-01,P090,C0365,WH-South,15,2450.87,36763.05,Delivered,2026-03-11,2026,3,March,1
O02717,2025-09-18,P068,C0389,WH-South,2,7862.75,15725.5,Delivered,2025-09-27,2025,9,September,1
O02718,2026-03-02,P017,C0742,WH-North,15,8360.81,125412.15,Delivered,2026-03-04,2026,3,March,1
O02719,2025-03-28,P081,C0635,WH-West,6,8788.43,52730.58,Delivered,2025-04-01,2025,3,March,1
O02720,2026-04-10,P092,C0227,WH-West,13,9918.59,128941.67,Delivered,2026-04-14,2026,4,April,1
O02721,2025-03-17,P094,C0456,WH-North,2,9560.46,19120.92,Delivered,2025-03-24,2025,3,March,1
O02722,2026-04-16,P040,C0740,WH-East,10,7396.64,73966.4,Delivered,2026-04-21,2026,4,April,1
O02723,2026-02-18,P087,C0665,WH-South,4,6619.57,26478.28,Delivered,2026-02-23,2026,2,February,1
O02724,2026-04-02,P046,C0821,WH-West,15,2032.34,30485.1,Delivered,2026-04-04,2026,4,April,1
O02725,2025-10-12,P088,C0305,WH-East,10,7327.81,73278.1,Delivered,2025-10-17,2025,10,October,1
O02726,2025-08-27,P093,C0505,WH-North,3,11181.17,33543.51,Delivered,2025-08-29,2025,8,August,1
O02727,2026-01-07,P004,C0328,WH-North,6,5647.39,33884.34,Delivered,2026-01-13,2026,1,January,1
O02728,2026-05-10,P038,C0661,WH-West,12,9847.32,118167.84,Returned,2026-05-14,2026,5,May,0
O02729,2025-02-14,P063,C0819,WH-West,12,6119.08,73428.96,Delivered,2025-02-20,2025,2,February,1
O02730,2026-02-05,P029,C0942,WH-North,13,7630.58,99197.54,Delivered,2026-02-09,2026,2,February,1
O02731,2025-09-04,P019,C0521,WH-West,14,6267.38,87743.32,Delivered,2025-09-10,2025,9,September,1
O02732,2026-03-26,P091,C0320,WH-West,8,3806.53,30452.24,Delivered,2026-03-31,2026,3,March,1
O02733,2026-04-30,P029,C0736,WH-West,11,7630.58,83936.38,Delivered,2026-05-10,2026,4,April,1
O02734,2025-01-18,P100,C0492,WH-North,6,6160.6,36963.6,Delivered,2025-01-25,2025,1,January,1
O02735,2025-10-16,P035,C0461,WH-South,2,10862.84,21725.68,Returned,2025-10-19,2025,10,October,0
O02736,2026-02-18,P070,C0535,WH-East,5,2886.35,14431.75,Returned,2026-02-20,2026,2,February,0
O02737,2025-08-23,P023,C0444,WH-South,11,2561.5,28176.5,Delivered,2025-08-25,2025,8,August,1
O02738,2026-02-20,P046,C0443,WH-North,13,2032.34,26420.42,Returned,2026-02-22,2026,2,February,0
O02739,2026-05-14,P044,C0904,WH-East,6,3533.01,21198.06,Returned,2026-05-24,2026,5,May,0
O02740,2025-04-25,P048,C0704,WH-North,9,8206.14,73855.26,Delivered,2025-05-01,2025,4,April,1
O02741,2025-08-22,P052,C0227,WH-South,6,2109.04,12654.24,Delivered,2025-08-27,2025,8,August,1
O02742,2026-06-24,P008,C0566,WH-North,10,7685.98,76859.8,Delivered,2026-06-30,2026,6,June,1
O02743,2025-01-11,P055,C0604,WH-West,5,1487.11,7435.55,Delivered,2025-01-21,2025,1,January,1
O02744,2025-07-25,P066,C0527,WH-West,1,9296.31,9296.31,Delivered,2025-07-29,2025,7,July,1
O02745,2025-09-04,P077,C0820,WH-South,10,12073.98,120739.8,Delivered,2025-09-08,2025,9,September,1
O02746,2025-05-07,P040,C0989,WH-West,5,7396.64,36983.2,Delivered,2025-05-10,2025,5,May,1
O02747,2025-05-27,P085,C0691,WH-South,5,1090.03,5450.15,Returned,2025-06-05,2025,5,May,0
O02748,2025-04-28,P031,C0516,WH-North,6,1882.62,11295.72,Delivered,2025-05-06,2025,4,April,1
O02749,2026-01-17,P048,C0418,WH-North,7,8206.14,57442.98,Delivered,2026-01-20,2026,1,January,1
O02750,2026-02-16,P100,C0101,WH-South,13,6160.6,80087.8,Delivered,2026-02-21,2026,2,February,1
O02751,2025-12-29,P061,C0408,WH-East,13,9046.33,117602.29,Delivered,2026-01-06,2025,12,December,1
O02752,2026-05-24,P052,C0405,WH-South,4,2109.04,8436.16,Delivered,2026-05-26,2026,5,May,1
O02753,2025-05-17,P038,C0130,WH-East,7,9847.32,68931.24,Delivered,2025-05-19,2025,5,May,1
O02754,2025-06-24,P091,C0519,WH-South,5,3806.53,19032.65,Delivered,2025-07-03,2025,6,June,1
O02755,2025-10-16,P036,C0696,WH-North,6,9014.91,54089.46,Processing,2025-10-23,2025,10,October,0
O02756,2026-04-26,P087,C0843,WH-West,4,6619.57,26478.28,Delivered,2026-04-29,2026,4,April,1
O02757,2025-01-19,P055,C0844,WH-South,12,1487.11,17845.32,Delivered,2025-01-21,2025,1,January,1
O02758,2025-07-14,P085,C0964,WH-East,8,1090.03,8720.24,Delivered,2025-07-18,2025,7,July,1
O02759,2025-11-26,P013,C0035,WH-West,9,359.86,3238.74,Delivered,2025-12-01,2025,11,November,1
O02760,2025-06-24,P037,C0744,WH-East,2,2141.55,4283.1,Cancelled,Unknown,2025,6,June,0
O02761,2026-03-25,P047,C0154,WH-East,12,9554.1,114649.2,Delivered,2026-03-29,2026,3,March,1
O02762,2025-12-20,P090,C0402,WH-East,11,2450.87,26959.57,Delivered,2025-12-26,2025,12,December,1
O02763,2026-05-14,P071,C0064,WH-East,4,4401.72,17606.88,Delivered,2026-05-22,2026,5,May,1
O02764,2025-05-21,P022,C0759,WH-South,11,9065.34,99718.74,Delivered,2025-05-31,2025,5,May,1
O02765,2025-04-03,P039,C0890,WH-West,8,2741.34,21930.72,Delivered,2025-04-09,2025,4,April,1
O02766,2025-08-27,P087,C0568,WH-West,8,6619.57,52956.56,Delivered,2025-09-01,2025,8,August,1
O02767,2025-07-24,P058,C0229,WH-West,15,3596.21,53943.15,Delivered,2025-08-03,2025,7,July,1
O02768,2026-03-09,P030,C0976,WH-West,9,6989.65,62906.85,Delivered,2026-03-18,2026,3,March,1
O02769,2025-09-02,P018,C0823,WH-North,3,6842.11,20526.33,Delivered,2025-09-08,2025,9,September,1
O02770,2025-11-13,P018,C0908,WH-North,1,6842.11,6842.11,Delivered,2025-11-23,2025,11,November,1
O02771,2025-10-22,P074,C0253,WH-South,9,8610.83,77497.47,Returned,2025-11-01,2025,10,October,0
O02772,2025-10-09,P039,C0488,WH-West,1,2741.34,2741.34,Returned,2025-10-11,2025,10,October,0
O02773,2025-01-17,P094,C0805,WH-North,3,9560.46,28681.38,Delivered,2025-01-24,2025,1,January,1
O02774,2025-03-12,P026,C0564,WH-West,3,8058.43,24175.29,Delivered,2025-03-18,2025,3,March,1
O02775,2025-09-26,P071,C0915,WH-South,9,4401.72,39615.48,Delivered,2025-10-03,2025,9,September,1
O02776,2025-11-21,P007,C0015,WH-East,15,11389.37,170840.55,Delivered,2025-11-25,2025,11,November,1
O02777,2025-11-01,P069,C0895,WH-South,1,7876.01,7876.01,Delivered,2025-11-05,2025,11,November,1
O02778,2026-03-27,P065,C0854,WH-North,7,6932.91,48530.37,Delivered,2026-04-02,2026,3,March,1
O02779,2025-01-07,P046,C0340,WH-North,2,2032.34,4064.68,Delivered,2025-01-15,2025,1,January,1
O02780,2025-11-10,P018,C0363,WH-North,7,6842.11,47894.77,Delivered,2025-11-15,2025,11,November,1
O02781,2025-04-13,P013,C0180,WH-South,15,359.86,5397.9,Cancelled,Unknown,2025,4,April,0
O02782,2025-07-12,P025,C0589,WH-South,15,2564.25,38463.75,Cancelled,Unknown,2025,7,July,0
O02783,2026-06-13,P008,C0215,WH-South,1,7685.98,7685.98,Delivered,2026-06-16,2026,6,June,1
O02784,2025-06-20,P074,C0735,WH-West,13,8610.83,111940.79,Delivered,2025-06-22,2025,6,June,1
O02785,2026-06-21,P032,C0154,WH-North,10,8387.44,83874.4,Delivered,2026-06-28,2026,6,June,1
O02786,2025-09-08,P017,C0045,WH-South,10,8360.81,83608.1,Delivered,2025-09-14,2025,9,September,1
O02787,2026-01-22,P079,C0352,WH-South,8,8889.27,71114.16,Cancelled,Unknown,2026,1,January,0
O02788,2025-07-26,P079,C0021,WH-West,10,8889.27,88892.7,Processing,2025-08-03,2025,7,July,0
O02789,2026-06-25,P048,C0593,WH-North,13,8206.14,106679.82,Delivered,2026-06-27,2026,6,June,1
O02790,2026-02-20,P063,C0989,WH-East,10,6119.08,61190.8,Delivered,2026-02-27,2026,2,February,1
O02791,2026-01-15,P040,C0565,WH-East,2,7396.64,14793.28,Delivered,2026-01-23,2026,1,January,1
O02792,2025-05-24,P084,C0669,WH-North,3,9567.6,28702.8,Delivered,2025-05-28,2025,5,May,1
O02793,2025-01-25,P015,C0944,WH-West,14,10925.43,152956.02,Processing,2025-02-04,2025,1,January,0
O02794,2025-03-14,P099,C0982,WH-North,8,1477.4,11819.2,Delivered,2025-03-17,2025,3,March,1
O02795,2025-04-03,P006,C0369,WH-East,3,716.9,2150.7,Delivered,2025-04-05,2025,4,April,1
O02796,2026-05-20,P094,Unknown,WH-South,1,9560.46,9560.46,Delivered,2026-05-30,2026,5,May,1
O02797,2025-12-02,P063,C0694,WH-North,9,6119.08,55071.72,Delivered,2025-12-10,2025,12,December,1
O02798,2026-03-01,P008,C0078,WH-East,8,7685.98,61487.84,Delivered,2026-03-03,2026,3,March,1
O02799,2026-05-14,P095,C0895,WH-South,15,5427.18,81407.7,Delivered,2026-05-19,2026,5,May,1
O02800,2025-12-30,P032,C0119,WH-North,4,8387.44,33549.76,Delivered,2026-01-03,2025,12,December,1
O02801,2025-07-18,P045,C0359,WH-West,8,11503.77,92030.16,Delivered,2025-07-26,2025,7,July,1
O02802,2026-02-17,P052,C0855,WH-East,14,2109.04,29526.56,Delivered,2026-02-23,2026,2,February,1
O02803,2025-12-05,P079,C0617,WH-South,5,8889.27,44446.35,Delivered,2025-12-15,2025,12,December,1
O02804,2026-03-05,P082,C0514,WH-South,3,7665.58,22996.74,Returned,2026-03-09,2026,3,March,0
O02805,2025-05-19,P013,C0627,WH-West,1,359.86,359.86,Delivered,2025-05-26,2025,5,May,1
O02806,2026-06-26,P024,C0503,WH-East,13,5645.0,73385.0,Delivered,2026-06-29,2026,6,June,1
O02807,2025-02-26,P040,C0032,WH-South,10,7396.64,73966.4,Delivered,2025-03-02,2025,2,February,1
O02808,2025-08-20,P014,C0358,WH-West,5,8215.45,41077.25,Delivered,2025-08-25,2025,8,August,1
O02809,2026-03-11,P092,C0062,WH-East,11,9918.59,109104.49,Delivered,2026-03-18,2026,3,March,1
O02810,2026-01-19,P075,C0097,WH-West,6,4757.22,28543.32,Delivered,2026-01-21,2026,1,January,1
O02811,2025-07-13,P070,C0378,WH-West,4,2886.35,11545.4,Returned,2025-07-20,2025,7,July,0
O02812,2026-06-18,P062,C0647,WH-West,7,11436.7,80056.9,Delivered,2026-06-23,2026,6,June,1
O02813,2026-06-02,P089,C0496,WH-West,3,5210.42,15631.26,Delivered,2026-06-11,2026,6,June,1
O02814,2025-07-04,P061,C0610,WH-East,7,9046.33,63324.31,Delivered,2025-07-14,2025,7,July,1
O02815,2025-10-19,P001,C0452,WH-West,14,2324.33,32540.62,Delivered,2025-10-28,2025,10,October,1
O02816,2025-12-01,P089,C0215,WH-West,1,5210.42,5210.42,Processing,2025-12-10,2025,12,December,0
O02817,2025-04-26,P066,C0084,WH-South,7,9296.31,65074.17,Delivered,2025-04-29,2025,4,April,1
O02818,2025-02-18,P032,C0406,WH-East,1,8387.44,8387.44,Delivered,2025-02-21,2025,2,February,1
O02819,2025-03-23,P013,C0669,WH-East,13,359.86,4678.18,Delivered,2025-03-30,2025,3,March,1
O02820,2025-11-29,P033,C0107,WH-West,11,7876.29,86639.19,Delivered,2025-12-05,2025,11,November,1
O02821,2025-12-01,P032,C0489,WH-West,1,8387.44,8387.44,Delivered,2025-12-08,2025,12,December,1
O02822,2026-06-16,P056,C0357,WH-North,2,888.53,1777.06,Delivered,2026-06-26,2026,6,June,1
O02823,2025-08-09,P024,C0131,WH-West,2,5645.0,11290.0,Delivered,2025-08-17,2025,8,August,1
O02824,2025-11-19,P091,C0022,WH-East,4,3806.53,15226.12,Delivered,2025-11-25,2025,11,November,1
O02825,2025-01-03,P004,C0596,WH-South,13,5647.39,73416.07,Delivered,2025-01-11,2025,1,January,1
O02826,2025-07-25,P088,C0601,WH-East,1,7327.81,7327.81,Delivered,2025-08-03,2025,7,July,1
O02827,2025-02-09,P023,C0226,WH-South,4,2561.5,10246.0,Delivered,2025-02-11,2025,2,February,1
O02828,2025-02-28,P029,C0106,WH-West,2,7630.58,15261.16,Delivered,2025-03-08,2025,2,February,1
O02829,2026-05-22,P098,C0949,WH-North,4,2843.84,11375.36,Delivered,2026-05-27,2026,5,May,1
O02830,2025-05-02,P021,C0861,WH-South,4,2945.59,11782.36,Delivered,2025-05-08,2025,5,May,1
O02831,2026-04-24,P030,Unknown,WH-East,9,6989.65,62906.85,Delivered,2026-04-27,2026,4,April,1
O02832,2025-04-06,P090,C0394,WH-West,9,2450.87,22057.83,Delivered,2025-04-12,2025,4,April,1
O02833,2026-02-18,P020,C0871,WH-South,1,2297.9,2297.9,Delivered,2026-02-28,2026,2,February,1
O02834,2025-08-23,P016,C0101,WH-North,5,6037.0,30185.0,Delivered,2025-08-25,2025,8,August,1
O02835,2025-03-03,P067,C0808,WH-North,7,3626.7,25386.9,Delivered,2025-03-07,2025,3,March,1
O02836,2025-09-13,P049,C0882,WH-North,4,3014.05,12056.2,Delivered,2025-09-18,2025,9,September,1
O02837,2025-12-14,P058,C0148,WH-West,12,3596.21,43154.52,Delivered,2025-12-24,2025,12,December,1
O02838,2025-05-04,P044,C0893,WH-South,5,3533.01,17665.05,Delivered,2025-05-07,2025,5,May,1
O02839,2026-04-27,P025,C0230,WH-South,2,2564.25,5128.5,Delivered,2026-05-05,2026,4,April,1
O02840,2025-11-13,P023,C0087,WH-West,3,2561.5,7684.5,Delivered,2025-11-23,2025,11,November,1
O02841,2026-05-19,P059,C0523,WH-South,7,722.03,5054.21,Processing,2026-05-24,2026,5,May,0
O02842,2025-02-17,P001,C0648,WH-West,10,2324.33,23243.3,Delivered,2025-02-23,2025,2,February,1
O02843,2026-02-13,P097,C0093,WH-North,13,7927.96,103063.48,Cancelled,Unknown,2026,2,February,0
O02844,2025-05-16,P015,C0804,WH-South,15,10925.43,163881.45,Delivered,2025-05-24,2025,5,May,1
O02845,2025-07-20,P081,C0153,WH-North,7,8788.43,61519.01,Delivered,2025-07-29,2025,7,July,1
O02846,2025-09-07,P098,C0423,WH-West,4,2843.84,11375.36,Delivered,2025-09-16,2025,9,September,1
O02847,2025-11-10,P081,C0354,WH-North,12,8788.43,105461.16,Cancelled,Unknown,2025,11,November,0
O02848,2026-01-03,P052,C0879,WH-East,1,2109.04,2109.04,Delivered,2026-01-06,2026,1,January,1
O02849,2026-03-05,P058,C0608,WH-West,1,3596.21,3596.21,Processing,2026-03-12,2026,3,March,0
O02850,2026-04-25,P041,C0574,WH-East,4,10031.16,40124.64,Delivered,2026-04-27,2026,4,April,1
O02851,2025-11-10,P044,C0873,WH-West,4,3533.01,14132.04,Delivered,2025-11-20,2025,11,November,1
O02852,2026-05-15,P004,C0983,WH-North,6,5647.39,33884.34,Processing,2026-05-23,2026,5,May,0
O02853,2025-12-21,P077,C0917,WH-North,7,12073.98,84517.86,Returned,2025-12-30,2025,12,December,0
O02854,2026-04-30,P068,C0915,WH-North,9,7862.75,70764.75,Delivered,2026-05-08,2026,4,April,1
O02855,2025-07-30,P007,C0409,WH-East,9,11389.37,102504.33,Delivered,2025-08-05,2025,7,July,1
O02856,2025-02-13,P046,C0087,WH-North,10,2032.34,20323.4,Delivered,2025-02-19,2025,2,February,1
O02857,2026-06-25,P009,C0211,WH-East,12,6820.58,81846.96,Delivered,2026-07-03,2026,6,June,1
O02858,2025-04-02,P087,C0901,WH-East,15,6619.57,99293.55,Delivered,2025-04-10,2025,4,April,1
O02859,2025-09-22,P033,C0383,WH-South,12,7876.29,94515.48,Delivered,2025-09-25,2025,9,September,1
O02860,2025-08-08,P033,C0595,WH-South,5,7876.29,39381.45,Delivered,2025-08-11,2025,8,August,1
O02861,2026-03-18,P084,C0739,WH-South,10,9567.6,95676.0,Delivered,2026-03-26,2026,3,March,1
O02862,2026-02-05,P004,C0524,WH-West,11,5647.39,62121.29,Delivered,2026-02-11,2026,2,February,1
O02863,2026-02-04,P065,C0871,WH-East,3,6932.91,20798.73,Delivered,2026-02-07,2026,2,February,1
O02864,2026-05-05,P034,C0153,WH-North,3,7873.1,23619.3,Delivered,2026-05-07,2026,5,May,1
O02865,2026-04-30,P091,C0005,WH-South,15,3806.53,57097.95,Processing,2026-05-10,2026,4,April,0
O02866,2026-04-15,P085,C0076,WH-West,6,1090.03,6540.18,Delivered,2026-04-24,2026,4,April,1
O02867,2026-03-21,P088,C0411,WH-East,1,7327.81,7327.81,Delivered,2026-03-24,2026,3,March,1
O02868,2025-09-26,P079,C0004,WH-West,7,8889.27,62224.89,Returned,2025-09-29,2025,9,September,0
O02869,2025-09-24,P099,C0372,WH-North,3,1477.4,4432.2,Delivered,2025-09-28,2025,9,September,1
O02870,2025-02-23,P064,C0083,WH-South,5,9772.25,48861.25,Delivered,2025-02-28,2025,2,February,1
O02871,2026-06-12,P025,C0941,WH-East,7,2564.25,17949.75,Processing,2026-06-22,2026,6,June,0
O02872,2026-06-04,P055,C0431,WH-West,7,1487.11,10409.77,Delivered,2026-06-11,2026,6,June,1
O02873,2025-02-28,P009,C0472,WH-South,9,6820.58,61385.22,Returned,2025-03-04,2025,2,February,0
O02874,2025-02-09,P017,C0362,WH-South,1,8360.81,8360.81,Delivered,2025-02-18,2025,2,February,1
O02875,2025-08-25,P021,C0412,WH-East,3,2945.59,8836.77,Delivered,2025-09-01,2025,8,August,1
O02876,2026-01-21,P060,C0993,WH-South,9,1239.87,11158.83,Delivered,2026-01-30,2026,1,January,1
O02877,2025-10-27,P013,C0035,WH-West,8,359.86,2878.88,Delivered,2025-10-30,2025,10,October,1
O02878,2026-01-30,P003,C0242,WH-East,2,8874.43,17748.86,Processing,2026-02-08,2026,1,January,0
O02879,2025-07-26,P068,C0656,WH-East,8,7862.75,62902.0,Delivered,2025-08-01,2025,7,July,1
O02880,2025-12-02,P004,C0908,WH-South,8,5647.39,45179.12,Delivered,2025-12-07,2025,12,December,1
O02881,2026-05-29,P092,C0080,WH-North,2,9918.59,19837.18,Delivered,2026-06-02,2026,5,May,1
O02882,2025-06-27,P007,C0075,WH-North,8,11389.37,91114.96,Delivered,2025-07-07,2025,6,June,1
O02883,2026-01-31,P026,C0811,WH-North,3,8058.43,24175.29,Delivered,2026-02-08,2026,1,January,1
O02884,2026-01-06,P075,C0284,WH-West,7,4757.22,33300.54,Delivered,2026-01-14,2026,1,January,1
O02885,2025-11-14,P024,C0727,WH-East,13,5645.0,73385.0,Delivered,2025-11-21,2025,11,November,1
O02886,2026-01-04,P010,C0758,WH-South,9,8992.72,80934.48,Processing,2026-01-14,2026,1,January,0
O02887,2026-01-19,P013,C0238,WH-North,4,359.86,1439.44,Delivered,2026-01-23,2026,1,January,1
O02888,2025-03-03,P044,C0337,WH-South,15,3533.01,52995.15,Delivered,2025-03-05,2025,3,March,1
O02889,2026-05-20,P039,C0531,WH-North,11,2741.34,30154.74,Delivered,2026-05-28,2026,5,May,1
O02890,2025-08-27,P019,C0971,WH-North,6,6267.38,37604.28,Delivered,2025-09-06,2025,8,August,1
O02891,2025-07-14,P051,C0964,WH-South,9,506.74,4560.66,Delivered,2025-07-21,2025,7,July,1
O02892,2025-08-10,P019,C0586,WH-West,11,6267.38,68941.18,Delivered,2025-08-13,2025,8,August,1
O02893,2025-03-02,P076,C0891,WH-South,11,2781.69,30598.59,Delivered,2025-03-11,2025,3,March,1
O02894,2025-05-09,P052,C0567,WH-South,5,2109.04,10545.2,Delivered,2025-05-19,2025,5,May,1
O02895,2025-06-05,P086,C0083,WH-West,12,3132.13,37585.56,Cancelled,Unknown,2025,6,June,0
O02896,2026-01-13,P047,C0676,WH-West,1,9554.1,9554.1,Delivered,2026-01-23,2026,1,January,1
O02897,2026-03-13,P030,C0318,WH-South,3,6989.65,20968.95,Delivered,2026-03-15,2026,3,March,1
O02898,2025-07-26,P046,C0875,WH-West,11,2032.34,22355.74,Delivered,2025-07-30,2025,7,July,1
O02899,2026-01-23,P076,C0679,WH-North,15,2781.69,41725.35,Delivered,2026-01-27,2026,1,January,1
O02900,2026-04-25,P093,C0628,WH-West,9,11181.17,100630.53,Delivered,2026-05-05,2026,4,April,1
O02901,2025-12-06,P021,C0297,WH-South,3,2945.59,8836.77,Returned,2025-12-10,2025,12,December,0
O02902,2025-12-06,P075,C0700,WH-West,11,4757.22,52329.42,Delivered,2025-12-08,2025,12,December,1
O02903,2025-07-23,P048,C0767,WH-East,11,8206.14,90267.54,Returned,2025-07-27,2025,7,July,0
O02904,2025-06-10,P062,C0342,WH-West,10,11436.7,114367.0,Delivered,2025-06-13,2025,6,June,1
O02905,2026-06-24,P058,C0834,WH-North,2,3596.21,7192.42,Delivered,2026-07-04,2026,6,June,1
O02906,2026-01-27,P018,C0955,WH-East,4,6842.11,27368.44,Delivered,2026-01-29,2026,1,January,1
O02907,2026-06-18,P059,C0865,WH-North,5,722.03,3610.15,Returned,2026-06-21,2026,6,June,0
O02908,2025-03-11,P091,C0424,WH-North,7,3806.53,26645.71,Delivered,2025-03-13,2025,3,March,1
O02909,2026-02-09,P048,C0987,WH-East,7,8206.14,57442.98,Returned,2026-02-19,2026,2,February,0
O02910,2026-06-01,P063,C0019,WH-North,9,6119.08,55071.72,Delivered,2026-06-09,2026,6,June,1
O02911,2025-04-30,P012,C0823,WH-East,13,3219.93,41859.09,Delivered,2025-05-02,2025,4,April,1
O02912,2025-08-05,P087,C0880,WH-North,8,6619.57,52956.56,Delivered,2025-08-12,2025,8,August,1
O02913,2025-02-25,P034,C0814,WH-South,13,7873.1,102350.3,Delivered,2025-03-03,2025,2,February,1
O02914,2026-01-01,P061,C0004,WH-North,15,9046.33,135694.95,Delivered,2026-01-07,2026,1,January,1
O02915,2026-05-19,P087,C0467,WH-East,2,6619.57,13239.14,Delivered,2026-05-24,2026,5,May,1
O02916,2026-03-31,P053,C0190,WH-South,12,8550.49,102605.88,Cancelled,Unknown,2026,3,March,0
O02917,2025-04-14,P025,C0281,WH-South,8,2564.25,20514.0,Delivered,2025-04-23,2025,4,April,1
O02918,2025-03-18,P062,C0063,WH-West,8,11436.7,91493.6,Cancelled,Unknown,2025,3,March,0
O02919,2025-08-18,P004,C0966,WH-West,5,5647.39,28236.95,Delivered,2025-08-24,2025,8,August,1
O02920,2025-09-15,P094,C0879,WH-West,15,9560.46,143406.9,Delivered,2025-09-25,2025,9,September,1
O02921,2025-09-21,P094,C0781,WH-South,13,9560.46,124285.98,Delivered,2025-09-29,2025,9,September,1
O02922,2025-11-27,P013,C0254,WH-West,3,359.86,1079.58,Delivered,2025-11-30,2025,11,November,1
O02923,2025-07-01,P042,C0627,WH-South,9,4932.36,44391.24,Delivered,2025-07-09,2025,7,July,1
O02924,2025-01-27,P049,C0854,WH-West,12,3014.05,36168.6,Returned,2025-02-04,2025,1,January,0
O02925,2025-10-03,P078,C0772,WH-North,7,8749.35,61245.45,Delivered,2025-10-08,2025,10,October,1
O02926,2025-10-26,P056,C0002,WH-West,1,888.53,888.53,Returned,2025-11-04,2025,10,October,0
O02927,2025-04-01,P047,C0067,WH-East,8,9554.1,76432.8,Processing,2025-04-06,2025,4,April,0
O02928,2026-04-25,P008,C0878,WH-West,10,7685.98,76859.8,Delivered,2026-05-03,2026,4,April,1
O02929,2026-04-03,P055,C0286,WH-South,13,1487.11,19332.43,Delivered,2026-04-08,2026,4,April,1
O02930,2026-03-27,P088,C0132,WH-East,5,7327.81,36639.05,Delivered,2026-04-05,2026,3,March,1
O02931,2025-12-31,P018,C0048,WH-East,6,6842.11,41052.66,Delivered,2026-01-04,2025,12,December,1
O02932,2025-12-17,P035,C0555,WH-South,9,10862.84,97765.56,Delivered,2025-12-20,2025,12,December,1
O02933,2026-02-04,P089,C0605,WH-East,10,5210.42,52104.2,Delivered,2026-02-11,2026,2,February,1
O02934,2025-09-10,P081,C0941,WH-East,15,8788.43,131826.45,Delivered,2025-09-18,2025,9,September,1
O02935,2026-04-04,P032,C0993,WH-East,14,8387.44,117424.16,Delivered,2026-04-12,2026,4,April,1
O02936,2026-05-14,P024,C0653,WH-West,8,5645.0,45160.0,Delivered,2026-05-21,2026,5,May,1
O02937,2026-05-23,P007,C0047,WH-East,14,11389.37,159451.18,Delivered,2026-06-01,2026,5,May,1
O02938,2025-10-31,P013,C0231,WH-North,11,359.86,3958.46,Delivered,2025-11-07,2025,10,October,1
O02939,2026-05-16,P091,C0736,WH-North,14,3806.53,53291.42,Cancelled,Unknown,2026,5,May,0
O02940,2025-06-15,P069,C0284,WH-West,14,7876.01,110264.14,Delivered,2025-06-19,2025,6,June,1
O02941,2026-02-19,P100,C0549,WH-West,3,6160.6,18481.8,Delivered,2026-02-22,2026,2,February,1
O02942,2026-04-07,P090,C0028,WH-North,13,2450.87,31861.31,Processing,2026-04-15,2026,4,April,0
O02943,2025-04-24,P042,C0411,WH-East,5,4932.36,24661.8,Delivered,2025-05-01,2025,4,April,1
O02944,2026-03-09,P031,C0473,WH-North,4,1882.62,7530.48,Delivered,2026-03-11,2026,3,March,1
O02945,2025-12-22,P074,C0670,WH-South,14,8610.83,120551.62,Delivered,2025-12-25,2025,12,December,1
O02946,2025-07-26,P026,C0902,WH-East,1,8058.43,8058.43,Returned,2025-07-29,2025,7,July,0
O02947,2025-08-23,P086,C0222,WH-North,5,3132.13,15660.65,Returned,2025-08-25,2025,8,August,0
O02948,2026-03-18,P076,C0376,WH-North,10,2781.69,27816.9,Delivered,2026-03-22,2026,3,March,1
O02949,2025-12-21,P032,C0009,WH-East,7,8387.44,58712.08,Delivered,2025-12-27,2025,12,December,1
O02950,2026-05-30,P091,C0902,WH-East,1,3806.53,3806.53,Delivered,2026-06-04,2026,5,May,1
O02951,2025-07-27,P097,C0413,WH-East,4,7927.96,31711.84,Delivered,2025-07-30,2025,7,July,1
O02952,2025-05-05,P052,C0471,WH-West,6,2109.04,12654.24,Delivered,2025-05-14,2025,5,May,1
O02953,2025-05-18,P020,C0070,WH-South,11,2297.9,25276.9,Delivered,2025-05-28,2025,5,May,1
O02954,2025-12-05,P040,C0342,WH-West,12,7396.64,88759.68,Delivered,2025-12-14,2025,12,December,1
O02955,2026-06-21,P059,C0066,WH-North,9,722.03,6498.27,Delivered,2026-06-29,2026,6,June,1
O02956,2025-03-09,P077,C0607,WH-South,11,12073.98,132813.78,Delivered,2025-03-12,2025,3,March,1
O02957,2026-06-25,P014,C0693,WH-West,8,8215.45,65723.6,Delivered,2026-07-02,2026,6,June,1
O02958,2026-01-18,P044,C0070,WH-North,2,3533.01,7066.02,Delivered,2026-01-23,2026,1,January,1
O02959,2025-01-19,P086,C0746,WH-East,11,3132.13,34453.43,Returned,2025-01-25,2025,1,January,0
O02960,2026-03-26,P082,C0261,WH-North,3,7665.58,22996.74,Delivered,2026-04-05,2026,3,March,1
O02961,2025-03-15,P048,C0532,WH-East,10,8206.14,82061.4,Delivered,2025-03-25,2025,3,March,1
O02962,2025-10-03,P093,C0396,WH-West,13,11181.17,145355.21,Delivered,2025-10-08,2025,10,October,1
O02963,2025-02-17,P043,C0358,WH-North,5,7218.47,36092.35,Delivered,2025-02-26,2025,2,February,1
O02964,2025-07-30,P016,C0358,WH-South,11,6037.0,66407.0,Delivered,2025-08-05,2025,7,July,1
O02965,2026-06-24,P035,C0392,WH-North,7,10862.84,76039.88,Delivered,2026-07-04,2026,6,June,1
O02966,2025-07-10,P053,C0376,WH-East,3,8550.49,25651.47,Delivered,2025-07-13,2025,7,July,1
O02967,2025-11-11,P034,C0186,WH-West,12,7873.1,94477.2,Delivered,2025-11-16,2025,11,November,1
O02968,2025-04-23,P003,C0305,WH-South,7,8874.43,62121.01,Delivered,2025-04-27,2025,4,April,1
O02969,2025-06-19,P068,C0064,WH-South,5,7862.75,39313.75,Returned,2025-06-27,2025,6,June,0
O02970,2026-04-13,P005,C0178,WH-West,10,5461.2,54612.0,Delivered,2026-04-16,2026,4,April,1
O02971,2025-01-14,P010,C0235,WH-West,6,8992.72,53956.32,Delivered,2025-01-18,2025,1,January,1
O02972,2025-10-15,P052,C0865,WH-North,6,2109.04,12654.24,Delivered,2025-10-25,2025,10,October,1
O02973,2025-07-08,P029,C0762,WH-North,11,7630.58,83936.38,Delivered,2025-07-17,2025,7,July,1
O02974,2025-06-04,P096,C0807,WH-South,11,6299.54,69294.94,Cancelled,Unknown,2025,6,June,0
O02975,2026-04-16,P031,C0040,WH-North,14,1882.62,26356.68,Delivered,2026-04-23,2026,4,April,1
O02976,2025-03-16,P066,C0287,WH-East,12,9296.31,111555.72,Delivered,2025-03-20,2025,3,March,1
O02977,2025-10-04,P076,C0259,WH-East,4,2781.69,11126.76,Delivered,2025-10-11,2025,10,October,1
O02978,2025-12-09,P091,C0467,WH-North,12,3806.53,45678.36,Returned,2025-12-15,2025,12,December,0
O02979,2026-03-01,P069,C0240,WH-South,8,7876.01,63008.08,Delivered,2026-03-06,2026,3,March,1
O02980,2026-05-26,P037,C0503,WH-North,9,2141.55,19273.95,Delivered,2026-06-03,2026,5,May,1
O02981,2025-07-01,P027,C0584,WH-West,2,3927.78,7855.56,Delivered,2025-07-09,2025,7,July,1
O02982,2026-04-03,P087,C0542,WH-West,9,6619.57,59576.13,Processing,2026-04-08,2026,4,April,0
O02983,2025-03-05,P033,C0351,WH-South,11,7876.29,86639.19,Delivered,2025-03-09,2025,3,March,1
O02984,2025-09-17,P068,C0541,WH-South,12,7862.75,94353.0,Delivered,2025-09-22,2025,9,September,1
O02985,2025-07-12,P059,C0966,WH-West,4,722.03,2888.12,Delivered,2025-07-15,2025,7,July,1
O02986,2026-02-10,P064,C0312,WH-West,6,9772.25,58633.5,Delivered,2026-02-15,2026,2,February,1
O02987,2025-04-03,P085,C0962,WH-East,14,1090.03,15260.42,Delivered,2025-04-08,2025,4,April,1
O02988,2026-03-06,P088,C0599,WH-North,7,7327.81,51294.67,Delivered,2026-03-12,2026,3,March,1
O02989,2026-03-10,P044,C0108,WH-South,4,3533.01,14132.04,Delivered,2026-03-12,2026,3,March,1
O02990,2026-02-08,P095,Unknown,WH-West,8,5427.18,43417.44,Returned,2026-02-11,2026,2,February,0
O02991,2026-03-10,P088,C0030,WH-South,13,7327.81,95261.53,Delivered,2026-03-19,2026,3,March,1
O02992,2025-04-22,P049,C0309,WH-West,14,3014.05,42196.7,Delivered,2025-05-01,2025,4,April,1
O02993,2026-01-10,P053,C0486,WH-South,10,8550.49,85504.9,Delivered,2026-01-19,2026,1,January,1
O02994,2025-02-28,P074,C0046,WH-South,8,8610.83,68886.64,Delivered,2025-03-06,2025,2,February,1
O02995,2025-02-12,P049,C0359,WH-East,1,3014.05,3014.05,Delivered,2025-02-21,2025,2,February,1
O02996,2025-07-26,P066,C0137,WH-East,8,9296.31,74370.48,Delivered,2025-08-05,2025,7,July,1
O02997,2025-10-23,P095,C0775,WH-East,10,5427.18,54271.8,Delivered,2025-10-28,2025,10,October,1
O02998,2025-04-28,P063,C0575,WH-East,14,6119.08,85667.12,Delivered,2025-05-03,2025,4,April,1
O02999,2026-06-16,P025,C0431,WH-East,12,2564.25,30771.0,Processing,2026-06-24,2026,6,June,0
O03000,2025-08-10,P004,C0556,WH-West,3,5647.39,16942.17,Delivered,2025-08-16,2025,8,August,1
O03001,2025-06-15,P051,C0251,WH-North,5,506.74,2533.7,Delivered,2025-06-17,2025,6,June,1
O03002,2025-06-05,P011,C0433,WH-West,14,11449.02,160286.28,Delivered,2025-06-14,2025,6,June,1
O03003,2025-07-03,P017,C0847,WH-North,10,8360.81,83608.1,Delivered,2025-07-08,2025,7,July,1
O03004,2025-03-31,P066,C0207,WH-East,8,9296.31,74370.48,Processing,2025-04-09,2025,3,March,0
O03005,2025-04-04,P070,C0981,WH-South,11,2886.35,31749.85,Delivered,2025-04-07,2025,4,April,1
O03006,2025-01-13,P073,C0446,WH-South,6,5286.08,31716.48,Delivered,2025-01-18,2025,1,January,1
O03007,2026-03-14,P069,C0059,WH-North,4,7876.01,31504.04,Delivered,2026-03-17,2026,3,March,1
O03008,2026-06-22,P084,C0206,WH-North,15,9567.6,143514.0,Delivered,2026-06-28,2026,6,June,1
O03009,2025-05-30,P029,C0971,WH-West,4,7630.58,30522.32,Delivered,2025-06-08,2025,5,May,1
O03010,2025-01-08,P085,C0331,WH-North,12,1090.03,13080.36,Delivered,2025-01-16,2025,1,January,1
O03011,2025-01-29,P073,C0596,WH-West,4,5286.08,21144.32,Delivered,2025-02-04,2025,1,January,1
O03012,2025-10-23,P092,C0525,WH-East,6,9918.59,59511.54,Delivered,2025-10-31,2025,10,October,1
O03013,2025-12-06,P072,C0749,WH-South,7,7933.68,55535.76,Delivered,2025-12-12,2025,12,December,1
O03014,2026-03-15,P095,C0158,WH-South,13,5427.18,70553.34,Delivered,2026-03-23,2026,3,March,1
O03015,2025-05-24,P020,C0104,WH-West,5,2297.9,11489.5,Delivered,2025-05-29,2025,5,May,1
O03016,2026-06-03,P027,C0359,WH-North,10,3927.78,39277.8,Delivered,2026-06-08,2026,6,June,1
O03017,2025-02-14,P008,C0852,WH-West,14,7685.98,107603.72,Delivered,2025-02-19,2025,2,February,1
O03018,2025-08-27,P085,C0365,WH-North,8,1090.03,8720.24,Delivered,2025-09-05,2025,8,August,1
O03019,2025-06-04,P061,C0555,WH-North,7,9046.33,63324.31,Delivered,2025-06-06,2025,6,June,1
O03020,2025-06-30,P028,C0179,WH-North,8,1732.59,13860.72,Cancelled,Unknown,2025,6,June,0
O03021,2025-08-03,P087,C0358,WH-West,15,6619.57,99293.55,Delivered,2025-08-06,2025,8,August,1
O03022,2025-03-29,P070,C0264,WH-East,4,2886.35,11545.4,Delivered,2025-04-03,2025,3,March,1
O03023,2025-09-13,P003,C0755,WH-South,8,8874.43,70995.44,Delivered,2025-09-19,2025,9,September,1
O03024,2026-05-26,P069,C0549,WH-West,13,7876.01,102388.13,Processing,2026-06-04,2026,5,May,0
O03025,2025-03-14,P073,C0874,WH-East,6,5286.08,31716.48,Delivered,2025-03-17,2025,3,March,1
O03026,2025-06-28,P007,C0353,WH-South,3,11389.37,34168.11,Delivered,2025-07-01,2025,6,June,1
O03027,2025-07-31,P060,C0858,WH-West,13,1239.87,16118.31,Delivered,2025-08-03,2025,7,July,1
O03028,2025-08-22,P004,C0364,WH-West,8,5647.39,45179.12,Delivered,2025-08-31,2025,8,August,1
O03029,2026-04-10,P005,C0250,WH-East,13,5461.2,70995.6,Delivered,2026-04-14,2026,4,April,1
O03030,2025-08-11,P011,C0120,WH-West,7,11449.02,80143.14,Delivered,2025-08-17,2025,8,August,1
O03031,2025-09-21,P015,C0192,WH-South,10,10925.43,109254.3,Delivered,2025-09-24,2025,9,September,1
O03032,2025-07-26,P064,C0807,WH-East,5,9772.25,48861.25,Delivered,2025-08-02,2025,7,July,1
O03033,2026-01-01,P098,C0904,WH-West,11,2843.84,31282.24,Delivered,2026-01-08,2026,1,January,1
O03034,2025-10-03,P013,C0062,WH-South,4,359.86,1439.44,Delivered,2025-10-06,2025,10,October,1
O03035,2026-01-15,P007,C0210,WH-West,1,11389.37,11389.37,Delivered,2026-01-20,2026,1,January,1
O03036,2025-11-05,P006,C0807,WH-East,10,716.9,7169.0,Delivered,2025-11-08,2025,11,November,1
O03037,2025-09-25,P056,C0910,WH-West,3,888.53,2665.59,Delivered,2025-09-30,2025,9,September,1
O03038,2025-03-05,P064,C0052,WH-South,2,9772.25,19544.5,Processing,2025-03-13,2025,3,March,0
O03039,2025-12-16,P050,C0722,WH-North,8,1973.84,15790.72,Delivered,2025-12-22,2025,12,December,1
O03040,2026-05-09,P030,C0313,WH-West,14,6989.65,97855.1,Delivered,2026-05-14,2026,5,May,1
O03041,2026-06-07,P022,C0917,WH-West,8,9065.34,72522.72,Delivered,2026-06-11,2026,6,June,1
O03042,2025-04-08,P025,C0279,WH-South,12,2564.25,30771.0,Delivered,2025-04-15,2025,4,April,1
O03043,2025-03-12,P028,C0388,WH-South,5,1732.59,8662.95,Delivered,2025-03-15,2025,3,March,1
O03044,2025-12-30,P084,C0202,WH-East,14,9567.6,133946.4,Delivered,2026-01-04,2025,12,December,1
O03045,2025-10-03,P039,C0939,WH-North,5,2741.34,13706.7,Delivered,2025-10-12,2025,10,October,1
O03046,2025-02-19,P067,C0139,WH-East,15,3626.7,54400.5,Delivered,2025-02-22,2025,2,February,1
O03047,2025-12-24,P005,C0852,WH-South,11,5461.2,60073.2,Cancelled,Unknown,2025,12,December,0
O03048,2026-04-30,P065,C0019,WH-South,4,6932.91,27731.64,Delivered,2026-05-03,2026,4,April,1
O03049,2025-03-25,P015,C0321,WH-South,1,10925.43,10925.43,Delivered,2025-04-03,2025,3,March,1
O03050,2025-10-23,P090,C0095,WH-South,1,2450.87,2450.87,Delivered,2025-11-01,2025,10,October,1
O03051,2025-08-24,P067,C0130,WH-East,13,3626.7,47147.1,Delivered,2025-09-01,2025,8,August,1
O03052,2025-02-25,P040,C0105,WH-North,6,7396.64,44379.84,Delivered,2025-03-04,2025,2,February,1
O03053,2025-12-26,P098,C0945,WH-South,15,2843.84,42657.6,Delivered,2025-12-28,2025,12,December,1
O03054,2025-04-20,P069,C0197,WH-East,4,7876.01,31504.04,Delivered,2025-04-23,2025,4,April,1
O03055,2025-07-11,P095,C0930,WH-East,4,5427.18,21708.72,Delivered,2025-07-19,2025,7,July,1
O03056,2025-04-03,P077,C0260,WH-East,3,12073.98,36221.94,Delivered,2025-04-08,2025,4,April,1
O03057,2025-03-01,P043,C0987,WH-East,14,7218.47,101058.58,Delivered,2025-03-11,2025,3,March,1
O03058,2025-02-08,P001,C0039,WH-East,9,2324.33,20918.97,Delivered,2025-02-12,2025,2,February,1
O03059,2026-06-24,P022,C0501,WH-South,3,9065.34,27196.02,Delivered,2026-06-29,2026,6,June,1
O03060,2025-02-18,P062,C0817,WH-South,8,11436.7,91493.6,Delivered,2025-02-22,2025,2,February,1
O03061,2026-02-24,P079,C0131,WH-North,2,8889.27,17778.54,Delivered,2026-03-04,2026,2,February,1
O03062,2025-01-13,P026,C0154,WH-North,4,8058.43,32233.72,Delivered,2025-01-16,2025,1,January,1
O03063,2025-02-05,P018,C0553,WH-North,1,6842.11,6842.11,Delivered,2025-02-08,2025,2,February,1
O03064,2025-04-11,P048,C0321,WH-North,11,8206.14,90267.54,Delivered,2025-04-14,2025,4,April,1
O03065,2025-03-27,P009,C0122,WH-West,5,6820.58,34102.9,Delivered,2025-04-01,2025,3,March,1
O03066,2026-05-31,P001,C0756,WH-East,2,2324.33,4648.66,Delivered,2026-06-09,2026,5,May,1
O03067,2025-08-11,P009,C0757,WH-East,11,6820.58,75026.38,Delivered,2025-08-20,2025,8,August,1
O03068,2025-12-04,P023,C0144,WH-East,13,2561.5,33299.5,Delivered,2025-12-13,2025,12,December,1
O03069,2025-06-15,P045,C0186,WH-West,1,11503.77,11503.77,Delivered,2025-06-24,2025,6,June,1
O03070,2026-01-18,P002,C0547,WH-East,1,9662.88,9662.88,Delivered,2026-01-26,2026,1,January,1
O03071,2026-01-11,P014,C0211,WH-East,2,8215.45,16430.9,Delivered,2026-01-18,2026,1,January,1
O03072,2026-04-16,P038,C0400,WH-East,5,9847.32,49236.6,Delivered,2026-04-24,2026,4,April,1
O03073,2025-01-31,P040,C0033,WH-East,12,7396.64,88759.68,Delivered,2025-02-06,2025,1,January,1
O03074,2026-01-10,P063,C0159,WH-East,15,6119.08,91786.2,Returned,2026-01-19,2026,1,January,0
O03075,2025-01-11,P082,C0406,WH-North,15,7665.58,114983.7,Delivered,2025-01-14,2025,1,January,1
O03076,2025-10-29,P016,C0829,WH-West,9,6037.0,54333.0,Delivered,2025-11-04,2025,10,October,1
O03077,2025-04-06,P093,C0364,WH-South,6,11181.17,67087.02,Delivered,2025-04-14,2025,4,April,1
O03078,2025-07-09,P075,C0980,WH-North,12,4757.22,57086.64,Processing,2025-07-19,2025,7,July,0
O03079,2026-03-29,P006,C0704,WH-West,4,716.9,2867.6,Returned,2026-03-31,2026,3,March,0
O03080,2025-07-11,P003,C0966,WH-East,15,8874.43,133116.45,Delivered,2025-07-21,2025,7,July,1
O03081,2026-05-01,P014,C0163,WH-West,3,8215.45,24646.35,Delivered,2026-05-05,2026,5,May,1
O03082,2025-09-23,P066,C0764,WH-East,8,9296.31,74370.48,Delivered,2025-09-25,2025,9,September,1
O03083,2026-02-28,P096,C0551,WH-East,3,6299.54,18898.62,Delivered,2026-03-08,2026,2,February,1
O03084,2025-05-08,P095,C0131,WH-West,1,5427.18,5427.18,Delivered,2025-05-12,2025,5,May,1
O03085,2025-08-26,P075,C0096,WH-South,4,4757.22,19028.88,Delivered,2025-09-04,2025,8,August,1
O03086,2025-12-21,P086,C0653,WH-East,11,3132.13,34453.43,Delivered,2025-12-24,2025,12,December,1
O03087,2025-04-22,P067,C0270,WH-East,13,3626.7,47147.1,Delivered,2025-04-27,2025,4,April,1
O03088,2026-03-22,P031,C0681,WH-North,5,1882.62,9413.1,Delivered,2026-03-25,2026,3,March,1
O03089,2025-12-09,P033,C0904,WH-West,5,7876.29,39381.45,Returned,2025-12-14,2025,12,December,0
O03090,2025-05-25,P088,C0367,WH-West,5,7327.81,36639.05,Delivered,2025-05-27,2025,5,May,1
O03091,2025-03-06,P001,C0787,WH-West,8,2324.33,18594.64,Delivered,2025-03-12,2025,3,March,1
O03092,2025-09-04,P044,C0365,WH-North,8,3533.01,28264.08,Delivered,2025-09-08,2025,9,September,1
O03093,2026-05-05,P015,C0910,WH-West,12,10925.43,131105.16,Processing,2026-05-15,2026,5,May,0
O03094,2026-03-15,P037,C0971,WH-West,13,2141.55,27840.15,Delivered,2026-03-20,2026,3,March,1
O03095,2025-04-16,P027,C0434,WH-East,4,3927.78,15711.12,Delivered,2025-04-23,2025,4,April,1
O03096,2025-06-30,P048,C0611,WH-South,15,8206.14,123092.1,Delivered,2025-07-10,2025,6,June,1
O03097,2025-07-03,P027,C0061,WH-South,9,3927.78,35350.02,Delivered,2025-07-06,2025,7,July,1
O03098,2025-08-14,P012,C0932,WH-North,1,3219.93,3219.93,Delivered,2025-08-22,2025,8,August,1
O03099,2025-03-30,P067,C0323,WH-West,5,3626.7,18133.5,Delivered,2025-04-03,2025,3,March,1
O03100,2026-06-14,P030,C0729,WH-North,5,6989.65,34948.25,Delivered,2026-06-16,2026,6,June,1
O03101,2026-01-06,P096,C0589,WH-South,5,6299.54,31497.7,Delivered,2026-01-16,2026,1,January,1
O03102,2026-02-03,P087,C0208,WH-North,8,6619.57,52956.56,Delivered,2026-02-13,2026,2,February,1
O03103,2025-04-16,P066,C0348,WH-East,9,9296.31,83666.79,Delivered,2025-04-21,2025,4,April,1
O03104,2025-09-28,P007,C0045,WH-East,3,11389.37,34168.11,Delivered,2025-10-08,2025,9,September,1
O03105,2026-05-18,P034,C0347,WH-East,9,7873.1,70857.9,Delivered,2026-05-26,2026,5,May,1
O03106,2026-06-09,P032,C0714,WH-West,13,8387.44,109036.72,Delivered,2026-06-14,2026,6,June,1
O03107,2025-02-01,P039,C0722,WH-East,11,2741.34,30154.74,Delivered,2025-02-04,2025,2,February,1
O03108,2026-01-28,P096,C0840,WH-North,8,6299.54,50396.32,Delivered,2026-02-03,2026,1,January,1
O03109,2025-02-09,P043,C0647,WH-East,3,7218.47,21655.41,Processing,2025-02-18,2025,2,February,0
O03110,2025-08-06,P043,C0369,WH-West,2,7218.47,14436.94,Delivered,2025-08-13,2025,8,August,1
O03111,2025-03-23,P078,C0534,WH-East,15,8749.35,131240.25,Delivered,2025-03-29,2025,3,March,1
O03112,2025-07-20,P003,C0358,WH-East,4,8874.43,35497.72,Delivered,2025-07-25,2025,7,July,1
O03113,2026-03-23,P046,C0495,WH-West,15,2032.34,30485.1,Delivered,2026-03-30,2026,3,March,1
O03114,2026-03-04,P032,C0905,WH-West,13,8387.44,109036.72,Delivered,2026-03-08,2026,3,March,1
O03115,2025-02-07,P043,C0060,WH-East,12,7218.47,86621.64,Delivered,2025-02-10,2025,2,February,1
O03116,2025-07-30,P100,C0298,WH-South,2,6160.6,12321.2,Delivered,2025-08-01,2025,7,July,1
O03117,2026-03-20,P081,C0059,WH-East,4,8788.43,35153.72,Delivered,2026-03-30,2026,3,March,1
O03118,2025-11-23,P003,C0424,WH-North,5,8874.43,44372.15,Cancelled,Unknown,2025,11,November,0
O03119,2025-08-15,P074,C0231,WH-West,2,8610.83,17221.66,Delivered,2025-08-20,2025,8,August,1
O03120,2025-02-17,P063,C0797,WH-East,12,6119.08,73428.96,Delivered,2025-02-24,2025,2,February,1
O03121,2025-01-18,P040,C0695,WH-South,8,7396.64,59173.12,Delivered,2025-01-28,2025,1,January,1
O03122,2026-03-15,P018,C0448,WH-East,1,6842.11,6842.11,Delivered,2026-03-20,2026,3,March,1
O03123,2025-07-06,P067,C0613,WH-North,3,3626.7,10880.1,Delivered,2025-07-14,2025,7,July,1
O03124,2025-12-11,P062,C0626,WH-West,7,11436.7,80056.9,Delivered,2025-12-19,2025,12,December,1
O03125,2025-08-12,P010,C0368,WH-North,10,8992.72,89927.2,Delivered,2025-08-19,2025,8,August,1
O03126,2026-05-03,P052,C0554,WH-South,1,2109.04,2109.04,Delivered,2026-05-13,2026,5,May,1
O03127,2025-08-17,P073,C0029,WH-North,13,5286.08,68719.04,Delivered,2025-08-25,2025,8,August,1
O03128,2026-01-25,P046,C0988,WH-North,11,2032.34,22355.74,Delivered,2026-01-29,2026,1,January,1
O03129,2025-07-07,P055,C0277,WH-West,15,1487.11,22306.65,Delivered,2025-07-14,2025,7,July,1
O03130,2025-09-27,P046,C0609,WH-North,2,2032.34,4064.68,Delivered,2025-10-05,2025,9,September,1
O03131,2025-11-06,P075,C0703,WH-South,3,4757.22,14271.66,Delivered,2025-11-14,2025,11,November,1
O03132,2025-05-12,P060,C0379,WH-South,14,1239.87,17358.18,Delivered,2025-05-19,2025,5,May,1
O03133,2025-03-13,P097,C0831,WH-West,14,7927.96,110991.44,Processing,2025-03-17,2025,3,March,0
O03134,2025-07-06,P100,C0986,WH-South,2,6160.6,12321.2,Delivered,2025-07-13,2025,7,July,1
O03135,2026-05-01,P026,C0038,WH-South,2,8058.43,16116.86,Delivered,2026-05-04,2026,5,May,1
O03136,2025-07-10,P027,C0207,WH-South,12,3927.78,47133.36,Cancelled,Unknown,2025,7,July,0
O03137,2026-02-26,P038,C0706,WH-South,11,9847.32,108320.52,Delivered,2026-03-07,2026,2,February,1
O03138,2025-04-30,P022,C0652,WH-South,6,9065.34,54392.04,Delivered,2025-05-04,2025,4,April,1
O03139,2025-08-08,P026,C0289,WH-South,7,8058.43,56409.01,Delivered,2025-08-17,2025,8,August,1
O03140,2025-02-22,P086,C0975,WH-South,6,3132.13,18792.78,Delivered,2025-02-26,2025,2,February,1
O03141,2026-03-27,P069,C0493,WH-East,11,7876.01,86636.11,Delivered,2026-03-30,2026,3,March,1
O03142,2026-02-16,P035,C0769,WH-South,6,10862.84,65177.04,Delivered,2026-02-25,2026,2,February,1
O03143,2025-08-25,P066,C0225,WH-West,15,9296.31,139444.65,Delivered,2025-08-29,2025,8,August,1
O03144,2026-02-10,P099,C0452,WH-East,9,1477.4,13296.6,Delivered,2026-02-19,2026,2,February,1
O03145,2026-02-26,P073,C0028,WH-South,8,5286.08,42288.64,Delivered,2026-03-01,2026,2,February,1
O03146,2025-09-04,P051,C0702,WH-South,14,506.74,7094.36,Delivered,2025-09-09,2025,9,September,1
O03147,2025-03-13,P018,C0757,WH-West,8,6842.11,54736.88,Processing,2025-03-23,2025,3,March,0
O03148,2025-07-04,P043,C0334,WH-South,6,7218.47,43310.82,Processing,2025-07-06,2025,7,July,0
O03149,2025-01-06,P012,C0373,WH-East,5,3219.93,16099.65,Delivered,2025-01-09,2025,1,January,1
O03150,2025-07-25,P003,C0827,WH-East,9,8874.43,79869.87,Delivered,2025-07-28,2025,7,July,1
O03151,2026-06-28,P082,C0561,WH-West,12,7665.58,91986.96,Delivered,2026-07-08,2026,6,June,1
O03152,2026-01-22,P007,C0301,WH-South,2,11389.37,22778.74,Delivered,2026-01-28,2026,1,January,1
O03153,2025-03-17,P097,C0204,WH-West,7,7927.96,55495.72,Delivered,2025-03-22,2025,3,March,1
O03154,2025-06-26,P006,C0379,WH-South,6,716.9,4301.4,Delivered,2025-07-01,2025,6,June,1
O03155,2025-12-15,P082,C0902,WH-East,7,7665.58,53659.06,Delivered,2025-12-23,2025,12,December,1
O03156,2025-09-12,P045,C0115,WH-South,12,11503.77,138045.24,Delivered,2025-09-16,2025,9,September,1
O03157,2025-11-04,P086,C0020,WH-South,4,3132.13,12528.52,Delivered,2025-11-14,2025,11,November,1
O03158,2025-12-11,P039,C0597,WH-East,9,2741.34,24672.06,Delivered,2025-12-17,2025,12,December,1
O03159,2025-05-07,P051,C0912,WH-East,7,506.74,3547.18,Delivered,2025-05-17,2025,5,May,1
O03160,2025-10-14,P009,C0396,WH-East,2,6820.58,13641.16,Delivered,2025-10-16,2025,10,October,1
O03161,2026-05-02,P099,C0765,WH-South,13,1477.4,19206.2,Delivered,2026-05-11,2026,5,May,1
O03162,2026-01-18,P023,C0052,WH-West,4,2561.5,10246.0,Delivered,2026-01-21,2026,1,January,1
O03163,2026-02-10,P012,C0660,WH-East,5,3219.93,16099.65,Delivered,2026-02-19,2026,2,February,1
O03164,2026-01-23,P088,C0186,WH-South,2,7327.81,14655.62,Processing,2026-01-28,2026,1,January,0
O03165,2026-06-09,P062,C0685,WH-West,10,11436.7,114367.0,Delivered,2026-06-12,2026,6,June,1
O03166,2025-10-03,P073,C0353,WH-North,8,5286.08,42288.64,Delivered,2025-10-06,2025,10,October,1
O03167,2026-05-15,P077,C0114,WH-North,1,12073.98,12073.98,Delivered,2026-05-22,2026,5,May,1
O03168,2025-12-03,P040,C0514,WH-South,15,7396.64,110949.6,Delivered,2025-12-07,2025,12,December,1
O03169,2026-04-26,P054,C0546,WH-South,3,5559.97,16679.91,Returned,2026-04-30,2026,4,April,0
O03170,2025-09-30,P081,C0282,WH-East,15,8788.43,131826.45,Delivered,2025-10-10,2025,9,September,1
O03171,2025-02-27,P007,C0673,WH-South,14,11389.37,159451.18,Cancelled,Unknown,2025,2,February,0
O03172,2025-11-24,P017,C0170,WH-West,1,8360.81,8360.81,Delivered,2025-12-02,2025,11,November,1
O03173,2025-04-19,P050,C0606,WH-South,15,1973.84,29607.6,Delivered,2025-04-25,2025,4,April,1
O03174,2025-10-06,P024,C0760,WH-West,5,5645.0,28225.0,Delivered,2025-10-09,2025,10,October,1
O03175,2025-11-24,P002,C0321,WH-West,8,9662.88,77303.04,Cancelled,Unknown,2025,11,November,0
O03176,2025-11-11,P099,C0366,WH-East,7,1477.4,10341.8,Processing,2025-11-21,2025,11,November,0
O03177,2026-04-19,P092,C0520,WH-West,9,9918.59,89267.31,Delivered,2026-04-22,2026,4,April,1
O03178,2025-04-21,P083,C0833,WH-South,2,1377.9,2755.8,Delivered,2025-04-24,2025,4,April,1
O03179,2025-08-17,P033,C0110,WH-West,12,7876.29,94515.48,Delivered,2025-08-22,2025,8,August,1
O03180,2026-05-12,P021,C0906,WH-North,8,2945.59,23564.72,Delivered,2026-05-21,2026,5,May,1
O03181,2025-06-05,P074,C0544,WH-West,8,8610.83,68886.64,Delivered,2025-06-11,2025,6,June,1
O03182,2026-04-18,P053,C0563,WH-South,14,8550.49,119706.86,Delivered,2026-04-24,2026,4,April,1
O03183,2025-09-29,P046,C0953,WH-East,6,2032.34,12194.04,Delivered,2025-10-07,2025,9,September,1
O03184,2025-01-02,P045,C0680,WH-South,3,11503.77,34511.31,Delivered,2025-01-07,2025,1,January,1
O03185,2026-05-26,P009,C0578,WH-South,2,6820.58,13641.16,Delivered,2026-06-05,2026,5,May,1
O03186,2025-10-13,P006,C0543,WH-South,14,716.9,10036.6,Delivered,2025-10-18,2025,10,October,1
O03187,2025-01-13,P051,C0959,WH-North,8,506.74,4053.92,Cancelled,Unknown,2025,1,January,0
O03188,2026-05-13,P035,C0324,WH-East,6,10862.84,65177.04,Delivered,2026-05-17,2026,5,May,1
O03189,2025-08-26,P082,C0952,WH-North,4,7665.58,30662.32,Delivered,2025-09-02,2025,8,August,1
O03190,2025-04-04,P053,C0012,WH-West,5,8550.49,42752.45,Delivered,2025-04-06,2025,4,April,1
O03191,2025-12-04,P019,C0799,WH-West,5,6267.38,31336.9,Delivered,2025-12-12,2025,12,December,1
O03192,2025-06-20,P069,C0023,WH-North,13,7876.01,102388.13,Delivered,2025-06-28,2025,6,June,1
O03193,2026-04-12,P025,C0161,WH-East,9,2564.25,23078.25,Delivered,2026-04-15,2026,4,April,1
O03194,2025-05-23,P011,C0264,WH-West,13,11449.02,148837.26,Delivered,2025-05-29,2025,5,May,1
O03195,2025-07-20,P074,C0702,WH-East,13,8610.83,111940.79,Delivered,2025-07-25,2025,7,July,1
O03196,2025-06-29,P017,C0380,WH-North,9,8360.81,75247.29,Processing,2025-07-09,2025,6,June,0
O03197,2025-12-30,P036,C0753,WH-West,8,9014.91,72119.28,Delivered,2026-01-02,2025,12,December,1
O03198,2026-04-24,P090,C0080,WH-North,8,2450.87,19606.96,Delivered,2026-04-28,2026,4,April,1
O03199,2026-04-16,P095,C0271,WH-West,12,5427.18,65126.16,Delivered,2026-04-18,2026,4,April,1
O03200,2026-01-19,P096,C0425,WH-South,2,6299.54,12599.08,Delivered,2026-01-25,2026,1,January,1
O03201,2026-02-21,P021,C0616,WH-East,14,2945.59,41238.26,Delivered,2026-02-25,2026,2,February,1
O03202,2025-11-04,P018,C0436,WH-North,3,6842.11,20526.33,Delivered,2025-11-09,2025,11,November,1
O03203,2026-01-02,P060,C0922,WH-South,14,1239.87,17358.18,Processing,2026-01-07,2026,1,January,0
O03204,2025-01-01,P018,C0078,WH-North,8,6842.11,54736.88,Delivered,2025-01-08,2025,1,January,1
O03205,2025-02-13,P001,C0524,WH-North,13,2324.33,30216.29,Delivered,2025-02-21,2025,2,February,1
O03206,2025-04-08,P014,C0795,WH-East,5,8215.45,41077.25,Delivered,2025-04-16,2025,4,April,1
O03207,2025-09-22,P008,C0111,WH-North,7,7685.98,53801.86,Delivered,2025-10-01,2025,9,September,1
O03208,2025-05-20,P066,C0991,WH-East,14,9296.31,130148.34,Delivered,2025-05-24,2025,5,May,1
O03209,2026-04-26,P051,C0452,WH-North,8,506.74,4053.92,Delivered,2026-05-02,2026,4,April,1
O03210,2025-08-25,P079,C0414,WH-West,6,8889.27,53335.62,Delivered,2025-09-01,2025,8,August,1
O03211,2025-03-13,P060,C0260,WH-South,15,1239.87,18598.05,Delivered,2025-03-20,2025,3,March,1
O03212,2025-07-09,P034,C0822,WH-West,5,7873.1,39365.5,Delivered,2025-07-18,2025,7,July,1
O03213,2025-09-25,P036,C0351,WH-East,8,9014.91,72119.28,Delivered,2025-10-01,2025,9,September,1
O03214,2025-11-17,P062,C0930,WH-East,1,11436.7,11436.7,Delivered,2025-11-23,2025,11,November,1
O03215,2025-04-17,P001,C0708,WH-South,1,2324.33,2324.33,Delivered,2025-04-19,2025,4,April,1
O03216,2025-08-20,P085,C0852,WH-East,1,1090.03,1090.03,Delivered,2025-08-22,2025,8,August,1
O03217,2025-02-11,P042,C0184,WH-West,3,4932.36,14797.08,Delivered,2025-02-18,2025,2,February,1
O03218,2025-05-19,P001,C0658,WH-South,10,2324.33,23243.3,Delivered,2025-05-25,2025,5,May,1
O03219,2025-09-30,P096,C0175,WH-East,13,6299.54,81894.02,Delivered,2025-10-07,2025,9,September,1
O03220,2026-04-26,P084,C0712,WH-East,12,9567.6,114811.2,Delivered,2026-05-06,2026,4,April,1
O03221,2026-02-20,P054,C0700,WH-East,6,5559.97,33359.82,Delivered,2026-03-01,2026,2,February,1
O03222,2026-05-21,P047,C0618,WH-East,6,9554.1,57324.6,Delivered,2026-05-29,2026,5,May,1
O03223,2026-02-28,P100,C0955,WH-North,5,6160.6,30803.0,Delivered,2026-03-08,2026,2,February,1
O03224,2026-02-11,P039,C0386,WH-North,13,2741.34,35637.42,Delivered,2026-02-18,2026,2,February,1
O03225,2026-01-25,P030,C0889,WH-North,13,6989.65,90865.45,Delivered,2026-02-01,2026,1,January,1
O03226,2025-12-08,P007,C0585,WH-East,14,11389.37,159451.18,Delivered,2025-12-10,2025,12,December,1
O03227,2026-05-08,P022,C0272,WH-North,7,9065.34,63457.38,Cancelled,Unknown,2026,5,May,0
O03228,2025-07-11,P050,C0726,WH-East,5,1973.84,9869.2,Delivered,2025-07-17,2025,7,July,1
O03229,2026-05-14,P045,C0186,WH-West,14,11503.77,161052.78,Cancelled,Unknown,2026,5,May,0
O03230,2025-08-21,P074,C0652,WH-East,2,8610.83,17221.66,Delivered,2025-08-28,2025,8,August,1
O03231,2025-08-15,P072,C0901,WH-South,4,7933.68,31734.72,Delivered,2025-08-24,2025,8,August,1
O03232,2026-01-06,P091,C0167,WH-South,1,3806.53,3806.53,Delivered,2026-01-10,2026,1,January,1
O03233,2025-05-19,P010,C0143,WH-South,7,8992.72,62949.04,Delivered,2025-05-28,2025,5,May,1
O03234,2025-05-29,P014,C0493,WH-East,4,8215.45,32861.8,Delivered,2025-06-06,2025,5,May,1
O03235,2025-04-25,P046,C0072,WH-South,13,2032.34,26420.42,Delivered,2025-04-27,2025,4,April,1
O03236,2026-03-26,P075,C0344,WH-South,4,4757.22,19028.88,Delivered,2026-03-30,2026,3,March,1
O03237,2025-03-04,P006,C0499,WH-East,13,716.9,9319.7,Delivered,2025-03-09,2025,3,March,1
O03238,2025-04-14,P021,C0147,WH-East,4,2945.59,11782.36,Delivered,2025-04-24,2025,4,April,1
O03239,2025-09-30,P062,C0613,WH-North,3,11436.7,34310.1,Delivered,2025-10-07,2025,9,September,1
O03240,2025-01-06,P097,C0501,WH-East,8,7927.96,63423.68,Cancelled,Unknown,2025,1,January,0
O03241,2025-05-27,P019,C0338,WH-North,4,6267.38,25069.52,Delivered,2025-06-02,2025,5,May,1
O03242,2025-07-03,P088,C0085,WH-East,8,7327.81,58622.48,Delivered,2025-07-07,2025,7,July,1
O03243,2025-01-28,P082,C0817,WH-West,9,7665.58,68990.22,Cancelled,Unknown,2025,1,January,0
O03244,2025-04-29,P099,C0891,WH-South,1,1477.4,1477.4,Delivered,2025-05-07,2025,4,April,1
O03245,2025-10-20,P062,C0807,WH-West,15,11436.7,171550.5,Delivered,2025-10-30,2025,10,October,1
O03246,2026-01-06,P083,C0846,WH-East,4,1377.9,5511.6,Delivered,2026-01-16,2026,1,January,1
O03247,2025-09-01,P053,C0143,WH-West,6,8550.49,51302.94,Delivered,2025-09-10,2025,9,September,1
O03248,2025-08-06,P024,C0891,WH-North,8,5645.0,45160.0,Cancelled,Unknown,2025,8,August,0
O03249,2025-06-26,P056,C0311,WH-East,14,888.53,12439.42,Delivered,2025-07-04,2025,6,June,1
O03250,2025-10-26,P062,C0369,WH-East,6,11436.7,68620.2,Delivered,2025-10-31,2025,10,October,1
O03251,2025-02-27,P034,C0707,WH-West,12,7873.1,94477.2,Delivered,2025-03-05,2025,2,February,1
O03252,2025-09-26,P022,C0696,WH-South,6,9065.34,54392.04,Delivered,2025-10-01,2025,9,September,1
O03253,2025-11-04,P068,C0813,WH-East,10,7862.75,78627.5,Delivered,2025-11-08,2025,11,November,1
O03254,2025-10-15,P057,C0971,WH-South,4,919.99,3679.96,Delivered,2025-10-17,2025,10,October,1
O03255,2025-04-15,P010,C0441,WH-West,9,8992.72,80934.48,Delivered,2025-04-21,2025,4,April,1
O03256,2025-08-16,P066,C0067,WH-West,7,9296.31,65074.17,Delivered,2025-08-19,2025,8,August,1
O03257,2025-09-04,P008,C0734,WH-West,14,7685.98,107603.72,Delivered,2025-09-11,2025,9,September,1
O03258,2026-05-09,P097,C0774,WH-North,11,7927.96,87207.56,Delivered,2026-05-15,2026,5,May,1
O03259,2025-03-24,P038,C0838,WH-East,6,9847.32,59083.92,Delivered,2025-03-27,2025,3,March,1
O03260,2025-07-05,P062,C0927,WH-West,1,11436.7,11436.7,Delivered,2025-07-14,2025,7,July,1
O03261,2025-09-09,P028,C0534,WH-West,2,1732.59,3465.18,Delivered,2025-09-15,2025,9,September,1
O03262,2025-12-21,P010,C0341,WH-North,12,8992.72,107912.64,Returned,2025-12-24,2025,12,December,0
O03263,2025-07-29,P045,C0678,WH-East,6,11503.77,69022.62,Delivered,2025-07-31,2025,7,July,1
O03264,2026-03-23,P065,C0102,WH-South,11,6932.91,76262.01,Delivered,2026-03-26,2026,3,March,1
O03265,2026-04-05,P098,C0314,WH-East,15,2843.84,42657.6,Delivered,2026-04-07,2026,4,April,1
O03266,2026-04-17,P067,C0966,WH-West,1,3626.7,3626.7,Delivered,2026-04-21,2026,4,April,1
O03267,2026-01-05,P009,C0925,WH-South,15,6820.58,102308.7,Delivered,2026-01-09,2026,1,January,1
O03268,2026-05-07,P005,C0952,WH-North,15,5461.2,81918.0,Delivered,2026-05-09,2026,5,May,1
O03269,2025-05-17,P010,C0110,WH-North,11,8992.72,98919.92,Delivered,2025-05-25,2025,5,May,1
O03270,2026-01-02,P012,C0907,WH-West,5,3219.93,16099.65,Delivered,2026-01-10,2026,1,January,1
O03271,2025-07-03,P082,C0432,WH-South,1,7665.58,7665.58,Delivered,2025-07-13,2025,7,July,1
O03272,2025-10-14,P058,C0342,WH-East,13,3596.21,46750.73,Delivered,2025-10-20,2025,10,October,1
O03273,2026-04-17,P021,C0828,WH-West,3,2945.59,8836.77,Cancelled,Unknown,2026,4,April,0
O03274,2026-01-10,P021,C0179,WH-South,12,2945.59,35347.08,Delivered,2026-01-16,2026,1,January,1
O03275,2026-06-21,P065,C0679,WH-South,12,6932.91,83194.92,Delivered,2026-06-30,2026,6,June,1
O03276,2026-05-26,P003,C0134,WH-South,12,8874.43,106493.16,Delivered,2026-06-04,2026,5,May,1
O03277,2025-09-07,P069,C0030,WH-South,7,7876.01,55132.07,Delivered,2025-09-12,2025,9,September,1
O03278,2026-05-25,P089,C0875,WH-North,5,5210.42,26052.1,Delivered,2026-06-03,2026,5,May,1
O03279,2025-03-14,P064,C0473,WH-South,15,9772.25,146583.75,Returned,2025-03-19,2025,3,March,0
O03280,2025-10-09,P049,C0996,WH-South,12,3014.05,36168.6,Delivered,2025-10-14,2025,10,October,1
O03281,2025-12-26,P072,C0385,WH-West,15,7933.68,119005.2,Delivered,2026-01-04,2025,12,December,1
O03282,2025-01-10,P017,C0598,WH-North,10,8360.81,83608.1,Delivered,2025-01-13,2025,1,January,1
O03283,2025-07-30,P073,C0009,WH-North,1,5286.08,5286.08,Delivered,2025-08-04,2025,7,July,1
O03284,2025-06-01,P032,C0941,WH-North,1,8387.44,8387.44,Delivered,2025-06-03,2025,6,June,1
O03285,2025-01-05,P070,C0136,WH-East,15,2886.35,43295.25,Delivered,2025-01-07,2025,1,January,1
O03286,2025-07-14,P021,C0290,WH-East,8,2945.59,23564.72,Delivered,2025-07-23,2025,7,July,1
O03287,2025-10-10,P007,C0976,WH-North,11,11389.37,125283.07,Delivered,2025-10-15,2025,10,October,1
O03288,2026-04-09,P007,C0979,WH-West,14,11389.37,159451.18,Delivered,2026-04-16,2026,4,April,1
O03289,2025-04-23,P027,C0648,WH-South,13,3927.78,51061.14,Returned,2025-04-29,2025,4,April,0
O03290,2025-09-28,P008,C0652,WH-South,9,7685.98,69173.82,Delivered,2025-10-05,2025,9,September,1
O03291,2025-06-12,P073,C0043,WH-North,7,5286.08,37002.56,Delivered,2025-06-17,2025,6,June,1
O03292,2026-04-05,P028,C0105,WH-North,13,1732.59,22523.67,Delivered,2026-04-10,2026,4,April,1
O03293,2025-04-15,P079,C0824,WH-East,3,8889.27,26667.81,Delivered,2025-04-23,2025,4,April,1
O03294,2025-10-09,P066,C0031,WH-North,12,9296.31,111555.72,Delivered,2025-10-11,2025,10,October,1
O03295,2025-06-11,P071,C0682,WH-East,6,4401.72,26410.32,Delivered,2025-06-21,2025,6,June,1
O03296,2025-12-17,P047,C0673,WH-North,3,9554.1,28662.3,Processing,2025-12-21,2025,12,December,0
O03297,2026-03-10,P082,C0787,WH-South,10,7665.58,76655.8,Delivered,2026-03-15,2026,3,March,1
O03298,2025-05-20,P086,C0765,WH-North,4,3132.13,12528.52,Delivered,2025-05-30,2025,5,May,1
O03299,2026-04-16,P010,C0219,WH-South,12,8992.72,107912.64,Delivered,2026-04-22,2026,4,April,1
O03300,2025-05-12,P033,C0984,WH-North,4,7876.29,31505.16,Delivered,2025-05-17,2025,5,May,1
O03301,2025-03-28,P007,C0113,WH-East,3,11389.37,34168.11,Delivered,2025-04-04,2025,3,March,1
O03302,2025-07-02,P003,C0732,WH-North,10,8874.43,88744.3,Delivered,2025-07-04,2025,7,July,1
O03303,2026-01-03,P014,C0695,WH-West,6,8215.45,49292.7,Delivered,2026-01-05,2026,1,January,1
O03304,2025-05-09,P044,C0260,WH-South,5,3533.01,17665.05,Returned,2025-05-15,2025,5,May,0
O03305,2025-09-03,P046,C0012,WH-South,11,2032.34,22355.74,Delivered,2025-09-09,2025,9,September,1
O03306,2026-01-13,P061,C0471,WH-South,9,9046.33,81416.97,Delivered,2026-01-23,2026,1,January,1
O03307,2025-05-29,P036,C0340,WH-North,9,9014.91,81134.19,Delivered,2025-05-31,2025,5,May,1
O03308,2026-03-09,P013,C0872,WH-West,3,359.86,1079.58,Cancelled,Unknown,2026,3,March,0
O03309,2026-04-14,P016,C0924,WH-West,13,6037.0,78481.0,Delivered,2026-04-18,2026,4,April,1
O03310,2026-03-22,P080,C0246,WH-East,9,6733.38,60600.42,Delivered,2026-03-27,2026,3,March,1
O03311,2026-04-26,P005,C0250,WH-East,13,5461.2,70995.6,Processing,2026-05-04,2026,4,April,0
O03312,2025-10-21,P089,C0570,WH-East,12,5210.42,62525.04,Delivered,2025-10-29,2025,10,October,1
O03313,2025-05-23,P038,C0509,WH-West,3,9847.32,29541.96,Delivered,2025-05-29,2025,5,May,1
O03314,2025-09-07,P050,C0304,WH-South,4,1973.84,7895.36,Delivered,2025-09-17,2025,9,September,1
O03315,2025-10-29,P038,C0888,WH-South,1,9847.32,9847.32,Delivered,2025-11-06,2025,10,October,1
O03316,2025-01-25,P056,C0892,WH-East,5,888.53,4442.65,Delivered,2025-01-28,2025,1,January,1
O03317,2025-03-11,P063,C0513,WH-East,12,6119.08,73428.96,Returned,2025-03-15,2025,3,March,0
O03318,2025-04-22,P048,C0361,WH-North,9,8206.14,73855.26,Cancelled,Unknown,2025,4,April,0
O03319,2025-12-30,P090,C0715,WH-North,15,2450.87,36763.05,Delivered,2026-01-05,2025,12,December,1
O03320,2025-10-30,P059,C0044,WH-West,2,722.03,1444.06,Delivered,2025-11-07,2025,10,October,1
O03321,2026-04-16,P077,C0319,WH-North,4,12073.98,48295.92,Delivered,2026-04-26,2026,4,April,1
O03322,2025-04-01,P044,C0607,WH-East,10,3533.01,35330.1,Delivered,2025-04-11,2025,4,April,1
O03323,2026-06-14,P090,C0489,WH-East,2,2450.87,4901.74,Delivered,2026-06-18,2026,6,June,1
O03324,2025-07-11,P055,C0294,WH-East,14,1487.11,20819.54,Delivered,2025-07-20,2025,7,July,1
O03325,2025-08-30,P055,C0509,WH-South,8,1487.11,11896.88,Delivered,2025-09-06,2025,8,August,1
O03326,2025-05-18,P001,C0521,WH-East,9,2324.33,20918.97,Delivered,2025-05-23,2025,5,May,1
O03327,2025-12-11,P008,C0774,WH-North,3,7685.98,23057.94,Cancelled,Unknown,2025,12,December,0
O03328,2025-06-29,P004,C0326,WH-West,13,5647.39,73416.07,Delivered,2025-07-04,2025,6,June,1
O03329,2026-05-18,P085,C0253,WH-North,15,1090.03,16350.45,Delivered,2026-05-26,2026,5,May,1
O03330,2025-07-22,P086,C0308,WH-South,9,3132.13,28189.17,Processing,Unknown,2025,7,July,0
O03331,2025-07-11,P053,C0323,WH-North,6,8550.49,51302.94,Cancelled,Unknown,2025,7,July,0
O03332,2025-01-05,P058,C0608,WH-North,6,3596.21,21577.26,Delivered,2025-01-11,2025,1,January,1
O03333,2025-08-25,P037,C0867,WH-South,7,2141.55,14990.85,Delivered,2025-08-31,2025,8,August,1
O03334,2025-11-07,P049,C0912,WH-North,12,3014.05,36168.6,Delivered,2025-11-14,2025,11,November,1
O03335,2025-02-25,P067,C0642,WH-South,5,3626.7,18133.5,Delivered,2025-03-05,2025,2,February,1
O03336,2026-03-19,P019,C0036,WH-North,6,6267.38,37604.28,Delivered,2026-03-28,2026,3,March,1
O03337,2025-08-25,P001,C0617,WH-South,11,2324.33,25567.63,Returned,2025-09-03,2025,8,August,0
O03338,2025-07-16,P029,C0711,WH-West,1,7630.58,7630.58,Cancelled,Unknown,2025,7,July,0
O03339,2026-05-29,P087,C0291,WH-West,3,6619.57,19858.71,Delivered,2026-06-01,2026,5,May,1
O03340,2026-03-25,P033,C0888,WH-South,12,7876.29,94515.48,Delivered,2026-04-03,2026,3,March,1
O03341,2025-12-26,P052,C0542,WH-East,9,2109.04,18981.36,Delivered,2026-01-02,2025,12,December,1
O03342,2025-01-30,P041,C0941,WH-South,12,10031.16,120373.92,Delivered,2025-02-03,2025,1,January,1
O03343,2025-04-18,P023,C0942,WH-North,5,2561.5,12807.5,Delivered,2025-04-23,2025,4,April,1
O03344,2026-03-21,P005,C0605,WH-East,5,5461.2,27306.0,Processing,2026-03-23,2026,3,March,0
O03345,2026-03-14,P071,C0489,WH-East,8,4401.72,35213.76,Delivered,2026-03-18,2026,3,March,1
O03346,2026-04-02,P057,C0961,WH-East,11,919.99,10119.89,Delivered,2026-04-07,2026,4,April,1
O03347,2026-05-10,P006,C0236,WH-South,11,716.9,7885.9,Delivered,2026-05-13,2026,5,May,1
O03348,2025-09-04,P049,C0385,WH-South,13,3014.05,39182.65,Delivered,2025-09-11,2025,9,September,1
O03349,2026-06-27,P022,C0361,WH-East,2,9065.34,18130.68,Processing,2026-07-06,2026,6,June,0
O03350,2026-03-15,P077,C0953,WH-South,13,12073.98,156961.74,Delivered,2026-03-22,2026,3,March,1
O03351,2025-10-05,P076,C0967,WH-West,7,2781.69,19471.83,Delivered,2025-10-09,2025,10,October,1
O03352,2025-04-21,P004,C0707,WH-North,9,5647.39,50826.51,Processing,2025-05-01,2025,4,April,0
O03353,2026-01-20,P072,C0256,WH-North,7,7933.68,55535.76,Delivered,2026-01-25,2026,1,January,1
O03354,2025-07-10,P064,C0868,WH-North,12,9772.25,117267.0,Delivered,2025-07-17,2025,7,July,1
O03355,2026-05-05,P037,C0359,WH-South,5,2141.55,10707.75,Delivered,2026-05-10,2026,5,May,1
O03356,2026-03-02,P031,C0543,WH-North,13,1882.62,24474.06,Delivered,2026-03-07,2026,3,March,1
O03357,2026-02-09,P037,C0025,WH-West,6,2141.55,12849.3,Delivered,2026-02-12,2026,2,February,1
O03358,2025-12-01,P045,C0815,WH-North,4,11503.77,46015.08,Delivered,2025-12-04,2025,12,December,1
O03359,2025-07-28,P090,C0952,WH-West,14,2450.87,34312.18,Delivered,2025-07-31,2025,7,July,1
O03360,2025-01-22,P008,C0984,WH-South,12,7685.98,92231.76,Delivered,2025-01-25,2025,1,January,1
O03361,2025-07-27,P040,C0001,WH-South,7,7396.64,51776.48,Cancelled,Unknown,2025,7,July,0
O03362,2025-01-08,P097,C0358,WH-North,1,7927.96,7927.96,Delivered,2025-01-13,2025,1,January,1
O03363,2026-06-13,P093,C0118,WH-East,4,11181.17,44724.68,Processing,2026-06-18,2026,6,June,0
O03364,2025-06-15,P005,C0479,WH-West,3,5461.2,16383.6,Delivered,2025-06-19,2025,6,June,1
O03365,2026-05-11,P028,C0677,WH-East,13,1732.59,22523.67,Delivered,2026-05-17,2026,5,May,1
O03366,2026-03-05,P081,C0459,WH-West,4,8788.43,35153.72,Delivered,2026-03-10,2026,3,March,1
O03367,2025-06-12,P087,C0113,WH-South,1,6619.57,6619.57,Delivered,2025-06-20,2025,6,June,1
O03368,2026-01-01,P009,C0195,WH-South,12,6820.58,81846.96,Delivered,2026-01-09,2026,1,January,1
O03369,2026-06-10,P002,C0652,WH-West,13,9662.88,125617.44,Delivered,2026-06-17,2026,6,June,1
O03370,2025-08-27,P063,C0020,WH-West,2,6119.08,12238.16,Delivered,2025-09-04,2025,8,August,1
O03371,2025-03-13,P096,C0286,WH-South,12,6299.54,75594.48,Returned,2025-03-21,2025,3,March,0
O03372,2026-03-21,P051,C0458,WH-West,11,506.74,5574.14,Delivered,2026-03-30,2026,3,March,1
O03373,2026-05-24,P031,C0743,WH-West,13,1882.62,24474.06,Delivered,2026-05-26,2026,5,May,1
O03374,2025-09-26,P007,C0448,WH-East,9,11389.37,102504.33,Delivered,2025-09-30,2025,9,September,1
O03375,2026-02-19,P030,C0591,WH-North,15,6989.65,104844.75,Delivered,2026-02-23,2026,2,February,1
O03376,2025-09-02,P058,C0640,WH-East,7,3596.21,25173.47,Cancelled,Unknown,2025,9,September,0
O03377,2025-03-01,P003,C0085,WH-South,13,8874.43,115367.59,Delivered,2025-03-09,2025,3,March,1
O03378,2025-01-06,P051,C0576,WH-East,6,506.74,3040.44,Delivered,2025-01-13,2025,1,January,1
O03379,2026-02-11,P056,C0274,WH-South,2,888.53,1777.06,Delivered,2026-02-16,2026,2,February,1
O03380,2025-08-05,P073,C0800,WH-West,1,5286.08,5286.08,Delivered,2025-08-12,2025,8,August,1
O03381,2025-01-26,P010,C0403,WH-North,2,8992.72,17985.44,Delivered,2025-02-03,2025,1,January,1
O03382,2025-01-05,P061,C0253,WH-South,7,9046.33,63324.31,Delivered,2025-01-10,2025,1,January,1
O03383,2026-06-16,P050,C0606,WH-North,2,1973.84,3947.68,Delivered,2026-06-25,2026,6,June,1
O03384,2026-01-25,P047,C0801,WH-North,3,9554.1,28662.3,Delivered,2026-01-31,2026,1,January,1
O03385,2026-03-24,P090,C0958,WH-East,8,2450.87,19606.96,Delivered,2026-03-28,2026,3,March,1
O03386,2025-05-26,P001,C0662,WH-South,7,2324.33,16270.31,Delivered,2025-05-29,2025,5,May,1
O03387,2026-01-23,P094,C0365,WH-East,12,9560.46,114725.52,Returned,2026-01-25,2026,1,January,0
O03388,2025-09-06,P057,C0669,WH-West,11,919.99,10119.89,Cancelled,Unknown,2025,9,September,0
O03389,2026-06-10,P038,C0728,WH-West,11,9847.32,108320.52,Cancelled,Unknown,2026,6,June,0
O03390,2026-04-07,P062,C0260,WH-South,14,11436.7,160113.8,Returned,2026-04-11,2026,4,April,0
O03391,2025-01-13,P079,C0434,WH-South,11,8889.27,97781.97,Delivered,2025-01-15,2025,1,January,1
O03392,2026-01-19,P089,C0972,WH-West,9,5210.42,46893.78,Delivered,2026-01-26,2026,1,January,1
O03393,2026-02-03,P070,C0612,WH-South,12,2886.35,34636.2,Delivered,2026-02-08,2026,2,February,1
O03394,2025-01-19,P082,C0122,WH-East,4,7665.58,30662.32,Processing,2025-01-25,2025,1,January,0
O03395,2026-05-06,P065,C0644,WH-East,7,6932.91,48530.37,Delivered,2026-05-15,2026,5,May,1
O03396,2026-02-23,P062,C0517,WH-South,1,11436.7,11436.7,Delivered,2026-02-28,2026,2,February,1
O03397,2025-12-03,P056,C0979,WH-East,11,888.53,9773.83,Cancelled,Unknown,2025,12,December,0
O03398,2026-02-23,P067,C0745,WH-South,11,3626.7,39893.7,Delivered,2026-02-27,2026,2,February,1
O03399,2025-05-02,P017,C0679,WH-East,2,8360.81,16721.62,Delivered,2025-05-11,2025,5,May,1
O03400,2026-03-08,P008,C0569,WH-East,7,7685.98,53801.86,Delivered,2026-03-12,2026,3,March,1
O03401,2025-02-13,P060,C0543,WH-North,15,1239.87,18598.05,Delivered,2025-02-21,2025,2,February,1
O03402,2025-11-13,P040,C0519,WH-East,2,7396.64,14793.28,Delivered,2025-11-21,2025,11,November,1
O03403,2026-01-16,P081,C0012,WH-South,6,8788.43,52730.58,Delivered,2026-01-20,2026,1,January,1
O03404,2025-05-25,P089,C0010,WH-East,13,5210.42,67735.46,Delivered,2025-05-29,2025,5,May,1
O03405,2025-11-23,P062,C0157,WH-East,10,11436.7,114367.0,Delivered,2025-12-02,2025,11,November,1
O03406,2025-12-29,P041,C0725,WH-West,12,10031.16,120373.92,Delivered,2026-01-02,2025,12,December,1
O03407,2025-02-19,P012,C0141,WH-South,9,3219.93,28979.37,Delivered,2025-02-22,2025,2,February,1
O03408,2025-03-06,P093,C0983,WH-East,11,11181.17,122992.87,Returned,2025-03-12,2025,3,March,0
O03409,2025-12-21,P089,C0639,WH-North,5,5210.42,26052.1,Delivered,2025-12-29,2025,12,December,1
O03410,2025-06-13,P100,C0710,WH-West,10,6160.6,61606.0,Returned,2025-06-22,2025,6,June,0
O03411,2025-05-21,P054,C0927,WH-North,7,5559.97,38919.79,Delivered,2025-05-23,2025,5,May,1
O03412,2025-05-08,P089,C0137,WH-North,13,5210.42,67735.46,Delivered,2025-05-11,2025,5,May,1
O03413,2026-02-02,P093,C0691,WH-West,1,11181.17,11181.17,Delivered,2026-02-10,2026,2,February,1
O03414,2026-04-08,P011,C0600,WH-North,8,11449.02,91592.16,Delivered,2026-04-18,2026,4,April,1
O03415,2025-07-06,P060,C0400,WH-South,9,1239.87,11158.83,Delivered,2025-07-10,2025,7,July,1
O03416,2025-07-09,P068,C0443,WH-South,15,7862.75,117941.25,Delivered,2025-07-18,2025,7,July,1
O03417,2026-01-23,P078,C0442,WH-North,13,8749.35,113741.55,Delivered,2026-01-27,2026,1,January,1
O03418,2026-03-05,P046,C0267,WH-South,5,2032.34,10161.7,Cancelled,Unknown,2026,3,March,0
O03419,2025-10-11,P038,C0676,WH-East,6,9847.32,59083.92,Delivered,2025-10-14,2025,10,October,1
O03420,2025-08-25,P061,C0761,WH-East,13,9046.33,117602.29,Returned,2025-09-04,2025,8,August,0
O03421,2025-07-13,P017,C0513,WH-East,11,8360.81,91968.91,Delivered,2025-07-19,2025,7,July,1
O03422,2025-10-14,P066,C0277,WH-North,8,9296.31,74370.48,Delivered,2025-10-20,2025,10,October,1
O03423,2025-05-16,P072,C0684,WH-North,4,7933.68,31734.72,Delivered,2025-05-21,2025,5,May,1
O03424,2025-06-20,P036,C0356,WH-South,2,9014.91,18029.82,Delivered,2025-06-26,2025,6,June,1
O03425,2025-06-08,P074,C0933,WH-South,15,8610.83,129162.45,Delivered,2025-06-10,2025,6,June,1
O03426,2025-07-20,P007,C0774,WH-South,10,11389.37,113893.7,Delivered,2025-07-27,2025,7,July,1
O03427,2026-05-02,P100,C0654,WH-North,8,6160.6,49284.8,Delivered,2026-05-07,2026,5,May,1
O03428,2026-05-19,P016,C0093,WH-South,2,6037.0,12074.0,Delivered,2026-05-24,2026,5,May,1
O03429,2026-01-06,P014,C0641,WH-East,5,8215.45,41077.25,Delivered,2026-01-12,2026,1,January,1
O03430,2025-04-13,P080,C0136,WH-East,15,6733.38,101000.7,Delivered,2025-04-15,2025,4,April,1
O03431,2025-05-05,P025,C0111,WH-West,13,2564.25,33335.25,Returned,2025-05-10,2025,5,May,0
O03432,2025-11-09,P004,C0044,WH-West,6,5647.39,33884.34,Cancelled,Unknown,2025,11,November,0
O03433,2026-04-03,P029,C0891,WH-West,5,7630.58,38152.9,Delivered,2026-04-09,2026,4,April,1
O03434,2025-08-18,P056,C0211,WH-East,6,888.53,5331.18,Delivered,2025-08-24,2025,8,August,1
O03435,2025-07-16,P006,C0343,WH-North,6,716.9,4301.4,Delivered,2025-07-25,2025,7,July,1
O03436,2026-02-27,P001,C0359,WH-South,3,2324.33,6972.99,Delivered,2026-03-01,2026,2,February,1
O03437,2025-06-20,P039,C0361,WH-South,11,2741.34,30154.74,Delivered,2025-06-24,2025,6,June,1
O03438,2026-01-17,P001,C0331,WH-North,11,2324.33,25567.63,Delivered,2026-01-23,2026,1,January,1
O03439,2025-06-22,P063,C0411,WH-West,3,6119.08,18357.24,Delivered,2025-06-26,2025,6,June,1
O03440,2026-03-29,P057,C0759,WH-North,9,919.99,8279.91,Delivered,2026-04-05,2026,3,March,1
O03441,2025-12-16,P067,C0508,WH-East,3,3626.7,10880.1,Cancelled,Unknown,2025,12,December,0
O03442,2026-05-09,P065,C0232,WH-North,3,6932.91,20798.73,Delivered,2026-05-16,2026,5,May,1
O03443,2025-01-04,P065,C0804,WH-East,11,6932.91,76262.01,Delivered,2025-01-13,2025,1,January,1
O03444,2025-04-03,P021,C0170,WH-East,14,2945.59,41238.26,Delivered,2025-04-08,2025,4,April,1
O03445,2025-01-06,P030,C0404,WH-West,2,6989.65,13979.3,Delivered,2025-01-15,2025,1,January,1
O03446,2025-10-15,P096,C0234,WH-South,7,6299.54,44096.78,Delivered,2025-10-23,2025,10,October,1
O03447,2025-05-26,P033,C0520,WH-West,10,7876.29,78762.9,Delivered,2025-05-31,2025,5,May,1
O03448,2026-02-28,P048,C0302,WH-East,10,8206.14,82061.4,Delivered,2026-03-04,2026,2,February,1
O03449,2026-04-02,P022,C0100,WH-West,4,9065.34,36261.36,Delivered,2026-04-08,2026,4,April,1
O03450,2025-07-21,P094,C0253,WH-South,1,9560.46,9560.46,Delivered,2025-07-27,2025,7,July,1
O03451,2025-07-31,P054,C0308,WH-West,6,5559.97,33359.82,Delivered,2025-08-08,2025,7,July,1
O03452,2025-01-06,P004,C0794,WH-East,5,5647.39,28236.95,Delivered,2025-01-08,2025,1,January,1
O03453,2026-01-11,P087,C0803,WH-South,14,6619.57,92673.98,Delivered,2026-01-21,2026,1,January,1
O03454,2026-03-23,P055,C0700,WH-West,11,1487.11,16358.21,Delivered,2026-03-26,2026,3,March,1
O03455,2025-04-16,P044,C0387,WH-North,2,3533.01,7066.02,Delivered,2025-04-26,2025,4,April,1
O03456,2026-02-05,P089,C0123,WH-South,6,5210.42,31262.52,Delivered,2026-02-15,2026,2,February,1
O03457,2025-04-06,P012,C0132,WH-West,1,3219.93,3219.93,Delivered,2025-04-10,2025,4,April,1
O03458,2026-01-23,P081,C0236,WH-North,3,8788.43,26365.29,Delivered,2026-01-31,2026,1,January,1
O03459,2026-03-28,P079,C0221,WH-South,4,8889.27,35557.08,Delivered,2026-04-01,2026,3,March,1
O03460,2026-02-20,P074,C0062,WH-North,13,8610.83,111940.79,Delivered,2026-03-01,2026,2,February,1
O03461,2026-05-19,P099,C0832,WH-West,3,1477.4,4432.2,Delivered,2026-05-28,2026,5,May,1
O03462,2026-03-30,P052,C0690,WH-North,15,2109.04,31635.6,Delivered,2026-04-03,2026,3,March,1
O03463,2025-10-18,P093,C0732,WH-North,13,11181.17,145355.21,Delivered,2025-10-24,2025,10,October,1
O03464,2026-06-18,P076,C0403,WH-East,6,2781.69,16690.14,Delivered,2026-06-26,2026,6,June,1
O03465,2025-07-12,P065,C0171,WH-North,11,6932.91,76262.01,Delivered,2025-07-14,2025,7,July,1
O03466,2025-05-30,P065,C0476,WH-South,4,6932.91,27731.64,Delivered,2025-06-03,2025,5,May,1
O03467,2026-05-30,P010,C0594,WH-North,14,8992.72,125898.08,Delivered,2026-06-01,2026,5,May,1
O03468,2026-01-28,P018,C0014,WH-North,1,6842.11,6842.11,Returned,2026-01-31,2026,1,January,0
O03469,2025-11-12,P047,C0270,WH-South,5,9554.1,47770.5,Delivered,2025-11-20,2025,11,November,1
O03470,2025-03-17,P066,C0054,WH-West,5,9296.31,46481.55,Delivered,2025-03-25,2025,3,March,1
O03471,2025-09-27,P049,C0413,WH-West,9,3014.05,27126.45,Delivered,2025-10-01,2025,9,September,1
O03472,2025-08-13,P072,C0131,WH-North,8,7933.68,63469.44,Delivered,2025-08-20,2025,8,August,1
O03473,2026-06-14,P022,C0610,WH-South,15,9065.34,135980.1,Delivered,2026-06-21,2026,6,June,1
O03474,2025-04-23,P086,C0713,WH-North,8,3132.13,25057.04,Delivered,2025-04-26,2025,4,April,1
O03475,2025-09-08,P026,C0872,WH-South,5,8058.43,40292.15,Delivered,2025-09-18,2025,9,September,1
O03476,2025-08-21,P090,C0773,WH-South,8,2450.87,19606.96,Processing,2025-08-30,2025,8,August,0
O03477,2025-03-24,P009,C0733,WH-West,14,6820.58,95488.12,Delivered,2025-03-27,2025,3,March,1
O03478,2025-05-05,P021,C0517,WH-North,10,2945.59,29455.9,Delivered,2025-05-10,2025,5,May,1
O03479,2025-06-24,P095,C0629,WH-North,7,5427.18,37990.26,Delivered,2025-07-04,2025,6,June,1
O03480,2025-03-10,P063,C0301,WH-North,1,6119.08,6119.08,Delivered,2025-03-15,2025,3,March,1
O03481,2025-02-16,P006,C0704,WH-North,12,716.9,8602.8,Cancelled,Unknown,2025,2,February,0
O03482,2025-09-13,P014,C0960,WH-North,7,8215.45,57508.15,Delivered,2025-09-19,2025,9,September,1
O03483,2025-01-30,P033,C0939,WH-North,11,7876.29,86639.19,Delivered,2025-02-06,2025,1,January,1
O03484,2025-10-08,P071,C0427,WH-East,8,4401.72,35213.76,Delivered,2025-10-10,2025,10,October,1
O03485,2025-08-25,P024,C0116,WH-North,3,5645.0,16935.0,Delivered,2025-08-30,2025,8,August,1
O03486,2025-09-05,P073,C0236,WH-East,9,5286.08,47574.72,Delivered,2025-09-11,2025,9,September,1
O03487,2026-01-03,P075,C0563,WH-East,8,4757.22,38057.76,Delivered,2026-01-10,2026,1,January,1
O03488,2026-05-10,P087,C0013,WH-East,2,6619.57,13239.14,Delivered,2026-05-17,2026,5,May,1
O03489,2025-01-25,P051,C0218,WH-North,6,506.74,3040.44,Delivered,2025-01-31,2025,1,January,1
O03490,2026-05-05,P002,C0329,WH-South,4,9662.88,38651.52,Delivered,2026-05-09,2026,5,May,1
O03491,2026-05-09,P015,C0068,WH-West,3,10925.43,32776.29,Delivered,2026-05-12,2026,5,May,1
O03492,2025-11-10,P035,C0743,WH-South,11,10862.84,119491.24,Delivered,2025-11-18,2025,11,November,1
O03493,2026-01-10,P036,C0991,WH-South,6,9014.91,54089.46,Cancelled,Unknown,2026,1,January,0
O03494,2025-01-25,P092,C0837,WH-North,10,9918.59,99185.9,Returned,2025-01-31,2025,1,January,0
O03495,2025-11-30,P039,C0391,WH-South,13,2741.34,35637.42,Delivered,2025-12-05,2025,11,November,1
O03496,2025-12-21,P004,C0092,WH-South,15,5647.39,84710.85,Delivered,2025-12-29,2025,12,December,1
O03497,2025-04-26,P064,C0104,WH-North,9,9772.25,87950.25,Delivered,2025-04-29,2025,4,April,1
O03498,2025-02-17,P074,C0590,WH-North,2,8610.83,17221.66,Processing,2025-02-26,2025,2,February,0
O03499,2025-04-09,P006,C0984,WH-West,10,716.9,7169.0,Processing,2025-04-19,2025,4,April,0
O03500,2026-04-04,P057,C0426,WH-West,10,919.99,9199.9,Delivered,2026-04-06,2026,4,April,1
O03501,2026-06-07,P030,C0614,WH-East,10,6989.65,69896.5,Delivered,2026-06-13,2026,6,June,1
O03502,2026-02-09,P099,C0773,WH-West,5,1477.4,7387.0,Delivered,2026-02-14,2026,2,February,1
O03503,2025-08-02,P074,C0943,WH-North,6,8610.83,51664.98,Processing,2025-08-08,2025,8,August,0
O03504,2026-05-18,P096,C0304,WH-South,4,6299.54,25198.16,Delivered,2026-05-28,2026,5,May,1
O03505,2026-03-24,P067,C0379,WH-North,7,3626.7,25386.9,Delivered,2026-03-28,2026,3,March,1
O03506,2025-09-15,P090,C0738,WH-North,2,2450.87,4901.74,Returned,2025-09-17,2025,9,September,0
O03507,2025-05-01,P015,C0348,WH-South,7,10925.43,76478.01,Delivered,2025-05-05,2025,5,May,1
O03508,2025-02-23,P017,C0175,WH-West,2,8360.81,16721.62,Delivered,2025-02-28,2025,2,February,1
O03509,2025-11-27,P091,C0392,WH-South,1,3806.53,3806.53,Delivered,2025-11-30,2025,11,November,1
O03510,2025-08-29,P018,C0405,WH-North,11,6842.11,75263.21,Delivered,2025-08-31,2025,8,August,1
O03511,2026-06-14,P019,C0088,WH-West,5,6267.38,31336.9,Delivered,2026-06-16,2026,6,June,1
O03512,2026-04-28,P076,C0630,WH-North,2,2781.69,5563.38,Delivered,2026-05-07,2026,4,April,1
O03513,2025-07-06,P088,C0792,WH-North,8,7327.81,58622.48,Delivered,2025-07-11,2025,7,July,1
O03514,2025-09-19,P069,C0653,WH-West,12,7876.01,94512.12,Delivered,2025-09-22,2025,9,September,1
O03515,2025-12-30,P024,C0625,WH-South,12,5645.0,67740.0,Delivered,2026-01-03,2025,12,December,1
O03516,2026-05-06,P091,C0911,WH-East,12,3806.53,45678.36,Returned,2026-05-15,2026,5,May,0
O03517,2026-03-07,P048,C0249,WH-West,8,8206.14,65649.12,Delivered,2026-03-14,2026,3,March,1
O03518,2025-08-27,P030,C0366,WH-North,1,6989.65,6989.65,Delivered,2025-09-05,2025,8,August,1
O03519,2025-10-31,P015,C0089,WH-North,4,10925.43,43701.72,Cancelled,Unknown,2025,10,October,0
O03520,2025-10-25,P047,C0877,WH-West,14,9554.1,133757.4,Delivered,2025-10-29,2025,10,October,1
O03521,2025-03-17,P044,C0821,WH-North,9,3533.01,31797.09,Delivered,2025-03-24,2025,3,March,1
O03522,2025-11-29,P098,C0732,WH-East,5,2843.84,14219.2,Delivered,2025-12-08,2025,11,November,1
O03523,2026-04-19,P027,C0999,WH-West,12,3927.78,47133.36,Delivered,2026-04-25,2026,4,April,1
O03524,2025-10-10,P084,C0456,WH-North,11,9567.6,105243.6,Delivered,2025-10-16,2025,10,October,1
O03525,2025-03-13,P064,C0415,WH-East,10,9772.25,97722.5,Delivered,2025-03-17,2025,3,March,1
O03526,2025-09-20,P041,C0455,WH-North,13,10031.16,130405.08,Delivered,2025-09-24,2025,9,September,1
O03527,2025-01-12,P096,C0563,WH-West,6,6299.54,37797.24,Delivered,2025-01-21,2025,1,January,1
O03528,2025-05-21,P068,C0511,WH-South,3,7862.75,23588.25,Delivered,2025-05-23,2025,5,May,1
O03529,2025-01-17,P005,C0175,WH-East,5,5461.2,27306.0,Delivered,2025-01-22,2025,1,January,1
O03530,2025-03-04,P053,C0935,WH-West,14,8550.49,119706.86,Delivered,2025-03-14,2025,3,March,1
O03531,2025-09-10,P008,C0209,WH-West,12,7685.98,92231.76,Delivered,2025-09-17,2025,9,September,1
O03532,2026-04-10,P022,C0629,WH-West,13,9065.34,117849.42,Delivered,2026-04-17,2026,4,April,1
O03533,2026-01-11,P007,C0313,WH-South,13,11389.37,148061.81,Delivered,2026-01-19,2026,1,January,1
O03534,2026-06-04,P022,C0946,WH-North,13,9065.34,117849.42,Delivered,2026-06-12,2026,6,June,1
O03535,2025-03-31,P046,C0371,WH-South,1,2032.34,2032.34,Cancelled,Unknown,2025,3,March,0
O03536,2025-06-24,P030,C0313,WH-West,8,6989.65,55917.2,Delivered,2025-07-04,2025,6,June,1
O03537,2025-03-17,P016,C0803,WH-East,11,6037.0,66407.0,Delivered,2025-03-26,2025,3,March,1
O03538,2026-02-04,P079,C0504,WH-North,15,8889.27,133339.05,Delivered,2026-02-13,2026,2,February,1
O03539,2025-03-12,P005,C0086,WH-South,6,5461.2,32767.2,Delivered,2025-03-15,2025,3,March,1
O03540,2025-06-29,P067,C0647,WH-East,12,3626.7,43520.4,Delivered,2025-07-07,2025,6,June,1
O03541,2025-05-04,P023,C0821,WH-West,2,2561.5,5123.0,Delivered,2025-05-06,2025,5,May,1
O03542,2026-01-16,P061,C0266,WH-East,4,9046.33,36185.32,Cancelled,Unknown,2026,1,January,0
O03543,2025-10-20,P074,C0220,WH-East,4,8610.83,34443.32,Delivered,2025-10-24,2025,10,October,1
O03544,2025-07-14,P005,C0295,WH-West,9,5461.2,49150.8,Processing,2025-07-24,2025,7,July,0
O03545,2025-08-16,P023,C0698,WH-South,9,2561.5,23053.5,Delivered,2025-08-22,2025,8,August,1
O03546,2026-03-07,P079,C0506,WH-West,5,8889.27,44446.35,Delivered,2026-03-15,2026,3,March,1
O03547,2026-03-12,P082,C0989,WH-East,12,7665.58,91986.96,Delivered,2026-03-20,2026,3,March,1
O03548,2026-04-06,P025,C0163,WH-West,3,2564.25,7692.75,Delivered,2026-04-16,2026,4,April,1
O03549,2025-01-21,P008,C0127,WH-North,1,7685.98,7685.98,Delivered,2025-01-24,2025,1,January,1
O03550,2025-03-05,P095,C0827,WH-North,6,5427.18,32563.08,Delivered,2025-03-10,2025,3,March,1
O03551,2025-06-14,P021,C0117,WH-East,8,2945.59,23564.72,Delivered,2025-06-23,2025,6,June,1
O03552,2025-01-27,P002,C0406,WH-West,1,9662.88,9662.88,Delivered,2025-02-02,2025,1,January,1
O03553,2025-11-07,P022,C0649,WH-East,11,9065.34,99718.74,Delivered,2025-11-13,2025,11,November,1
O03554,2025-10-12,P072,C0768,WH-West,1,7933.68,7933.68,Cancelled,Unknown,2025,10,October,0
O03555,2025-10-08,P087,C0356,WH-North,15,6619.57,99293.55,Delivered,2025-10-14,2025,10,October,1
O03556,2025-06-13,P096,C0776,WH-North,11,6299.54,69294.94,Delivered,2025-06-21,2025,6,June,1
O03557,2025-08-12,P072,C0990,WH-East,7,7933.68,55535.76,Delivered,2025-08-17,2025,8,August,1
O03558,2025-05-26,P068,C0222,WH-North,7,7862.75,55039.25,Returned,2025-06-04,2025,5,May,0
O03559,2025-01-30,P064,C0376,WH-East,2,9772.25,19544.5,Processing,2025-02-06,2025,1,January,0
O03560,2025-02-14,P094,C0314,WH-South,3,9560.46,28681.38,Delivered,2025-02-21,2025,2,February,1
O03561,2026-04-16,P019,C0895,WH-East,2,6267.38,12534.76,Cancelled,Unknown,2026,4,April,0
O03562,2025-02-03,P087,C0863,WH-West,6,6619.57,39717.42,Delivered,2025-02-08,2025,2,February,1
O03563,2026-03-03,P082,C0150,WH-West,13,7665.58,99652.54,Delivered,2026-03-07,2026,3,March,1
O03564,2025-08-09,P053,C0236,WH-West,13,8550.49,111156.37,Delivered,2025-08-16,2025,8,August,1
O03565,2026-06-18,P093,C0863,WH-East,8,11181.17,89449.36,Delivered,2026-06-25,2026,6,June,1
O03566,2026-01-02,P087,C0168,WH-South,8,6619.57,52956.56,Delivered,2026-01-05,2026,1,January,1
O03567,2025-04-26,P097,C0495,WH-East,15,7927.96,118919.4,Delivered,2025-05-06,2025,4,April,1
O03568,2025-08-27,P052,C0412,WH-East,1,2109.04,2109.04,Delivered,2025-09-01,2025,8,August,1
O03569,2025-12-01,P047,C0942,WH-South,11,9554.1,105095.1,Delivered,2025-12-06,2025,12,December,1
O03570,2026-03-17,P082,C0069,WH-North,9,7665.58,68990.22,Delivered,2026-03-26,2026,3,March,1
O03571,2025-05-28,P054,C0721,WH-North,11,5559.97,61159.67,Delivered,2025-06-01,2025,5,May,1
O03572,2025-01-09,P044,C0564,WH-North,8,3533.01,28264.08,Delivered,2025-01-17,2025,1,January,1
O03573,2025-10-15,P097,C0267,WH-North,9,7927.96,71351.64,Delivered,2025-10-23,2025,10,October,1
O03574,2026-01-23,P007,C0150,WH-North,13,11389.37,148061.81,Delivered,2026-01-26,2026,1,January,1
O03575,2025-02-19,P092,C0815,WH-South,14,9918.59,138860.26,Cancelled,Unknown,2025,2,February,0
O03576,2026-06-01,P001,C0857,WH-South,13,2324.33,30216.29,Delivered,2026-06-06,2026,6,June,1
O03577,2025-10-05,P063,C0525,WH-East,9,6119.08,55071.72,Delivered,2025-10-08,2025,10,October,1
O03578,2025-10-27,P098,C0382,WH-North,11,2843.84,31282.24,Delivered,2025-11-06,2025,10,October,1
O03579,2025-05-15,P039,C0612,WH-West,12,2741.34,32896.08,Delivered,2025-05-22,2025,5,May,1
O03580,2025-05-27,P019,C0374,WH-South,6,6267.38,37604.28,Delivered,2025-05-29,2025,5,May,1
O03581,2026-05-05,P031,C0685,WH-South,3,1882.62,5647.86,Delivered,2026-05-07,2026,5,May,1
O03582,2026-04-23,P077,C0506,WH-North,1,12073.98,12073.98,Delivered,2026-05-02,2026,4,April,1
O03583,2025-06-08,P024,C0237,WH-West,11,5645.0,62095.0,Delivered,2025-06-15,2025,6,June,1
O03584,2026-01-19,P069,C0587,WH-West,8,7876.01,63008.08,Delivered,2026-01-27,2026,1,January,1
O03585,2025-06-12,P087,C0325,WH-South,10,6619.57,66195.7,Delivered,2025-06-19,2025,6,June,1
O03586,2026-03-17,P083,C0889,WH-East,3,1377.9,4133.7,Delivered,2026-03-20,2026,3,March,1
O03587,2025-07-08,P065,C0250,WH-West,13,6932.91,90127.83,Delivered,2025-07-12,2025,7,July,1
O03588,2026-02-19,P033,C0590,WH-East,7,7876.29,55134.03,Delivered,2026-02-28,2026,2,February,1
O03589,2025-12-05,P059,C0790,WH-North,13,722.03,9386.39,Delivered,2025-12-10,2025,12,December,1
O03590,2025-06-30,P033,C0451,WH-North,10,7876.29,78762.9,Delivered,2025-07-09,2025,6,June,1
O03591,2025-10-15,P032,C0754,WH-North,6,8387.44,50324.64,Delivered,2025-10-19,2025,10,October,1
O03592,2025-07-06,P059,C0931,WH-East,3,722.03,2166.09,Delivered,2025-07-09,2025,7,July,1
O03593,2025-05-18,P092,C0928,WH-South,6,9918.59,59511.54,Delivered,2025-05-26,2025,5,May,1
O03594,2025-05-10,P041,C0422,WH-East,12,10031.16,120373.92,Delivered,2025-05-12,2025,5,May,1
O03595,2025-07-13,P012,C0826,WH-North,3,3219.93,9659.79,Delivered,2025-07-17,2025,7,July,1
O03596,2025-11-12,P073,C0936,WH-West,13,5286.08,68719.04,Delivered,2025-11-15,2025,11,November,1
O03597,2025-05-24,P011,C0216,WH-South,15,11449.02,171735.3,Delivered,2025-05-30,2025,5,May,1
O03598,2025-01-16,P097,C0732,WH-East,13,7927.96,103063.48,Delivered,2025-01-19,2025,1,January,1
O03599,2025-10-29,P019,C0021,WH-West,14,6267.38,87743.32,Delivered,2025-11-04,2025,10,October,1
O03600,2026-02-27,P054,C0305,WH-West,9,5559.97,50039.73,Delivered,2026-03-03,2026,2,February,1
O03601,2025-09-02,P057,C0353,WH-North,13,919.99,11959.87,Cancelled,Unknown,2025,9,September,0
O03602,2025-04-17,P042,C0604,WH-North,1,4932.36,4932.36,Delivered,2025-04-27,2025,4,April,1
O03603,2025-03-29,P098,C0807,WH-West,13,2843.84,36969.92,Delivered,2025-04-07,2025,3,March,1
O03604,2025-05-09,P071,C0445,WH-South,8,4401.72,35213.76,Delivered,2025-05-15,2025,5,May,1
O03605,2025-12-07,P031,C0612,WH-East,5,1882.62,9413.1,Delivered,2025-12-15,2025,12,December,1
O03606,2025-01-04,P052,C0266,WH-South,15,2109.04,31635.6,Delivered,2025-01-07,2025,1,January,1
O03607,2025-11-23,P002,C0997,WH-South,4,9662.88,38651.52,Processing,2025-11-27,2025,11,November,0
O03608,2026-02-14,P083,C0168,WH-East,1,1377.9,1377.9,Delivered,2026-02-17,2026,2,February,1
O03609,2025-11-02,P038,C0058,WH-East,9,9847.32,88625.88,Delivered,2025-11-04,2025,11,November,1
O03610,2025-08-13,P032,C0601,WH-East,13,8387.44,109036.72,Delivered,2025-08-17,2025,8,August,1
O03611,2025-12-14,P010,C0685,WH-South,9,8992.72,80934.48,Delivered,2025-12-19,2025,12,December,1
O03612,2025-11-17,P008,C0657,WH-South,13,7685.98,99917.74,Delivered,2025-11-27,2025,11,November,1
O03613,2025-06-30,P090,C0633,WH-East,5,2450.87,12254.35,Returned,2025-07-03,2025,6,June,0
O03614,2026-01-21,P094,C0757,WH-West,14,9560.46,133846.44,Delivered,2026-01-31,2026,1,January,1
O03615,2025-04-18,P075,C0324,WH-West,11,4757.22,52329.42,Delivered,2025-04-20,2025,4,April,1
O03616,2026-06-15,P020,C0266,WH-East,9,2297.9,20681.1,Delivered,2026-06-25,2026,6,June,1
O03617,2026-02-14,P020,C0885,WH-South,15,2297.9,34468.5,Delivered,2026-02-21,2026,2,February,1
O03618,2025-10-23,P009,C0062,WH-East,10,6820.58,68205.8,Delivered,2025-11-01,2025,10,October,1
O03619,2025-06-20,P072,C0089,WH-North,14,7933.68,111071.52,Delivered,2025-06-24,2025,6,June,1
O03620,2025-11-27,P015,C0416,WH-West,9,10925.43,98328.87,Returned,2025-12-06,2025,11,November,0
O03621,2026-05-08,P098,C0584,WH-West,7,2843.84,19906.88,Delivered,2026-05-18,2026,5,May,1
O03622,2025-07-14,P088,C0682,WH-West,8,7327.81,58622.48,Delivered,2025-07-22,2025,7,July,1
O03623,2025-01-12,P097,C0685,WH-East,1,7927.96,7927.96,Returned,2025-01-17,2025,1,January,0
O03624,2025-07-14,P063,C0076,WH-North,4,6119.08,24476.32,Delivered,2025-07-21,2025,7,July,1
O03625,2026-05-05,P091,C0405,WH-West,10,3806.53,38065.3,Delivered,2026-05-12,2026,5,May,1
O03626,2025-07-01,P021,C0365,WH-North,10,2945.59,29455.9,Returned,2025-07-04,2025,7,July,0
O03627,2025-11-12,P005,C0923,WH-South,15,5461.2,81918.0,Delivered,2025-11-15,2025,11,November,1
O03628,2025-01-30,P035,C0896,WH-South,4,10862.84,43451.36,Delivered,2025-02-05,2025,1,January,1
O03629,2025-04-06,P085,C0670,WH-West,12,1090.03,13080.36,Delivered,2025-04-08,2025,4,April,1
O03630,2026-01-16,P068,C0842,WH-South,9,7862.75,70764.75,Delivered,2026-01-22,2026,1,January,1
O03631,2026-03-20,P048,C0725,WH-East,3,8206.14,24618.42,Delivered,2026-03-24,2026,3,March,1
O03632,2025-10-25,P080,C0385,WH-South,15,6733.38,101000.7,Delivered,2025-10-29,2025,10,October,1
O03633,2025-12-27,P095,C0009,WH-East,12,5427.18,65126.16,Delivered,2026-01-05,2025,12,December,1
O03634,2026-01-09,P090,C0515,WH-South,10,2450.87,24508.7,Delivered,2026-01-13,2026,1,January,1
O03635,2025-10-30,P062,C0369,WH-North,15,11436.7,171550.5,Delivered,2025-11-03,2025,10,October,1
O03636,2026-02-25,P035,C0309,WH-South,10,10862.84,108628.4,Delivered,2026-02-27,2026,2,February,1
O03637,2025-09-03,P070,C0170,WH-North,1,2886.35,2886.35,Delivered,2025-09-12,2025,9,September,1
O03638,2025-08-25,P097,C0147,WH-East,15,7927.96,118919.4,Delivered,2025-09-01,2025,8,August,1
O03639,2026-06-18,P021,C0518,WH-South,11,2945.59,32401.49,Delivered,2026-06-27,2026,6,June,1
O03640,2025-07-04,P080,C0903,WH-South,5,6733.38,33666.9,Delivered,2025-07-08,2025,7,July,1
O03641,2026-04-13,P039,C0683,WH-North,7,2741.34,19189.38,Delivered,2026-04-20,2026,4,April,1
O03642,2025-12-29,P034,C0080,WH-South,12,7873.1,94477.2,Cancelled,Unknown,2025,12,December,0
O03643,2025-10-10,P015,C0804,WH-East,4,10925.43,43701.72,Processing,2025-10-14,2025,10,October,0
O03644,2025-12-02,P006,C0452,WH-North,9,716.9,6452.1,Delivered,2025-12-07,2025,12,December,1
O03645,2025-06-11,P066,C0466,WH-East,6,9296.31,55777.86,Returned,2025-06-21,2025,6,June,0
O03646,2025-06-09,P088,Unknown,WH-West,6,7327.81,43966.86,Delivered,2025-06-14,2025,6,June,1
O03647,2026-04-19,P056,C0864,WH-East,3,888.53,2665.59,Delivered,2026-04-27,2026,4,April,1
O03648,2025-11-18,P049,C0978,WH-North,10,3014.05,30140.5,Delivered,2025-11-27,2025,11,November,1
O03649,2025-01-12,P092,C0807,WH-East,10,9918.59,99185.9,Delivered,2025-01-18,2025,1,January,1
O03650,2026-02-28,P001,C0555,WH-South,5,2324.33,11621.65,Delivered,2026-03-03,2026,2,February,1
O03651,2025-03-14,P065,C0933,WH-East,10,6932.91,69329.1,Delivered,2025-03-23,2025,3,March,1
O03652,2025-07-20,P028,C0757,WH-South,6,1732.59,10395.54,Delivered,2025-07-26,2025,7,July,1
O03653,2026-06-06,P100,C0412,WH-North,14,6160.6,86248.4,Returned,2026-06-12,2026,6,June,0
O03654,2026-05-20,P020,C0562,WH-South,4,2297.9,9191.6,Processing,2026-05-28,2026,5,May,0
O03655,2025-02-08,P048,C0295,WH-East,13,8206.14,106679.82,Delivered,2025-02-15,2025,2,February,1
O03656,2025-03-01,P072,C0130,WH-West,3,7933.68,23801.04,Delivered,2025-03-05,2025,3,March,1
O03657,2025-11-17,P065,C0893,WH-South,5,6932.91,34664.55,Delivered,2025-11-25,2025,11,November,1
O03658,2026-03-11,P090,C0764,WH-West,7,2450.87,17156.09,Delivered,2026-03-13,2026,3,March,1
O03659,2026-02-12,P051,C0165,WH-West,11,506.74,5574.14,Processing,2026-02-17,2026,2,February,0
O03660,2026-01-21,P043,C0613,WH-West,6,7218.47,43310.82,Cancelled,Unknown,2026,1,January,0
O03661,2025-03-19,P049,C0883,WH-West,2,3014.05,6028.1,Cancelled,Unknown,2025,3,March,0
O03662,2025-07-13,P025,C0450,WH-East,1,2564.25,2564.25,Delivered,2025-07-20,2025,7,July,1
O03663,2025-10-12,P074,C0787,WH-South,5,8610.83,43054.15,Processing,2025-10-21,2025,10,October,0
O03664,2026-06-11,P076,C0507,WH-North,5,2781.69,13908.45,Delivered,2026-06-13,2026,6,June,1
O03665,2026-06-08,P041,C0069,WH-North,12,10031.16,120373.92,Delivered,2026-06-16,2026,6,June,1
O03666,2025-06-05,P071,C0556,WH-South,12,4401.72,52820.64,Delivered,2025-06-10,2025,6,June,1
O03667,2025-12-06,P064,C0909,WH-North,6,9772.25,58633.5,Processing,2025-12-13,2025,12,December,0
O03668,2025-05-05,P061,C0662,WH-South,3,9046.33,27138.99,Cancelled,Unknown,2025,5,May,0
O03669,2025-10-07,P012,C0500,WH-East,1,3219.93,3219.93,Delivered,2025-10-11,2025,10,October,1
O03670,2025-05-08,P081,C0135,WH-South,15,8788.43,131826.45,Delivered,2025-05-17,2025,5,May,1
O03671,2025-11-10,P069,C0898,WH-East,4,7876.01,31504.04,Returned,2025-11-14,2025,11,November,0
O03672,2025-11-28,P014,C0830,WH-South,4,8215.45,32861.8,Delivered,2025-12-05,2025,11,November,1
O03673,2025-05-30,P034,C0502,WH-West,10,7873.1,78731.0,Delivered,2025-06-02,2025,5,May,1
O03674,2026-03-30,P048,C0974,WH-West,2,8206.14,16412.28,Delivered,2026-04-09,2026,3,March,1
O03675,2025-02-05,P061,C0345,WH-East,14,9046.33,126648.62,Delivered,2025-02-08,2025,2,February,1
O03676,2026-02-24,P081,C0730,WH-North,8,8788.43,70307.44,Returned,2026-03-02,2026,2,February,0
O03677,2025-01-22,P035,C0901,WH-West,6,10862.84,65177.04,Delivered,2025-01-29,2025,1,January,1
O03678,2025-07-25,P065,C0660,WH-South,12,6932.91,83194.92,Delivered,2025-07-30,2025,7,July,1
O03679,2025-12-22,P059,C0638,WH-North,3,722.03,2166.09,Delivered,2025-12-30,2025,12,December,1
O03680,2026-03-16,P036,C0761,WH-North,15,9014.91,135223.65,Delivered,2026-03-24,2026,3,March,1
O03681,2025-04-06,P079,C0054,WH-East,1,8889.27,8889.27,Delivered,2025-04-14,2025,4,April,1
O03682,2025-06-13,P019,C0332,WH-North,12,6267.38,75208.56,Cancelled,Unknown,2025,6,June,0
O03683,2025-05-28,P042,C0959,WH-East,11,4932.36,54255.96,Delivered,2025-06-07,2025,5,May,1
O03684,2026-06-14,P069,C0420,WH-West,3,7876.01,23628.03,Returned,2026-06-17,2026,6,June,0
O03685,2025-10-21,P019,C0735,WH-West,8,6267.38,50139.04,Cancelled,Unknown,2025,10,October,0
O03686,2025-07-14,P039,C0721,WH-North,4,2741.34,10965.36,Delivered,2025-07-24,2025,7,July,1
O03687,2026-04-25,P069,C0656,WH-North,3,7876.01,23628.03,Delivered,2026-04-28,2026,4,April,1
O03688,2025-05-03,P052,C0313,WH-South,13,2109.04,27417.52,Delivered,2025-05-07,2025,5,May,1
O03689,2026-02-04,P012,C0832,WH-South,11,3219.93,35419.23,Delivered,2026-02-12,2026,2,February,1
O03690,2026-03-28,P083,C0138,WH-East,4,1377.9,5511.6,Delivered,2026-04-07,2026,3,March,1
O03691,2025-04-14,P047,C0355,WH-North,11,9554.1,105095.1,Delivered,2025-04-18,2025,4,April,1
O03692,2026-04-07,P076,C0502,WH-North,15,2781.69,41725.35,Delivered,2026-04-16,2026,4,April,1
O03693,2026-01-31,P036,C0225,WH-South,4,9014.91,36059.64,Delivered,2026-02-09,2026,1,January,1
O03694,2025-12-03,P063,C0614,WH-East,2,6119.08,12238.16,Delivered,2025-12-08,2025,12,December,1
O03695,2025-05-22,P076,C0099,WH-South,4,2781.69,11126.76,Delivered,2025-05-29,2025,5,May,1
O03696,2025-11-13,P082,C0307,WH-North,11,7665.58,84321.38,Delivered,2025-11-22,2025,11,November,1
O03697,2026-06-11,P051,C0795,WH-East,12,506.74,6080.88,Delivered,2026-06-21,2026,6,June,1
O03698,2026-02-05,P043,C0391,WH-West,9,7218.47,64966.23,Delivered,2026-02-08,2026,2,February,1
O03699,2025-11-06,P034,C0091,WH-North,4,7873.1,31492.4,Delivered,2025-11-08,2025,11,November,1
O03700,2026-05-10,P097,C0809,WH-South,12,7927.96,95135.52,Processing,2026-05-16,2026,5,May,0
O03701,2025-04-19,P049,C0374,WH-East,1,3014.05,3014.05,Delivered,2025-04-23,2025,4,April,1
O03702,2026-01-07,P018,C0204,WH-South,1,6842.11,6842.11,Delivered,2026-01-14,2026,1,January,1
O03703,2025-07-25,P061,C0894,WH-West,1,9046.33,9046.33,Delivered,2025-07-27,2025,7,July,1
O03704,2025-02-12,P057,C0750,WH-North,14,919.99,12879.86,Delivered,2025-02-17,2025,2,February,1
O03705,2025-09-02,P093,C0609,WH-North,5,11181.17,55905.85,Delivered,2025-09-09,2025,9,September,1
O03706,2025-10-14,P005,C0633,WH-South,6,5461.2,32767.2,Delivered,2025-10-17,2025,10,October,1
O03707,2025-12-21,P089,C0909,WH-North,12,5210.42,62525.04,Delivered,2025-12-30,2025,12,December,1
O03708,2026-04-21,P024,C0117,WH-South,6,5645.0,33870.0,Delivered,2026-04-26,2026,4,April,1
O03709,2025-03-24,P093,C0066,WH-South,6,11181.17,67087.02,Delivered,2025-03-27,2025,3,March,1
O03710,2025-04-20,P064,C0131,WH-East,9,9772.25,87950.25,Delivered,2025-04-22,2025,4,April,1
O03711,2025-07-09,P059,C0779,WH-West,1,722.03,722.03,Delivered,2025-07-18,2025,7,July,1
O03712,2025-09-08,P038,C0901,WH-North,10,9847.32,98473.2,Delivered,2025-09-10,2025,9,September,1
O03713,2025-10-18,P033,C0828,WH-North,6,7876.29,47257.74,Delivered,2025-10-26,2025,10,October,1
O03714,2025-07-20,P010,C0386,WH-South,13,8992.72,116905.36,Delivered,2025-07-28,2025,7,July,1
O03715,2025-11-22,P037,C0092,WH-West,8,2141.55,17132.4,Delivered,2025-11-29,2025,11,November,1
O03716,2026-05-26,P097,C0077,WH-East,8,7927.96,63423.68,Delivered,2026-06-04,2026,5,May,1
O03717,2026-02-13,P087,C0750,WH-South,12,6619.57,79434.84,Delivered,2026-02-15,2026,2,February,1
O03718,2026-05-23,P011,Unknown,WH-West,15,11449.02,171735.3,Delivered,2026-05-25,2026,5,May,1
O03719,2025-03-13,P024,C0739,WH-North,15,5645.0,84675.0,Delivered,2025-03-15,2025,3,March,1
O03720,2025-09-04,P088,C0872,WH-East,3,7327.81,21983.43,Delivered,2025-09-11,2025,9,September,1
O03721,2025-12-10,P071,C0320,WH-East,13,4401.72,57222.36,Delivered,2025-12-18,2025,12,December,1
O03722,2025-02-23,P021,C0653,WH-South,5,2945.59,14727.95,Delivered,2025-03-05,2025,2,February,1
O03723,2026-06-12,P020,C0054,WH-South,10,2297.9,22979.0,Delivered,2026-06-18,2026,6,June,1
O03724,2026-06-16,P010,C0652,WH-East,4,8992.72,35970.88,Delivered,2026-06-18,2026,6,June,1
O03725,2025-07-12,P089,C0658,WH-North,12,5210.42,62525.04,Delivered,2025-07-22,2025,7,July,1
O03726,2025-02-27,P047,C0786,WH-North,1,9554.1,9554.1,Delivered,2025-03-05,2025,2,February,1
O03727,2026-03-13,P100,C0145,WH-East,9,6160.6,55445.4,Delivered,2026-03-20,2026,3,March,1
O03728,2025-04-21,P047,C0679,WH-South,5,9554.1,47770.5,Delivered,2025-05-01,2025,4,April,1
O03729,2025-05-09,P015,C0086,WH-South,2,10925.43,21850.86,Delivered,2025-05-12,2025,5,May,1
O03730,2025-11-22,P044,C0141,WH-North,12,3533.01,42396.12,Delivered,2025-11-26,2025,11,November,1
O03731,2025-01-08,P062,C0045,WH-West,2,11436.7,22873.4,Delivered,2025-01-16,2025,1,January,1
O03732,2025-01-29,P006,C0640,WH-West,11,716.9,7885.9,Delivered,2025-02-02,2025,1,January,1
O03733,2025-04-22,P066,C0870,WH-West,7,9296.31,65074.17,Delivered,2025-04-25,2025,4,April,1
O03734,2025-05-11,P076,C0117,WH-North,4,2781.69,11126.76,Delivered,2025-05-19,2025,5,May,1
O03735,2025-07-07,P004,C0147,WH-East,1,5647.39,5647.39,Cancelled,Unknown,2025,7,July,0
O03736,2026-04-20,P023,C0984,WH-West,5,2561.5,12807.5,Delivered,2026-04-30,2026,4,April,1
O03737,2025-12-30,P013,C0659,WH-North,2,359.86,719.72,Delivered,2026-01-02,2025,12,December,1
O03738,2025-07-23,P081,C0021,WH-North,15,8788.43,131826.45,Delivered,2025-07-26,2025,7,July,1
O03739,2025-07-31,P031,C0536,WH-South,7,1882.62,13178.34,Delivered,2025-08-08,2025,7,July,1
O03740,2025-10-03,P016,C0158,WH-South,15,6037.0,90555.0,Cancelled,Unknown,2025,10,October,0
O03741,2025-03-14,P041,C0476,WH-North,9,10031.16,90280.44,Delivered,2025-03-20,2025,3,March,1
O03742,2025-08-31,P090,C0048,WH-South,13,2450.87,31861.31,Delivered,2025-09-02,2025,8,August,1
O03743,2025-04-12,P092,C0419,WH-South,1,9918.59,9918.59,Delivered,2025-04-19,2025,4,April,1
O03744,2025-06-20,P001,C0110,WH-South,12,2324.33,27891.96,Delivered,2025-06-29,2025,6,June,1
O03745,2025-07-07,P012,C0571,WH-North,2,3219.93,6439.86,Delivered,2025-07-09,2025,7,July,1
O03746,2026-03-17,P056,C0998,WH-West,11,888.53,9773.83,Delivered,2026-03-20,2026,3,March,1
O03747,2025-03-27,P050,C0529,WH-South,6,1973.84,11843.04,Delivered,2025-04-04,2025,3,March,1
O03748,2026-04-21,P020,C0304,WH-North,8,2297.9,18383.2,Delivered,2026-04-24,2026,4,April,1
O03749,2025-02-21,P066,C0482,WH-North,7,9296.31,65074.17,Delivered,2025-03-03,2025,2,February,1
O03750,2025-04-21,P036,C0567,WH-East,9,9014.91,81134.19,Delivered,2025-04-28,2025,4,April,1
O03751,2025-02-12,P079,C0137,WH-East,14,8889.27,124449.78,Delivered,2025-02-18,2025,2,February,1
O03752,2025-07-30,P038,C0077,WH-West,2,9847.32,19694.64,Processing,2025-08-07,2025,7,July,0
O03753,2025-07-19,P022,C0270,WH-East,12,9065.34,108784.08,Delivered,2025-07-28,2025,7,July,1
O03754,2025-01-26,P061,C0922,WH-North,9,9046.33,81416.97,Delivered,2025-02-05,2025,1,January,1
O03755,2025-10-26,P050,C0692,WH-East,4,1973.84,7895.36,Delivered,2025-11-02,2025,10,October,1
O03756,2025-03-18,P096,C0085,WH-South,11,6299.54,69294.94,Delivered,2025-03-24,2025,3,March,1
O03757,2025-05-17,P059,C0812,WH-East,15,722.03,10830.45,Processing,2025-05-25,2025,5,May,0
O03758,2025-01-20,P020,C0468,WH-North,3,2297.9,6893.7,Delivered,2025-01-23,2025,1,January,1
O03759,2026-03-16,P036,C0651,WH-West,7,9014.91,63104.37,Delivered,2026-03-25,2026,3,March,1
O03760,2025-07-30,P097,C0819,WH-West,5,7927.96,39639.8,Delivered,2025-08-04,2025,7,July,1
O03761,2026-03-11,P015,C0682,WH-West,13,10925.43,142030.59,Delivered,2026-03-13,2026,3,March,1
O03762,2025-07-26,P062,C0242,WH-West,5,11436.7,57183.5,Delivered,2025-07-30,2025,7,July,1
O03763,2026-03-15,P003,C0958,WH-South,12,8874.43,106493.16,Delivered,2026-03-25,2026,3,March,1
O03764,2025-02-11,P093,C0931,WH-South,13,11181.17,145355.21,Delivered,2025-02-16,2025,2,February,1
O03765,2026-02-15,P091,C0064,WH-South,2,3806.53,7613.06,Delivered,2026-02-19,2026,2,February,1
O03766,2026-06-07,P005,C0240,WH-East,6,5461.2,32767.2,Delivered,2026-06-12,2026,6,June,1
O03767,2026-03-03,P056,C0095,WH-East,6,888.53,5331.18,Delivered,2026-03-07,2026,3,March,1
O03768,2025-10-02,P031,C0658,WH-East,12,1882.62,22591.44,Delivered,2025-10-06,2025,10,October,1
O03769,2026-03-24,P086,C0398,WH-West,4,3132.13,12528.52,Delivered,2026-03-27,2026,3,March,1
O03770,2026-01-04,P035,C0888,WH-West,5,10862.84,54314.2,Delivered,2026-01-11,2026,1,January,1
O03771,2025-08-08,P071,C0049,WH-East,7,4401.72,30812.04,Processing,2025-08-15,2025,8,August,0
O03772,2025-08-20,P070,C0453,WH-South,14,2886.35,40408.9,Delivered,2025-08-25,2025,8,August,1
O03773,2025-11-24,P026,C0145,WH-North,8,8058.43,64467.44,Processing,2025-12-03,2025,11,November,0
O03774,2026-03-19,P001,C0917,WH-East,6,2324.33,13945.98,Delivered,2026-03-26,2026,3,March,1
O03775,2025-02-21,P083,C0398,WH-North,5,1377.9,6889.5,Delivered,2025-03-02,2025,2,February,1
O03776,2026-01-11,P007,C0771,WH-South,12,11389.37,136672.44,Delivered,2026-01-18,2026,1,January,1
O03777,2025-09-20,P036,C0671,WH-North,3,9014.91,27044.73,Delivered,2025-09-30,2025,9,September,1
O03778,2025-09-24,P076,C0729,WH-West,7,2781.69,19471.83,Delivered,2025-09-28,2025,9,September,1
O03779,2025-12-25,P084,C0303,WH-North,8,9567.6,76540.8,Delivered,2025-12-29,2025,12,December,1
O03780,2025-11-13,P087,C0428,WH-East,3,6619.57,19858.71,Delivered,2025-11-16,2025,11,November,1
O03781,2025-11-20,P025,C0017,WH-East,5,2564.25,12821.25,Delivered,2025-11-27,2025,11,November,1
O03782,2026-02-25,P094,C0986,WH-South,11,9560.46,105165.06,Delivered,2026-03-05,2026,2,February,1
O03783,2025-02-15,P059,C0081,WH-East,2,722.03,1444.06,Delivered,2025-02-23,2025,2,February,1
O03784,2025-09-26,P061,C0184,WH-North,10,9046.33,90463.3,Delivered,2025-10-02,2025,9,September,1
O03785,2026-01-16,P029,C0467,WH-West,10,7630.58,76305.8,Delivered,2026-01-23,2026,1,January,1
O03786,2025-04-28,P095,C0283,WH-North,12,5427.18,65126.16,Delivered,2025-05-06,2025,4,April,1
O03787,2025-04-26,P018,C0071,WH-North,4,6842.11,27368.44,Returned,2025-04-29,2025,4,April,0
O03788,2025-09-17,P041,C0090,WH-North,12,10031.16,120373.92,Delivered,2025-09-25,2025,9,September,1
O03789,2025-03-16,P019,C0709,WH-East,4,6267.38,25069.52,Delivered,2025-03-18,2025,3,March,1
O03790,2026-04-25,P004,C0642,WH-South,12,5647.39,67768.68,Processing,2026-05-02,2026,4,April,0
O03791,2025-11-01,P065,C0592,WH-East,13,6932.91,90127.83,Delivered,2025-11-10,2025,11,November,1
O03792,2025-01-07,P041,C0958,WH-North,8,10031.16,80249.28,Delivered,2025-01-09,2025,1,January,1
O03793,2026-01-01,P015,C0365,WH-South,3,10925.43,32776.29,Returned,2026-01-03,2026,1,January,0
O03794,2026-06-07,P054,C0203,WH-South,5,5559.97,27799.85,Returned,2026-06-14,2026,6,June,0
O03795,2025-12-14,P064,C0231,WH-North,11,9772.25,107494.75,Delivered,2025-12-20,2025,12,December,1
O03796,2026-03-14,P072,C0599,WH-North,5,7933.68,39668.4,Delivered,2026-03-18,2026,3,March,1
O03797,2025-08-03,P015,C0739,WH-East,2,10925.43,21850.86,Delivered,2025-08-11,2025,8,August,1
O03798,2026-03-05,P079,C0006,WH-South,9,8889.27,80003.43,Delivered,2026-03-13,2026,3,March,1
O03799,2026-05-13,P050,C0357,WH-West,4,1973.84,7895.36,Delivered,2026-05-21,2026,5,May,1
O03800,2026-06-24,P022,C0449,WH-South,9,9065.34,81588.06,Returned,2026-07-01,2026,6,June,0
O03801,2026-01-02,P018,C0737,WH-East,9,6842.11,61578.99,Delivered,2026-01-07,2026,1,January,1
O03802,2025-11-09,P080,C0146,WH-North,2,6733.38,13466.76,Cancelled,Unknown,2025,11,November,0
O03803,2026-06-22,P002,C0055,WH-South,9,9662.88,86965.92,Delivered,2026-07-02,2026,6,June,1
O03804,2025-02-23,P036,C0067,WH-West,9,9014.91,81134.19,Delivered,2025-03-03,2025,2,February,1
O03805,2026-06-25,P020,C0697,WH-East,2,2297.9,4595.8,Returned,2026-07-03,2026,6,June,0
O03806,2026-04-12,P016,C0147,WH-South,11,6037.0,66407.0,Delivered,2026-04-21,2026,4,April,1
O03807,2025-06-13,P067,C0586,WH-East,13,3626.7,47147.1,Delivered,2025-06-19,2025,6,June,1
O03808,2025-11-30,P030,C0980,WH-South,6,6989.65,41937.9,Delivered,2025-12-10,2025,11,November,1
O03809,2025-12-14,P055,C0651,WH-North,9,1487.11,13383.99,Delivered,2025-12-21,2025,12,December,1
O03810,2025-09-30,P066,C0736,WH-West,4,9296.31,37185.24,Delivered,2025-10-08,2025,9,September,1
O03811,2026-02-18,P099,C0232,WH-North,2,1477.4,2954.8,Delivered,2026-02-26,2026,2,February,1
O03812,2026-05-15,P026,C0468,WH-South,7,8058.43,56409.01,Delivered,2026-05-25,2026,5,May,1
O03813,2025-04-03,P057,C0695,WH-West,15,919.99,13799.85,Delivered,2025-04-11,2025,4,April,1
O03814,2025-03-20,P069,C0096,WH-South,9,7876.01,70884.09,Delivered,2025-03-24,2025,3,March,1
O03815,2025-08-05,P002,C0491,WH-South,6,9662.88,57977.28,Delivered,2025-08-12,2025,8,August,1
O03816,2025-12-24,P056,C0933,WH-West,11,888.53,9773.83,Delivered,2025-12-31,2025,12,December,1
O03817,2026-05-22,P084,C0854,WH-West,11,9567.6,105243.6,Delivered,2026-05-30,2026,5,May,1
O03818,2025-06-30,P062,C0248,WH-East,14,11436.7,160113.8,Delivered,2025-07-07,2025,6,June,1
O03819,2025-09-03,P034,C0132,WH-West,4,7873.1,31492.4,Delivered,2025-09-08,2025,9,September,1
O03820,2025-09-01,P098,C0525,WH-North,1,2843.84,2843.84,Delivered,2025-09-08,2025,9,September,1
O03821,2026-05-21,P056,C0070,WH-West,4,888.53,3554.12,Delivered,2026-05-25,2026,5,May,1
O03822,2026-02-26,P055,C0349,WH-West,3,1487.11,4461.33,Delivered,2026-02-28,2026,2,February,1
O03823,2025-11-16,P020,C0442,WH-East,7,2297.9,16085.3,Delivered,2025-11-18,2025,11,November,1
O03824,2025-03-28,P050,C0256,WH-North,11,1973.84,21712.24,Delivered,2025-04-03,2025,3,March,1
O03825,2025-08-05,P025,C0386,WH-North,13,2564.25,33335.25,Delivered,2025-08-14,2025,8,August,1
O03826,2026-05-05,P084,C0505,WH-West,11,9567.6,105243.6,Cancelled,Unknown,2026,5,May,0
O03827,2026-06-03,P025,C0700,WH-West,10,2564.25,25642.5,Cancelled,Unknown,2026,6,June,0
O03828,2025-10-05,P053,C0601,WH-East,5,8550.49,42752.45,Delivered,2025-10-14,2025,10,October,1
O03829,2025-06-18,P014,C0416,WH-North,12,8215.45,98585.4,Delivered,2025-06-28,2025,6,June,1
O03830,2025-11-26,P060,C0319,WH-North,3,1239.87,3719.61,Cancelled,Unknown,2025,11,November,0
O03831,2026-03-17,P043,C0316,WH-South,14,7218.47,101058.58,Delivered,2026-03-20,2026,3,March,1
O03832,2026-01-26,P062,C0666,WH-East,2,11436.7,22873.4,Delivered,2026-02-04,2026,1,January,1
O03833,2026-05-11,P076,C0986,WH-East,13,2781.69,36161.97,Delivered,2026-05-14,2026,5,May,1
O03834,2026-01-16,P069,C0998,WH-West,2,7876.01,15752.02,Returned,2026-01-24,2026,1,January,0
O03835,2025-11-02,P063,C0662,WH-North,5,6119.08,30595.4,Delivered,2025-11-11,2025,11,November,1
O03836,2026-05-28,P002,C0330,WH-West,13,9662.88,125617.44,Delivered,2026-05-30,2026,5,May,1
O03837,2025-07-07,P054,C0983,WH-East,13,5559.97,72279.61,Delivered,2025-07-16,2025,7,July,1
O03838,2026-05-31,P016,C0132,WH-North,8,6037.0,48296.0,Returned,2026-06-04,2026,5,May,0
O03839,2026-03-03,P055,C0144,WH-North,8,1487.11,11896.88,Delivered,2026-03-05,2026,3,March,1
O03840,2026-05-17,P094,C0247,WH-East,14,9560.46,133846.44,Delivered,2026-05-25,2026,5,May,1
O03841,2025-09-17,P043,C0063,WH-North,12,7218.47,86621.64,Delivered,2025-09-21,2025,9,September,1
O03842,2026-05-28,P061,C0682,WH-South,5,9046.33,45231.65,Delivered,2026-06-06,2026,5,May,1
O03843,2025-03-12,P038,C0929,WH-East,13,9847.32,128015.16,Delivered,2025-03-22,2025,3,March,1
O03844,2026-04-23,P045,C0909,WH-East,2,11503.77,23007.54,Delivered,2026-04-26,2026,4,April,1
O03845,2025-06-27,P051,C0814,WH-North,13,506.74,6587.62,Delivered,2025-06-29,2025,6,June,1
O03846,2026-04-02,P042,C0503,WH-East,4,4932.36,19729.44,Delivered,2026-04-11,2026,4,April,1
O03847,2025-07-08,P024,C0236,WH-West,7,5645.0,39515.0,Delivered,2025-07-15,2025,7,July,1
O03848,2025-10-18,P030,C0397,WH-East,14,6989.65,97855.1,Delivered,2025-10-20,2025,10,October,1
O03849,2026-06-04,P037,C0801,WH-West,6,2141.55,12849.3,Delivered,2026-06-08,2026,6,June,1
O03850,2025-10-19,P053,C0123,WH-South,10,8550.49,85504.9,Delivered,2025-10-29,2025,10,October,1
O03851,2025-10-10,P063,C0270,WH-South,7,6119.08,42833.56,Delivered,2025-10-20,2025,10,October,1
O03852,2026-06-28,P011,C0008,WH-West,5,11449.02,57245.1,Delivered,2026-07-05,2026,6,June,1
O03853,2026-01-12,P078,C0730,WH-East,2,8749.35,17498.7,Delivered,2026-01-16,2026,1,January,1
O03854,2025-06-05,P023,C0342,WH-West,8,2561.5,20492.0,Delivered,2025-06-14,2025,6,June,1
O03855,2026-05-23,P080,C0686,WH-North,14,6733.38,94267.32,Delivered,2026-05-30,2026,5,May,1
O03856,2026-02-17,P050,C0638,WH-West,12,1973.84,23686.08,Delivered,2026-02-19,2026,2,February,1
O03857,2026-06-12,P085,C0897,WH-South,2,1090.03,2180.06,Delivered,2026-06-19,2026,6,June,1
O03858,2025-12-21,P055,C0315,WH-South,12,1487.11,17845.32,Cancelled,Unknown,2025,12,December,0
O03859,2025-07-06,P055,C0828,WH-West,8,1487.11,11896.88,Delivered,2025-07-15,2025,7,July,1
O03860,2025-01-31,P004,C0561,WH-South,15,5647.39,84710.85,Delivered,2025-02-03,2025,1,January,1
O03861,2025-09-17,P097,C0336,WH-North,7,7927.96,55495.72,Delivered,2025-09-25,2025,9,September,1
O03862,2026-02-25,P054,C0748,WH-East,3,5559.97,16679.91,Delivered,2026-03-04,2026,2,February,1
O03863,2026-06-13,P061,C0861,WH-East,13,9046.33,117602.29,Delivered,2026-06-15,2026,6,June,1
O03864,2025-10-31,P078,C0829,WH-West,4,8749.35,34997.4,Delivered,2025-11-09,2025,10,October,1
O03865,2025-02-08,P083,C0256,WH-South,13,1377.9,17912.7,Processing,2025-02-15,2025,2,February,0
O03866,2026-05-04,P005,C0116,WH-East,7,5461.2,38228.4,Delivered,2026-05-08,2026,5,May,1
O03867,2026-06-26,P100,C0791,WH-South,4,6160.6,24642.4,Delivered,2026-07-02,2026,6,June,1
O03868,2025-10-05,P095,C0389,WH-West,9,5427.18,48844.62,Delivered,2025-10-13,2025,10,October,1
O03869,2025-07-22,P018,C0085,WH-South,7,6842.11,47894.77,Delivered,2025-08-01,2025,7,July,1
O03870,2025-03-07,P044,C0632,WH-North,1,3533.01,3533.01,Delivered,2025-03-12,2025,3,March,1
O03871,2025-04-18,P031,C0896,WH-North,1,1882.62,1882.62,Delivered,2025-04-21,2025,4,April,1
O03872,2025-09-25,P094,C0050,WH-South,15,9560.46,143406.9,Delivered,2025-09-29,2025,9,September,1
O03873,2025-08-10,P021,C0164,WH-North,4,2945.59,11782.36,Delivered,2025-08-18,2025,8,August,1
O03874,2026-06-14,P047,C0148,WH-West,14,9554.1,133757.4,Delivered,2026-06-23,2026,6,June,1
O03875,2025-03-31,P030,C0555,WH-North,14,6989.65,97855.1,Delivered,2025-04-06,2025,3,March,1
O03876,2025-09-12,P055,C0136,WH-North,13,1487.11,19332.43,Returned,2025-09-16,2025,9,September,0
O03877,2026-03-31,P068,C0758,WH-East,9,7862.75,70764.75,Delivered,2026-04-02,2026,3,March,1
O03878,2025-09-10,P069,C0218,WH-East,13,7876.01,102388.13,Delivered,2025-09-12,2025,9,September,1
O03879,2025-09-14,P041,C0937,WH-West,4,10031.16,40124.64,Delivered,2025-09-17,2025,9,September,1
O03880,2026-01-18,P045,C0506,WH-North,13,11503.77,149549.01,Delivered,2026-01-24,2026,1,January,1
O03881,2026-03-18,P074,C0793,WH-East,5,8610.83,43054.15,Delivered,2026-03-22,2026,3,March,1
O03882,2025-03-31,P091,C0372,WH-South,1,3806.53,3806.53,Delivered,2025-04-08,2025,3,March,1
O03883,2026-01-25,P080,C0234,WH-South,15,6733.38,101000.7,Delivered,2026-01-28,2026,1,January,1
O03884,2025-02-13,P030,C0775,WH-North,14,6989.65,97855.1,Delivered,2025-02-16,2025,2,February,1
O03885,2025-01-19,P077,C0115,WH-West,2,12073.98,24147.96,Delivered,2025-01-23,2025,1,January,1
O03886,2025-04-11,P100,C0854,WH-North,11,6160.6,67766.6,Delivered,2025-04-13,2025,4,April,1
O03887,2025-12-23,P085,C0189,WH-East,4,1090.03,4360.12,Delivered,2025-12-26,2025,12,December,1
O03888,2026-06-26,P045,C0417,WH-North,12,11503.77,138045.24,Delivered,2026-07-02,2026,6,June,1
O03889,2025-02-02,P045,C0197,WH-North,4,11503.77,46015.08,Cancelled,Unknown,2025,2,February,0
O03890,2025-08-17,P079,C0550,WH-South,11,8889.27,97781.97,Delivered,2025-08-24,2025,8,August,1
O03891,2026-06-08,P084,C0524,WH-South,10,9567.6,95676.0,Delivered,2026-06-11,2026,6,June,1
O03892,2025-06-04,P084,C0636,WH-East,6,9567.6,57405.6,Delivered,2025-06-13,2025,6,June,1
O03893,2026-02-27,P045,C0556,WH-West,13,11503.77,149549.01,Delivered,2026-03-04,2026,2,February,1
O03894,2025-09-03,P055,C0821,WH-West,6,1487.11,8922.66,Delivered,2025-09-07,2025,9,September,1
O03895,2026-02-09,P059,C0014,WH-East,8,722.03,5776.24,Delivered,2026-02-15,2026,2,February,1
O03896,2026-06-25,P005,C0967,WH-East,12,5461.2,65534.4,Delivered,2026-07-04,2026,6,June,1
O03897,2025-06-10,P032,C0860,WH-North,13,8387.44,109036.72,Delivered,2025-06-20,2025,6,June,1
O03898,2025-04-27,P006,C0564,WH-North,9,716.9,6452.1,Delivered,2025-04-29,2025,4,April,1
O03899,2025-09-28,P094,C0245,WH-West,14,9560.46,133846.44,Delivered,2025-10-03,2025,9,September,1
O03900,2026-05-02,P026,C0692,WH-North,1,8058.43,8058.43,Delivered,2026-05-09,2026,5,May,1
O03901,2025-06-21,P037,C0302,WH-North,1,2141.55,2141.55,Delivered,2025-06-28,2025,6,June,1
O03902,2025-10-01,P013,C0464,WH-South,15,359.86,5397.9,Processing,2025-10-11,2025,10,October,0
O03903,2025-09-16,P093,C0937,WH-East,6,11181.17,67087.02,Delivered,2025-09-18,2025,9,September,1
O03904,2025-05-15,P069,C0642,WH-East,4,7876.01,31504.04,Returned,2025-05-21,2025,5,May,0
O03905,2026-02-26,P025,C0433,WH-South,11,2564.25,28206.75,Delivered,2026-02-28,2026,2,February,1
O03906,2026-02-25,P013,C0991,WH-South,4,359.86,1439.44,Delivered,2026-03-04,2026,2,February,1
O03907,2025-07-05,P088,C0612,WH-North,1,7327.81,7327.81,Delivered,2025-07-15,2025,7,July,1
O03908,2025-12-30,P095,C0462,WH-East,9,5427.18,48844.62,Delivered,2026-01-04,2025,12,December,1
O03909,2026-01-13,P020,C0878,WH-West,12,2297.9,27574.8,Delivered,2026-01-23,2026,1,January,1
O03910,2026-06-07,P072,C0284,WH-East,11,7933.68,87270.48,Delivered,2026-06-11,2026,6,June,1
O03911,2025-07-15,P060,C0623,WH-West,3,1239.87,3719.61,Returned,2025-07-23,2025,7,July,0
O03912,2025-04-08,P073,C0800,WH-South,15,5286.08,79291.2,Delivered,2025-04-14,2025,4,April,1
O03913,2025-01-22,P021,C0604,WH-East,5,2945.59,14727.95,Delivered,2025-01-24,2025,1,January,1
O03914,2026-03-26,P061,C0588,WH-South,10,9046.33,90463.3,Delivered,2026-04-03,2026,3,March,1
O03915,2025-06-21,P084,C0717,WH-East,1,9567.6,9567.6,Delivered,2025-06-30,2025,6,June,1
O03916,2026-01-18,P079,C0534,WH-West,8,8889.27,71114.16,Delivered,2026-01-25,2026,1,January,1
O03917,2025-05-14,P026,C0682,WH-South,3,8058.43,24175.29,Returned,2025-05-16,2025,5,May,0
O03918,2026-03-02,P054,C0368,WH-North,14,5559.97,77839.58,Delivered,2026-03-12,2026,3,March,1
O03919,2025-01-25,P042,C0157,WH-East,15,4932.36,73985.4,Delivered,2025-02-02,2025,1,January,1
O03920,2026-05-18,P011,C0734,WH-West,1,11449.02,11449.02,Delivered,2026-05-25,2026,5,May,1
O03921,2025-07-04,P037,C0463,WH-North,10,2141.55,21415.5,Returned,2025-07-09,2025,7,July,0
O03922,2025-03-26,P011,C0872,WH-South,6,11449.02,68694.12,Delivered,2025-03-30,2025,3,March,1
O03923,2025-05-24,P027,C0580,WH-East,1,3927.78,3927.78,Returned,2025-05-29,2025,5,May,0
O03924,2026-02-16,P094,C0161,WH-East,15,9560.46,143406.9,Delivered,2026-02-18,2026,2,February,1
O03925,2025-08-12,P083,C0174,WH-North,15,1377.9,20668.5,Delivered,2025-08-22,2025,8,August,1
O03926,2025-08-08,P034,C0905,WH-North,3,7873.1,23619.3,Delivered,2025-08-11,2025,8,August,1
O03927,2025-06-28,P038,C0499,WH-South,5,9847.32,49236.6,Delivered,2025-07-01,2025,6,June,1
O03928,2026-03-09,P061,C0550,WH-North,4,9046.33,36185.32,Delivered,2026-03-13,2026,3,March,1
O03929,2025-09-22,P087,C0336,WH-East,7,6619.57,46336.99,Delivered,2025-09-24,2025,9,September,1
O03930,2026-03-05,P053,C0026,WH-East,6,8550.49,51302.94,Delivered,2026-03-09,2026,3,March,1
O03931,2026-02-20,P065,C0766,WH-East,12,6932.91,83194.92,Cancelled,Unknown,2026,2,February,0
O03932,2026-03-29,P003,C0504,WH-East,3,8874.43,26623.29,Delivered,2026-04-08,2026,3,March,1
O03933,2025-07-16,P067,C0299,WH-North,11,3626.7,39893.7,Returned,2025-07-22,2025,7,July,0
O03934,2025-02-22,P028,C0437,WH-North,8,1732.59,13860.72,Delivered,2025-03-01,2025,2,February,1
O03935,2026-04-25,P014,C0795,WH-West,8,8215.45,65723.6,Delivered,2026-04-27,2026,4,April,1
O03936,2026-03-19,P052,C0759,WH-South,14,2109.04,29526.56,Cancelled,Unknown,2026,3,March,0
O03937,2025-11-26,P030,C0011,WH-North,2,6989.65,13979.3,Delivered,2025-12-04,2025,11,November,1
O03938,2025-09-08,P058,C0238,WH-South,7,3596.21,25173.47,Delivered,2025-09-16,2025,9,September,1
O03939,2025-05-03,P054,C0619,WH-North,14,5559.97,77839.58,Delivered,2025-05-05,2025,5,May,1
O03940,2026-01-22,P069,C0410,WH-West,1,7876.01,7876.01,Processing,2026-02-01,2026,1,January,0
O03941,2025-12-05,P015,C0334,WH-North,2,10925.43,21850.86,Delivered,2025-12-07,2025,12,December,1
O03942,2025-12-14,P038,C0313,WH-East,8,9847.32,78778.56,Delivered,2025-12-22,2025,12,December,1
O03943,2025-01-29,P078,C0001,WH-North,12,8749.35,104992.2,Delivered,2025-02-01,2025,1,January,1
O03944,2025-02-04,P014,C0523,WH-South,1,8215.45,8215.45,Delivered,2025-02-14,2025,2,February,1
O03945,2026-06-02,P057,C0670,WH-East,2,919.99,1839.98,Processing,2026-06-12,2026,6,June,0
O03946,2026-01-31,P059,C0088,WH-North,12,722.03,8664.36,Delivered,2026-02-10,2026,1,January,1
O03947,2025-10-21,P008,C0242,WH-East,1,7685.98,7685.98,Delivered,2025-10-26,2025,10,October,1
O03948,2025-12-15,P072,C0132,WH-East,5,7933.68,39668.4,Delivered,2025-12-22,2025,12,December,1
O03949,2025-05-27,P019,C0598,WH-East,7,6267.38,43871.66,Delivered,2025-05-30,2025,5,May,1
O03950,2025-03-08,P032,C0622,WH-West,6,8387.44,50324.64,Delivered,2025-03-12,2025,3,March,1
O03951,2026-06-04,P095,C0328,WH-South,6,5427.18,32563.08,Delivered,2026-06-11,2026,6,June,1
O03952,2025-05-02,P029,C0111,WH-South,6,7630.58,45783.48,Delivered,2025-05-04,2025,5,May,1
O03953,2025-12-06,P041,C0720,WH-North,8,10031.16,80249.28,Delivered,2025-12-14,2025,12,December,1
O03954,2025-06-24,P075,C0289,WH-East,5,4757.22,23786.1,Delivered,2025-06-27,2025,6,June,1
O03955,2026-03-27,P045,C0417,WH-North,15,11503.77,172556.55,Delivered,2026-04-05,2026,3,March,1
O03956,2025-05-16,P013,C0074,WH-South,10,359.86,3598.6,Delivered,2025-05-22,2025,5,May,1
O03957,2025-01-16,P027,C0834,WH-East,7,3927.78,27494.46,Delivered,2025-01-24,2025,1,January,1
O03958,2025-11-29,P019,C0761,WH-South,3,6267.38,18802.14,Delivered,2025-12-08,2025,11,November,1
O03959,2025-07-14,P026,C0108,WH-East,9,8058.43,72525.87,Delivered,2025-07-18,2025,7,July,1
O03960,2026-05-11,P053,C0516,WH-East,10,8550.49,85504.9,Returned,2026-05-18,2026,5,May,0
O03961,2025-01-09,P051,C0727,WH-West,3,506.74,1520.22,Delivered,2025-01-19,2025,1,January,1
O03962,2025-11-30,P037,C0691,WH-East,14,2141.55,29981.7,Delivered,2025-12-05,2025,11,November,1
O03963,2025-11-29,P009,C0667,WH-North,14,6820.58,95488.12,Delivered,2025-12-07,2025,11,November,1
O03964,2025-11-23,P092,C0801,WH-South,6,9918.59,59511.54,Delivered,2025-11-25,2025,11,November,1
O03965,2025-01-15,P096,C0737,WH-South,3,6299.54,18898.62,Delivered,2025-01-23,2025,1,January,1
O03966,2025-08-14,P052,C0105,WH-South,1,2109.04,2109.04,Delivered,2025-08-24,2025,8,August,1
O03967,2026-03-01,P054,C0382,WH-East,1,5559.97,5559.97,Delivered,2026-03-10,2026,3,March,1
O03968,2026-02-12,P003,C0596,WH-North,3,8874.43,26623.29,Delivered,2026-02-17,2026,2,February,1
O03969,2025-04-23,P096,C0077,WH-West,4,6299.54,25198.16,Delivered,2025-04-27,2025,4,April,1
O03970,2026-03-04,P069,C0203,WH-West,14,7876.01,110264.14,Delivered,2026-03-12,2026,3,March,1
O03971,2025-01-01,P008,C0851,WH-North,2,7685.98,15371.96,Delivered,2025-01-03,2025,1,January,1
O03972,2025-09-23,P014,C0501,WH-North,9,8215.45,73939.05,Delivered,2025-10-02,2025,9,September,1
O03973,2026-05-06,P003,C0241,WH-North,15,8874.43,133116.45,Delivered,2026-05-08,2026,5,May,1
O03974,2025-07-27,P024,C0800,WH-East,11,5645.0,62095.0,Delivered,2025-08-04,2025,7,July,1
O03975,2026-01-04,P013,C0707,WH-East,8,359.86,2878.88,Delivered,2026-01-11,2026,1,January,1
O03976,2025-11-02,P043,C0372,WH-West,12,7218.47,86621.64,Delivered,2025-11-11,2025,11,November,1
O03977,2025-01-12,P029,C0205,WH-North,13,7630.58,99197.54,Delivered,2025-01-19,2025,1,January,1
O03978,2025-12-11,P072,C0412,WH-North,3,7933.68,23801.04,Delivered,2025-12-17,2025,12,December,1
O03979,2026-04-10,P051,C0214,WH-South,7,506.74,3547.18,Cancelled,Unknown,2026,4,April,0
O03980,2026-05-09,P042,C0441,WH-West,4,4932.36,19729.44,Delivered,2026-05-14,2026,5,May,1
O03981,2026-01-03,P031,C0531,WH-East,5,1882.62,9413.1,Delivered,2026-01-11,2026,1,January,1
O03982,2026-02-24,P063,C0671,WH-North,4,6119.08,24476.32,Returned,2026-03-03,2026,2,February,0
O03983,2025-06-20,P026,C0212,WH-East,9,8058.43,72525.87,Processing,2025-06-27,2025,6,June,0
O03984,2025-05-14,P018,C0053,WH-South,11,6842.11,75263.21,Delivered,2025-05-20,2025,5,May,1
O03985,2026-03-03,P082,C0511,WH-North,7,7665.58,53659.06,Delivered,2026-03-06,2026,3,March,1
O03986,2025-01-25,P057,C0088,WH-East,13,919.99,11959.87,Delivered,2025-01-30,2025,1,January,1
O03987,2026-06-14,P007,C0672,WH-East,4,11389.37,45557.48,Cancelled,Unknown,2026,6,June,0
O03988,2025-07-09,P048,C0009,WH-West,13,8206.14,106679.82,Delivered,2025-07-19,2025,7,July,1
O03989,2025-05-21,P080,C0691,WH-East,8,6733.38,53867.04,Delivered,2025-05-31,2025,5,May,1
O03990,2025-11-11,P060,C0083,WH-East,2,1239.87,2479.74,Delivered,2025-11-20,2025,11,November,1
O03991,2026-03-20,P033,C0663,WH-East,7,7876.29,55134.03,Delivered,2026-03-25,2026,3,March,1
O03992,2025-11-15,P003,C0025,WH-East,11,8874.43,97618.73,Delivered,2025-11-21,2025,11,November,1
O03993,2026-03-17,P004,C0225,WH-South,1,5647.39,5647.39,Delivered,2026-03-19,2026,3,March,1
O03994,2025-04-02,P100,C0497,WH-East,8,6160.6,49284.8,Delivered,2025-04-07,2025,4,April,1
O03995,2025-06-28,P004,C0430,WH-West,13,5647.39,73416.07,Delivered,2025-07-03,2025,6,June,1
O03996,2025-02-25,P042,C0428,WH-South,14,4932.36,69053.04,Delivered,2025-03-03,2025,2,February,1
O03997,2025-06-04,P009,C0194,WH-South,12,6820.58,81846.96,Delivered,2025-06-07,2025,6,June,1
O03998,2025-04-21,P051,C0118,WH-East,14,506.74,7094.36,Delivered,2025-04-24,2025,4,April,1
O03999,2025-05-17,P017,C0835,WH-North,13,8360.81,108690.53,Delivered,2025-05-20,2025,5,May,1
O04000,2025-08-20,P017,C0895,WH-East,15,8360.81,125412.15,Delivered,2025-08-29,2025,8,August,1
O04001,2026-04-13,P097,C0924,WH-South,6,7927.96,47567.76,Delivered,2026-04-16,2026,4,April,1
O04002,2026-04-26,P020,C0760,WH-East,12,2297.9,27574.8,Delivered,2026-05-03,2026,4,April,1
O04003,2025-03-09,P014,C0997,WH-West,5,8215.45,41077.25,Delivered,2025-03-12,2025,3,March,1
O04004,2025-09-06,P022,C0995,WH-West,9,9065.34,81588.06,Delivered,2025-09-15,2025,9,September,1
O04005,2025-11-19,P052,C0078,WH-West,9,2109.04,18981.36,Delivered,2025-11-21,2025,11,November,1
O04006,2026-06-02,P027,C0152,WH-East,3,3927.78,11783.34,Delivered,2026-06-05,2026,6,June,1
O04007,2026-03-08,P043,C0056,WH-East,9,7218.47,64966.23,Delivered,2026-03-14,2026,3,March,1
O04008,2026-05-02,P003,C0818,WH-South,13,8874.43,115367.59,Processing,2026-05-09,2026,5,May,0
O04009,2026-03-05,P088,C0357,WH-South,15,7327.81,109917.15,Delivered,2026-03-15,2026,3,March,1
O04010,2025-09-26,P094,C0259,WH-South,13,9560.46,124285.98,Delivered,2025-10-03,2025,9,September,1
O04011,2026-06-21,P008,C0535,WH-North,9,7685.98,69173.82,Delivered,2026-06-30,2026,6,June,1
O04012,2025-05-28,P086,C0674,WH-West,2,3132.13,6264.26,Returned,2025-06-05,2025,5,May,0
O04013,2025-04-28,P089,C0777,WH-North,5,5210.42,26052.1,Delivered,2025-04-30,2025,4,April,1
O04014,2026-01-02,P010,C0594,WH-North,11,8992.72,98919.92,Delivered,2026-01-05,2026,1,January,1
O04015,2025-03-07,P029,C0571,WH-West,2,7630.58,15261.16,Cancelled,Unknown,2025,3,March,0
O04016,2026-01-05,P040,C0578,WH-North,1,7396.64,7396.64,Processing,2026-01-07,2026,1,January,0
O04017,2025-06-24,P065,C0406,WH-East,7,6932.91,48530.37,Processing,2025-07-03,2025,6,June,0
O04018,2026-05-10,P021,C0115,WH-West,4,2945.59,11782.36,Delivered,2026-05-15,2026,5,May,1
O04019,2025-04-24,P024,C0803,WH-North,5,5645.0,28225.0,Delivered,2025-05-02,2025,4,April,1
O04020,2025-04-21,P073,C0927,WH-North,4,5286.08,21144.32,Delivered,2025-04-29,2025,4,April,1
O04021,2026-03-15,P060,C0474,WH-North,6,1239.87,7439.22,Delivered,2026-03-24,2026,3,March,1
O04022,2025-05-27,P026,C0754,WH-East,11,8058.43,88642.73,Delivered,2025-06-06,2025,5,May,1
O04023,2025-02-04,P009,C0334,WH-North,2,6820.58,13641.16,Delivered,2025-02-14,2025,2,February,1
O04024,2025-11-05,P020,C0621,WH-North,8,2297.9,18383.2,Delivered,2025-11-13,2025,11,November,1
O04025,2026-06-22,P056,C0816,WH-North,4,888.53,3554.12,Delivered,2026-07-02,2026,6,June,1
O04026,2025-01-14,P099,C0309,WH-South,8,1477.4,11819.2,Delivered,2025-01-20,2025,1,January,1
O04027,2026-01-09,P036,C0988,WH-West,3,9014.91,27044.73,Delivered,2026-01-14,2026,1,January,1
O04028,2026-03-04,P036,C0331,WH-North,12,9014.91,108178.92,Delivered,2026-03-08,2026,3,March,1
O04029,2025-08-21,P073,C0544,WH-North,12,5286.08,63432.96,Delivered,2025-08-28,2025,8,August,1
O04030,2026-03-16,P022,C0725,WH-West,11,9065.34,99718.74,Delivered,2026-03-26,2026,3,March,1
O04031,2026-05-17,P001,C0983,WH-North,5,2324.33,11621.65,Delivered,2026-05-22,2026,5,May,1
O04032,2025-10-02,P069,C0504,WH-East,12,7876.01,94512.12,Delivered,2025-10-05,2025,10,October,1
O04033,2025-03-17,P073,C0088,WH-North,3,5286.08,15858.24,Delivered,2025-03-21,2025,3,March,1
O04034,2026-03-15,P037,C0908,WH-North,12,2141.55,25698.6,Delivered,2026-03-19,2026,3,March,1
O04035,2025-10-16,P083,C0574,WH-South,15,1377.9,20668.5,Delivered,2025-10-19,2025,10,October,1
O04036,2026-06-24,P072,C0003,WH-South,13,7933.68,103137.84,Delivered,2026-07-04,2026,6,June,1
O04037,2025-09-10,P096,C0774,WH-East,7,6299.54,44096.78,Delivered,2025-09-15,2025,9,September,1
O04038,2025-05-06,P013,C0383,WH-West,15,359.86,5397.9,Delivered,2025-05-10,2025,5,May,1
O04039,2025-06-26,P084,C0624,WH-East,3,9567.6,28702.8,Delivered,2025-07-03,2025,6,June,1
O04040,2025-02-06,P100,C0524,WH-West,15,6160.6,92409.0,Returned,2025-02-15,2025,2,February,0
O04041,2026-02-14,P043,C0565,WH-North,12,7218.47,86621.64,Delivered,2026-02-23,2026,2,February,1
O04042,2025-05-07,P037,C0148,WH-South,8,2141.55,17132.4,Delivered,2025-05-14,2025,5,May,1
O04043,2026-04-28,P094,C0506,WH-East,9,9560.46,86044.14,Cancelled,Unknown,2026,4,April,0
O04044,2025-06-17,P074,C0646,WH-East,13,8610.83,111940.79,Processing,2025-06-25,2025,6,June,0
O04045,2025-10-21,P095,C0084,WH-South,12,5427.18,65126.16,Delivered,2025-10-25,2025,10,October,1
O04046,2025-12-09,P025,C0398,WH-West,2,2564.25,5128.5,Delivered,2025-12-12,2025,12,December,1
O04047,2025-11-06,P093,C0184,WH-North,3,11181.17,33543.51,Delivered,2025-11-15,2025,11,November,1
O04048,2026-06-12,P088,C0169,WH-West,12,7327.81,87933.72,Delivered,2026-06-22,2026,6,June,1
O04049,2026-06-24,P021,C0561,WH-South,13,2945.59,38292.67,Delivered,2026-07-01,2026,6,June,1
O04050,2026-02-23,P041,C0108,WH-North,7,10031.16,70218.12,Delivered,2026-02-28,2026,2,February,1
O04051,2026-03-20,P073,C0193,WH-West,5,5286.08,26430.4,Cancelled,Unknown,2026,3,March,0
O04052,2025-08-24,P042,C0852,WH-North,10,4932.36,49323.6,Returned,2025-09-01,2025,8,August,0
O04053,2026-03-15,P042,C0214,WH-South,7,4932.36,34526.52,Processing,2026-03-24,2026,3,March,0
O04054,2025-08-02,P002,C0360,WH-North,2,9662.88,19325.76,Delivered,2025-08-06,2025,8,August,1
O04055,2025-03-26,P068,C0095,WH-East,14,7862.75,110078.5,Delivered,2025-04-02,2025,3,March,1
O04056,2025-03-26,P008,C0543,WH-South,14,7685.98,107603.72,Delivered,2025-04-02,2025,3,March,1
O04057,2026-05-04,P096,C0156,WH-East,4,6299.54,25198.16,Delivered,2026-05-12,2026,5,May,1
O04058,2025-03-06,P061,C0524,WH-North,1,9046.33,9046.33,Delivered,2025-03-11,2025,3,March,1
O04059,2025-03-05,P014,C0272,WH-West,15,8215.45,123231.75,Delivered,2025-03-12,2025,3,March,1
O04060,2025-12-09,P077,C0737,WH-North,5,12073.98,60369.9,Cancelled,Unknown,2025,12,December,0
O04061,2025-12-18,P021,C0163,WH-South,8,2945.59,23564.72,Processing,2025-12-27,2025,12,December,0
O04062,2025-06-07,P024,C0556,WH-South,1,5645.0,5645.0,Delivered,2025-06-11,2025,6,June,1
O04063,2026-05-06,P050,C0836,WH-North,7,1973.84,13816.88,Delivered,2026-05-16,2026,5,May,1
O04064,2026-04-08,P082,C0906,WH-West,7,7665.58,53659.06,Delivered,2026-04-17,2026,4,April,1
O04065,2025-08-13,P045,C0738,WH-South,7,11503.77,80526.39,Processing,2025-08-20,2025,8,August,0
O04066,2025-11-09,P064,C0765,WH-North,15,9772.25,146583.75,Delivered,2025-11-12,2025,11,November,1
O04067,2026-04-11,P064,C0745,WH-West,1,9772.25,9772.25,Returned,2026-04-20,2026,4,April,0
O04068,2025-03-29,P026,C0771,WH-East,12,8058.43,96701.16,Delivered,2025-04-05,2025,3,March,1
O04069,2025-10-30,P032,C0799,WH-South,11,8387.44,92261.84,Returned,2025-11-01,2025,10,October,0
O04070,2026-03-11,P057,C0180,WH-East,3,919.99,2759.97,Delivered,2026-03-18,2026,3,March,1
O04071,2025-05-15,P053,C0223,WH-South,11,8550.49,94055.39,Processing,2025-05-21,2025,5,May,0
O04072,2025-02-19,P033,C0116,WH-East,2,7876.29,15752.58,Delivered,2025-02-26,2025,2,February,1
O04073,2026-03-08,P052,C0961,WH-North,15,2109.04,31635.6,Delivered,2026-03-10,2026,3,March,1
O04074,2025-12-06,P095,C0005,WH-West,15,5427.18,81407.7,Delivered,2025-12-11,2025,12,December,1
O04075,2025-12-13,P018,C0773,WH-North,5,6842.11,34210.55,Processing,2025-12-21,2025,12,December,0
O04076,2025-12-13,P035,C0066,WH-North,2,10862.84,21725.68,Delivered,2025-12-19,2025,12,December,1
O04077,2025-09-02,P012,C0527,WH-North,13,3219.93,41859.09,Delivered,2025-09-09,2025,9,September,1
O04078,2025-04-19,P051,C0449,WH-South,14,506.74,7094.36,Delivered,2025-04-22,2025,4,April,1
O04079,2026-06-17,P089,C0149,WH-East,5,5210.42,26052.1,Delivered,2026-06-26,2026,6,June,1
O04080,2025-03-31,P095,C0101,WH-South,5,5427.18,27135.9,Delivered,2025-04-05,2025,3,March,1
O04081,2025-10-23,P010,C0967,WH-South,4,8992.72,35970.88,Delivered,2025-10-30,2025,10,October,1
O04082,2025-04-22,P052,C0267,WH-West,11,2109.04,23199.44,Delivered,2025-04-26,2025,4,April,1
O04083,2025-06-26,P034,C0730,WH-North,7,7873.1,55111.7,Delivered,2025-07-06,2025,6,June,1
O04084,2025-12-09,P067,C0554,WH-South,10,3626.7,36267.0,Cancelled,Unknown,2025,12,December,0
O04085,2025-04-11,P039,C0066,WH-East,6,2741.34,16448.04,Delivered,2025-04-18,2025,4,April,1
O04086,2026-02-05,P008,C0350,WH-South,2,7685.98,15371.96,Returned,2026-02-15,2026,2,February,0
O04087,2025-01-28,P096,C0829,WH-West,15,6299.54,94493.1,Delivered,2025-02-07,2025,1,January,1
O04088,2026-06-21,P029,C0828,WH-West,4,7630.58,30522.32,Delivered,2026-06-24,2026,6,June,1
O04089,2025-02-27,P022,C0910,WH-East,13,9065.34,117849.42,Delivered,2025-03-09,2025,2,February,1
O04090,2026-05-13,P084,C0120,WH-West,14,9567.6,133946.4,Delivered,2026-05-22,2026,5,May,1
O04091,2025-10-24,P070,C0245,WH-North,11,2886.35,31749.85,Delivered,2025-10-27,2025,10,October,1
O04092,2025-05-14,P061,C0389,WH-North,7,9046.33,63324.31,Returned,2025-05-24,2025,5,May,0
O04093,2025-11-27,P043,C0287,WH-West,9,7218.47,64966.23,Processing,2025-12-03,2025,11,November,0
O04094,2025-09-06,P049,C0048,WH-South,9,3014.05,27126.45,Delivered,2025-09-16,2025,9,September,1
O04095,2025-03-16,P029,C0800,WH-West,12,7630.58,91566.96,Delivered,2025-03-20,2025,3,March,1
O04096,2025-06-17,P081,C0825,WH-East,3,8788.43,26365.29,Delivered,2025-06-22,2025,6,June,1
O04097,2026-05-18,P031,C0767,WH-North,1,1882.62,1882.62,Returned,2026-05-20,2026,5,May,0
O04098,2025-12-21,P053,C0418,WH-North,9,8550.49,76954.41,Delivered,2025-12-27,2025,12,December,1
O04099,2025-08-13,P034,C0970,WH-South,8,7873.1,62984.8,Delivered,2025-08-21,2025,8,August,1
O04100,2026-06-15,P038,C0351,WH-East,7,9847.32,68931.24,Delivered,2026-06-23,2026,6,June,1
O04101,2025-05-26,P057,C0155,WH-North,6,919.99,5519.94,Delivered,2025-06-02,2025,5,May,1
O04102,2025-08-29,P004,C0338,WH-North,14,5647.39,79063.46,Delivered,2025-09-05,2025,8,August,1
O04103,2025-12-10,P002,C0261,WH-East,15,9662.88,144943.2,Cancelled,Unknown,2025,12,December,0
O04104,2025-02-04,P012,C0529,WH-South,10,3219.93,32199.3,Returned,2025-02-14,2025,2,February,0
O04105,2025-01-01,P035,C0203,WH-West,7,10862.84,76039.88,Processing,2025-01-06,2025,1,January,0
O04106,2025-06-02,P070,C0965,WH-South,11,2886.35,31749.85,Delivered,2025-06-07,2025,6,June,1
O04107,2026-03-05,P072,C0885,WH-North,9,7933.68,71403.12,Delivered,2026-03-14,2026,3,March,1
O04108,2026-05-23,P021,C0440,WH-North,6,2945.59,17673.54,Delivered,2026-05-29,2026,5,May,1
O04109,2025-05-06,P061,C0166,WH-South,15,9046.33,135694.95,Delivered,2025-05-16,2025,5,May,1
O04110,2026-05-06,P035,C0379,WH-South,14,10862.84,152079.76,Delivered,2026-05-13,2026,5,May,1
O04111,2026-04-27,P048,C0438,WH-North,14,8206.14,114885.96,Delivered,2026-05-07,2026,4,April,1
O04112,2025-12-11,P015,C0048,WH-East,10,10925.43,109254.3,Delivered,2025-12-16,2025,12,December,1
O04113,2025-08-09,P071,C0229,WH-East,3,4401.72,13205.16,Delivered,2025-08-11,2025,8,August,1
O04114,2025-01-25,P015,C0725,WH-West,13,10925.43,142030.59,Delivered,2025-01-30,2025,1,January,1
O04115,2026-06-12,P006,C0728,WH-North,14,716.9,10036.6,Delivered,2026-06-22,2026,6,June,1
O04116,2025-07-01,P081,C0990,WH-North,3,8788.43,26365.29,Delivered,2025-07-09,2025,7,July,1
O04117,2026-05-14,P068,C0976,WH-West,4,7862.75,31451.0,Delivered,2026-05-21,2026,5,May,1
O04118,2025-02-11,P022,C0817,WH-North,10,9065.34,90653.4,Delivered,2025-02-14,2025,2,February,1
O04119,2026-04-26,P032,C0681,WH-North,13,8387.44,109036.72,Delivered,2026-05-01,2026,4,April,1
O04120,2026-03-15,P022,C0022,WH-South,14,9065.34,126914.76,Processing,2026-03-17,2026,3,March,0
O04121,2026-02-06,P027,C0953,WH-East,15,3927.78,58916.7,Delivered,2026-02-10,2026,2,February,1
O04122,2026-06-30,P015,C0962,WH-East,14,10925.43,152956.02,Delivered,2026-07-03,2026,6,June,1
O04123,2025-12-11,P044,C0275,WH-East,10,3533.01,35330.1,Delivered,2025-12-16,2025,12,December,1
O04124,2025-02-14,P086,C0113,WH-West,8,3132.13,25057.04,Returned,2025-02-19,2025,2,February,0
O04125,2025-01-21,P092,C0869,WH-South,10,9918.59,99185.9,Delivered,2025-01-31,2025,1,January,1
O04126,2025-03-11,P009,C0898,WH-North,9,6820.58,61385.22,Delivered,2025-03-19,2025,3,March,1
O04127,2025-02-17,P034,C0715,WH-East,14,7873.1,110223.4,Delivered,2025-02-21,2025,2,February,1
O04128,2026-05-06,P100,C0545,WH-East,8,6160.6,49284.8,Delivered,2026-05-14,2026,5,May,1
O04129,2025-10-14,P073,C0969,WH-South,11,5286.08,58146.88,Delivered,2025-10-23,2025,10,October,1
O04130,2025-01-10,P015,C0955,WH-North,10,10925.43,109254.3,Delivered,2025-01-18,2025,1,January,1
O04131,2026-06-26,P062,C0089,WH-West,2,11436.7,22873.4,Delivered,2026-07-05,2026,6,June,1
O04132,2025-10-01,P045,C0646,WH-North,4,11503.77,46015.08,Delivered,2025-10-11,2025,10,October,1
O04133,2026-01-16,P084,C0011,WH-West,4,9567.6,38270.4,Delivered,2026-01-18,2026,1,January,1
O04134,2025-11-25,P072,C0027,WH-West,12,7933.68,95204.16,Delivered,2025-12-02,2025,11,November,1
O04135,2026-04-24,P058,C0456,WH-North,2,3596.21,7192.42,Delivered,2026-04-29,2026,4,April,1
O04136,2025-01-15,P092,C0941,WH-West,13,9918.59,128941.67,Delivered,2025-01-17,2025,1,January,1
O04137,2026-05-31,P019,C0031,WH-East,8,6267.38,50139.04,Delivered,2026-06-03,2026,5,May,1
O04138,2025-07-10,P016,C0603,WH-South,3,6037.0,18111.0,Delivered,2025-07-15,2025,7,July,1
O04139,2025-06-17,P075,C0447,WH-East,2,4757.22,9514.44,Returned,2025-06-19,2025,6,June,0
O04140,2026-06-05,P008,C0428,WH-West,7,7685.98,53801.86,Delivered,2026-06-12,2026,6,June,1
O04141,2025-05-17,P033,C0681,WH-West,15,7876.29,118144.35,Delivered,2025-05-19,2025,5,May,1
O04142,2025-06-03,P074,C0559,WH-South,1,8610.83,8610.83,Delivered,2025-06-13,2025,6,June,1
O04143,2026-01-23,P018,C0965,WH-South,15,6842.11,102631.65,Delivered,2026-01-27,2026,1,January,1
O04144,2025-07-28,P035,C0591,WH-East,6,10862.84,65177.04,Delivered,2025-07-30,2025,7,July,1
O04145,2025-09-29,P043,C0514,WH-South,13,7218.47,93840.11,Delivered,2025-10-06,2025,9,September,1
O04146,2025-05-23,P050,C0399,WH-South,13,1973.84,25659.92,Delivered,2025-05-30,2025,5,May,1
O04147,2025-03-10,P003,C0991,WH-West,3,8874.43,26623.29,Delivered,2025-03-18,2025,3,March,1
O04148,2025-09-04,P091,C0532,WH-South,13,3806.53,49484.89,Delivered,2025-09-12,2025,9,September,1
O04149,2025-09-18,P059,C0387,WH-West,3,722.03,2166.09,Delivered,2025-09-23,2025,9,September,1
O04150,2025-03-20,P028,C0618,WH-North,15,1732.59,25988.85,Delivered,2025-03-26,2025,3,March,1
O04151,2026-06-09,P046,C0807,WH-North,5,2032.34,10161.7,Delivered,2026-06-13,2026,6,June,1
O04152,2025-11-26,P064,C0330,WH-North,14,9772.25,136811.5,Delivered,2025-12-03,2025,11,November,1
O04153,2025-07-08,P070,C0602,WH-West,3,2886.35,8659.05,Delivered,2025-07-16,2025,7,July,1
O04154,2025-04-05,P047,C0138,WH-North,12,9554.1,114649.2,Delivered,2025-04-15,2025,4,April,1
O04155,2025-01-08,P014,C0680,WH-East,4,8215.45,32861.8,Delivered,2025-01-18,2025,1,January,1
O04156,2025-03-08,P007,C0653,WH-West,13,11389.37,148061.81,Delivered,2025-03-14,2025,3,March,1
O04157,2026-05-11,P074,C0725,WH-East,13,8610.83,111940.79,Delivered,2026-05-16,2026,5,May,1
O04158,2025-07-10,P079,C0482,WH-West,15,8889.27,133339.05,Returned,2025-07-18,2025,7,July,0
O04159,2026-01-01,P031,C0300,WH-East,3,1882.62,5647.86,Delivered,2026-01-05,2026,1,January,1
O04160,2026-06-05,P093,C0032,WH-North,7,11181.17,78268.19,Cancelled,Unknown,2026,6,June,0
O04161,2025-04-27,P081,C0457,WH-East,3,8788.43,26365.29,Delivered,2025-05-07,2025,4,April,1
O04162,2025-09-24,P051,C0542,WH-North,14,506.74,7094.36,Delivered,2025-09-30,2025,9,September,1
O04163,2026-04-30,P029,C0385,WH-West,10,7630.58,76305.8,Delivered,2026-05-08,2026,4,April,1
O04164,2026-05-24,P015,C0821,WH-North,4,10925.43,43701.72,Processing,2026-05-27,2026,5,May,0
O04165,2025-10-25,P090,C0332,WH-South,2,2450.87,4901.74,Returned,2025-11-04,2025,10,October,0
O04166,2025-06-13,P076,C0044,WH-South,2,2781.69,5563.38,Processing,2025-06-19,2025,6,June,0
O04167,2026-01-11,P025,C0547,WH-North,9,2564.25,23078.25,Delivered,2026-01-17,2026,1,January,1
O04168,2025-09-25,P061,C0984,WH-South,11,9046.33,99509.63,Delivered,2025-09-30,2025,9,September,1
O04169,2025-03-15,P041,C0424,WH-South,1,10031.16,10031.16,Delivered,2025-03-24,2025,3,March,1
O04170,2026-05-23,P069,C0045,WH-South,1,7876.01,7876.01,Delivered,2026-05-28,2026,5,May,1
O04171,2025-03-14,P004,C0956,WH-South,10,5647.39,56473.9,Cancelled,Unknown,2025,3,March,0
O04172,2025-11-04,P057,C0380,WH-East,1,919.99,919.99,Delivered,2025-11-10,2025,11,November,1
O04173,2025-07-18,P031,C0497,WH-South,14,1882.62,26356.68,Delivered,2025-07-22,2025,7,July,1
O04174,2025-05-10,P003,C0884,WH-West,3,8874.43,26623.29,Delivered,2025-05-15,2025,5,May,1
O04175,2026-05-02,P067,C0892,WH-North,2,3626.7,7253.4,Delivered,2026-05-06,2026,5,May,1
O04176,2025-05-31,P090,C0959,WH-West,3,2450.87,7352.61,Delivered,2025-06-08,2025,5,May,1
O04177,2025-07-25,P050,C0138,WH-South,14,1973.84,27633.76,Delivered,2025-08-01,2025,7,July,1
O04178,2025-06-28,P017,C0559,WH-West,5,8360.81,41804.05,Delivered,2025-07-01,2025,6,June,1
O04179,2025-07-16,P060,C0408,WH-South,9,1239.87,11158.83,Delivered,2025-07-25,2025,7,July,1
O04180,2025-03-30,P074,C0185,WH-East,2,8610.83,17221.66,Cancelled,Unknown,2025,3,March,0
O04181,2026-03-10,P066,C0489,WH-East,12,9296.31,111555.72,Delivered,2026-03-17,2026,3,March,1
O04182,2025-07-02,P088,C0018,WH-East,11,7327.81,80605.91,Delivered,2025-07-11,2025,7,July,1
O04183,2025-07-28,P075,C0697,WH-South,15,4757.22,71358.3,Delivered,2025-08-05,2025,7,July,1
O04184,2026-05-08,P024,C0072,WH-North,14,5645.0,79030.0,Delivered,2026-05-12,2026,5,May,1
O04185,2025-05-10,P099,C0635,WH-East,1,1477.4,1477.4,Delivered,2025-05-13,2025,5,May,1
O04186,2025-01-13,P087,C0942,WH-South,11,6619.57,72815.27,Delivered,2025-01-17,2025,1,January,1
O04187,2025-04-16,P032,C0171,WH-South,6,8387.44,50324.64,Delivered,2025-04-25,2025,4,April,1
O04188,2026-01-10,P087,C0077,WH-West,3,6619.57,19858.71,Delivered,2026-01-15,2026,1,January,1
O04189,2025-04-09,P098,C0400,WH-South,13,2843.84,36969.92,Delivered,2025-04-18,2025,4,April,1
O04190,2025-07-11,P019,C0910,WH-West,7,6267.38,43871.66,Delivered,2025-07-16,2025,7,July,1
O04191,2025-11-21,P066,C0521,WH-East,6,9296.31,55777.86,Cancelled,Unknown,2025,11,November,0
O04192,2026-04-12,P060,C0201,WH-West,11,1239.87,13638.57,Delivered,2026-04-19,2026,4,April,1
O04193,2026-01-02,P066,C0755,WH-South,7,9296.31,65074.17,Delivered,2026-01-04,2026,1,January,1
O04194,2025-11-14,P015,C0581,WH-West,13,10925.43,142030.59,Cancelled,Unknown,2025,11,November,0
O04195,2025-05-24,P085,C0239,WH-East,13,1090.03,14170.39,Cancelled,Unknown,2025,5,May,0
O04196,2026-01-19,P035,C0317,WH-South,5,10862.84,54314.2,Delivered,2026-01-22,2026,1,January,1
O04197,2025-08-04,P069,C0523,WH-North,1,7876.01,7876.01,Delivered,2025-08-10,2025,8,August,1
O04198,2025-12-27,P027,C0915,WH-North,14,3927.78,54988.92,Delivered,2025-12-30,2025,12,December,1
O04199,2025-11-20,P088,C0320,WH-South,3,7327.81,21983.43,Delivered,2025-11-28,2025,11,November,1
O04200,2025-01-15,P007,C0550,WH-East,3,11389.37,34168.11,Delivered,2025-01-22,2025,1,January,1
O04201,2025-08-05,P006,C0522,WH-South,7,716.9,5018.3,Delivered,2025-08-13,2025,8,August,1
O04202,2026-05-07,P033,C0528,WH-North,15,7876.29,118144.35,Processing,2026-05-14,2026,5,May,0
O04203,2025-07-02,P058,C0477,WH-South,14,3596.21,50346.94,Delivered,2025-07-04,2025,7,July,1
O04204,2025-09-27,P049,C0325,WH-West,13,3014.05,39182.65,Delivered,2025-10-01,2025,9,September,1
O04205,2026-04-12,P017,C0466,WH-West,3,8360.81,25082.43,Delivered,2026-04-15,2026,4,April,1
O04206,2026-06-03,P042,C0755,WH-East,11,4932.36,54255.96,Delivered,2026-06-05,2026,6,June,1
O04207,2026-06-26,P094,C0759,WH-East,5,9560.46,47802.3,Delivered,2026-06-28,2026,6,June,1
O04208,2026-04-12,P072,C0042,WH-East,4,7933.68,31734.72,Delivered,2026-04-17,2026,4,April,1
O04209,2025-11-01,P040,C0234,WH-East,4,7396.64,29586.56,Cancelled,Unknown,2025,11,November,0
O04210,2025-05-24,P046,C0556,WH-West,13,2032.34,26420.42,Returned,2025-05-27,2025,5,May,0
O04211,2025-04-21,P071,C0437,WH-North,7,4401.72,30812.04,Delivered,2025-04-23,2025,4,April,1
O04212,2025-08-20,P070,C0931,WH-East,1,2886.35,2886.35,Processing,2025-08-27,2025,8,August,0
O04213,2026-05-15,P068,C0676,WH-East,7,7862.75,55039.25,Delivered,2026-05-20,2026,5,May,1
O04214,2025-09-30,P001,C0662,WH-North,15,2324.33,34864.95,Delivered,2025-10-09,2025,9,September,1
O04215,2025-06-22,P079,C0280,WH-East,8,8889.27,71114.16,Delivered,2025-06-28,2025,6,June,1
O04216,2025-01-07,P095,C0204,WH-North,3,5427.18,16281.54,Delivered,2025-01-13,2025,1,January,1
O04217,2025-06-04,P089,C0743,WH-East,15,5210.42,78156.3,Delivered,2025-06-13,2025,6,June,1
O04218,2026-06-06,P097,C0908,WH-East,3,7927.96,23783.88,Delivered,2026-06-13,2026,6,June,1
O04219,2026-06-30,P052,C0803,WH-East,4,2109.04,8436.16,Returned,2026-07-07,2026,6,June,0
O04220,2026-06-02,P035,C0306,WH-West,15,10862.84,162942.6,Delivered,2026-06-06,2026,6,June,1
O04221,2025-08-03,P069,C0851,WH-West,13,7876.01,102388.13,Delivered,2025-08-10,2025,8,August,1
O04222,2025-05-14,P005,C0997,WH-West,6,5461.2,32767.2,Delivered,2025-05-22,2025,5,May,1
O04223,2025-10-12,P100,C0846,WH-East,14,6160.6,86248.4,Delivered,2025-10-15,2025,10,October,1
O04224,2025-05-06,P017,C0983,WH-West,7,8360.81,58525.67,Delivered,2025-05-10,2025,5,May,1
O04225,2026-03-15,P053,C0510,WH-West,1,8550.49,8550.49,Cancelled,Unknown,2026,3,March,0
O04226,2025-06-01,P052,C0296,WH-West,15,2109.04,31635.6,Delivered,2025-06-11,2025,6,June,1
O04227,2025-11-27,P014,C0022,WH-South,13,8215.45,106800.85,Delivered,2025-12-07,2025,11,November,1
O04228,2026-06-22,P029,C0687,WH-West,4,7630.58,30522.32,Delivered,2026-07-01,2026,6,June,1
O04229,2026-01-18,P008,C0242,WH-South,12,7685.98,92231.76,Delivered,2026-01-27,2026,1,January,1
O04230,2025-04-25,P098,C0843,WH-West,7,2843.84,19906.88,Delivered,2025-05-05,2025,4,April,1
O04231,2026-04-27,P001,C0578,WH-East,11,2324.33,25567.63,Delivered,2026-05-07,2026,4,April,1
O04232,2025-10-11,P029,C0394,WH-East,2,7630.58,15261.16,Delivered,2025-10-21,2025,10,October,1
O04233,2025-03-16,P036,C0427,WH-East,1,9014.91,9014.91,Delivered,2025-03-22,2025,3,March,1
O04234,2025-06-15,P051,C0453,WH-South,1,506.74,506.74,Delivered,2025-06-22,2025,6,June,1
O04235,2025-07-08,P037,C0507,WH-East,10,2141.55,21415.5,Delivered,2025-07-14,2025,7,July,1
O04236,2025-03-19,P093,C0606,WH-North,14,11181.17,156536.38,Delivered,2025-03-21,2025,3,March,1
O04237,2025-01-21,P069,C0213,WH-West,14,7876.01,110264.14,Delivered,2025-01-26,2025,1,January,1
O04238,2025-07-03,P053,C0241,WH-South,6,8550.49,51302.94,Delivered,2025-07-05,2025,7,July,1
O04239,2025-08-10,P096,C0993,WH-South,12,6299.54,75594.48,Returned,2025-08-12,2025,8,August,0
O04240,2025-11-24,P052,C0409,WH-South,5,2109.04,10545.2,Delivered,2025-11-28,2025,11,November,1
O04241,2025-06-28,P088,C0622,WH-East,1,7327.81,7327.81,Delivered,2025-07-06,2025,6,June,1
O04242,2025-04-22,P083,C0559,WH-North,10,1377.9,13779.0,Delivered,2025-04-24,2025,4,April,1
O04243,2025-02-28,P012,C0903,WH-South,3,3219.93,9659.79,Processing,2025-03-08,2025,2,February,0
O04244,2025-11-23,P052,C0872,WH-West,15,2109.04,31635.6,Cancelled,Unknown,2025,11,November,0
O04245,2025-07-10,P001,C0668,WH-West,11,2324.33,25567.63,Delivered,2025-07-20,2025,7,July,1
O04246,2025-07-19,P007,C0592,WH-North,7,11389.37,79725.59,Delivered,2025-07-25,2025,7,July,1
O04247,2025-11-08,P017,C0045,WH-West,12,8360.81,100329.72,Delivered,2025-11-15,2025,11,November,1
O04248,2025-02-04,P098,C0869,WH-North,9,2843.84,25594.56,Delivered,2025-02-14,2025,2,February,1
O04249,2026-01-14,P043,C0707,WH-West,13,7218.47,93840.11,Delivered,2026-01-18,2026,1,January,1
O04250,2026-01-22,P071,C0237,WH-North,9,4401.72,39615.48,Delivered,2026-01-26,2026,1,January,1
O04251,2025-08-25,P017,C0723,WH-East,15,8360.81,125412.15,Delivered,2025-08-31,2025,8,August,1
O04252,2026-06-03,P059,C0780,WH-West,6,722.03,4332.18,Delivered,2026-06-11,2026,6,June,1
O04253,2025-10-10,P003,C0595,WH-West,3,8874.43,26623.29,Returned,2025-10-14,2025,10,October,0
O04254,2025-01-01,P029,C0113,WH-West,1,7630.58,7630.58,Processing,2025-01-06,2025,1,January,0
O04255,2026-04-09,P022,C0779,WH-East,3,9065.34,27196.02,Delivered,2026-04-12,2026,4,April,1
O04256,2025-08-18,P038,C0507,WH-East,10,9847.32,98473.2,Delivered,2025-08-28,2025,8,August,1
O04257,2025-06-21,P054,C0643,WH-South,2,5559.97,11119.94,Delivered,2025-07-01,2025,6,June,1
O04258,2025-03-28,P093,C0829,WH-South,11,11181.17,122992.87,Delivered,2025-03-31,2025,3,March,1
O04259,2025-05-03,P050,C0450,WH-North,5,1973.84,9869.2,Delivered,2025-05-09,2025,5,May,1
O04260,2025-10-25,P069,C0568,WH-South,8,7876.01,63008.08,Delivered,2025-10-27,2025,10,October,1
O04261,2026-04-29,P030,C0890,WH-West,5,6989.65,34948.25,Delivered,2026-05-08,2026,4,April,1
O04262,2025-06-14,P023,C0750,WH-East,1,2561.5,2561.5,Delivered,2025-06-21,2025,6,June,1
O04263,2026-01-18,P085,C0538,WH-East,3,1090.03,3270.09,Delivered,2026-01-21,2026,1,January,1
O04264,2025-07-28,P090,C0854,WH-East,12,2450.87,29410.44,Delivered,2025-07-31,2025,7,July,1
O04265,2026-03-08,P047,C0757,WH-East,5,9554.1,47770.5,Delivered,2026-03-14,2026,3,March,1
O04266,2026-01-24,P021,C0209,WH-North,7,2945.59,20619.13,Returned,2026-02-01,2026,1,January,0
O04267,2025-08-12,P020,C0290,WH-South,5,2297.9,11489.5,Delivered,2025-08-22,2025,8,August,1
O04268,2025-01-03,P023,C0498,WH-East,14,2561.5,35861.0,Delivered,2025-01-13,2025,1,January,1
O04269,2026-01-07,P068,C0183,WH-North,10,7862.75,78627.5,Delivered,2026-01-14,2026,1,January,1
O04270,2026-03-22,P021,C0719,WH-West,5,2945.59,14727.95,Delivered,2026-03-25,2026,3,March,1
O04271,2025-04-26,P021,C0716,WH-South,7,2945.59,20619.13,Processing,2025-05-03,2025,4,April,0
O04272,2025-09-27,P001,C0400,WH-North,13,2324.33,30216.29,Delivered,2025-09-29,2025,9,September,1
O04273,2026-03-23,P015,C0208,WH-East,15,10925.43,163881.45,Returned,2026-03-26,2026,3,March,0
O04274,2026-01-03,P017,C0423,WH-East,8,8360.81,66886.48,Cancelled,Unknown,2026,1,January,0
O04275,2025-09-10,P051,C0390,WH-East,14,506.74,7094.36,Processing,2025-09-16,2025,9,September,0
O04276,2025-11-13,P063,C0366,WH-West,8,6119.08,48952.64,Delivered,2025-11-15,2025,11,November,1
O04277,2026-02-19,P014,C0584,WH-South,7,8215.45,57508.15,Delivered,2026-02-25,2026,2,February,1
O04278,2025-04-05,P059,C0436,WH-East,13,722.03,9386.39,Delivered,2025-04-11,2025,4,April,1
O04279,2025-01-24,P083,C0921,WH-South,14,1377.9,19290.6,Delivered,2025-01-29,2025,1,January,1
O04280,2025-02-19,P050,C0312,WH-West,3,1973.84,5921.52,Delivered,2025-02-23,2025,2,February,1
O04281,2026-05-17,P034,C0339,WH-North,11,7873.1,86604.1,Delivered,2026-05-25,2026,5,May,1
O04282,2026-05-13,P006,C0147,WH-South,2,716.9,1433.8,Delivered,2026-05-21,2026,5,May,1
O04283,2025-12-01,P049,C0716,WH-North,1,3014.05,3014.05,Returned,2025-12-03,2025,12,December,0
O04284,2025-03-20,P006,C0457,WH-South,6,716.9,4301.4,Delivered,2025-03-28,2025,3,March,1
O04285,2025-01-27,P069,C0861,WH-East,13,7876.01,102388.13,Delivered,2025-01-31,2025,1,January,1
O04286,2025-09-28,P007,C0411,WH-East,9,11389.37,102504.33,Delivered,2025-10-02,2025,9,September,1
O04287,2025-09-04,P097,C0645,WH-North,3,7927.96,23783.88,Delivered,2025-09-11,2025,9,September,1
O04288,2026-01-22,P077,C0282,WH-South,5,12073.98,60369.9,Delivered,2026-01-29,2026,1,January,1
O04289,2025-12-27,P051,C0414,WH-West,9,506.74,4560.66,Delivered,2026-01-01,2025,12,December,1
O04290,2026-05-03,P001,C0590,WH-South,14,2324.33,32540.62,Delivered,2026-05-09,2026,5,May,1
O04291,2025-12-18,P013,C0097,WH-North,14,359.86,5038.04,Delivered,2025-12-22,2025,12,December,1
O04292,2025-09-13,P043,C0163,WH-South,9,7218.47,64966.23,Delivered,2025-09-17,2025,9,September,1
O04293,2025-08-10,P027,C0843,WH-South,7,3927.78,27494.46,Delivered,2025-08-20,2025,8,August,1
O04294,2025-01-01,P071,C0437,WH-North,14,4401.72,61624.08,Delivered,2025-01-07,2025,1,January,1
O04295,2026-06-30,P003,C0196,WH-North,4,8874.43,35497.72,Delivered,2026-07-02,2026,6,June,1
O04296,2026-03-22,P058,C0628,WH-North,11,3596.21,39558.31,Delivered,2026-04-01,2026,3,March,1
O04297,2025-03-20,P089,C0161,WH-South,2,5210.42,10420.84,Delivered,2025-03-27,2025,3,March,1
O04298,2025-08-24,P097,C0255,WH-North,2,7927.96,15855.92,Cancelled,Unknown,2025,8,August,0
O04299,2025-11-30,P017,C0070,WH-North,4,8360.81,33443.24,Cancelled,Unknown,2025,11,November,0
O04300,2025-12-15,P045,C0412,WH-West,1,11503.77,11503.77,Delivered,2025-12-23,2025,12,December,1
O04301,2025-04-08,P078,C0714,WH-West,14,8749.35,122490.9,Delivered,2025-04-14,2025,4,April,1
O04302,2025-03-23,P058,C0036,WH-West,4,3596.21,14384.84,Delivered,2025-03-31,2025,3,March,1
O04303,2026-05-17,P056,C0305,WH-North,12,888.53,10662.36,Processing,2026-05-22,2026,5,May,0
O04304,2026-04-22,P054,C0730,WH-North,14,5559.97,77839.58,Delivered,2026-04-29,2026,4,April,1
O04305,2025-01-14,P087,C0990,WH-West,11,6619.57,72815.27,Delivered,2025-01-17,2025,1,January,1
O04306,2026-01-27,P088,C0470,WH-East,6,7327.81,43966.86,Processing,2026-01-31,2026,1,January,0
O04307,2025-12-13,P029,C0309,WH-East,6,7630.58,45783.48,Delivered,2025-12-16,2025,12,December,1
O04308,2025-11-06,P054,C0197,WH-West,7,5559.97,38919.79,Delivered,2025-11-09,2025,11,November,1
O04309,2026-01-21,P027,C0898,WH-West,5,3927.78,19638.9,Delivered,2026-01-29,2026,1,January,1
O04310,2025-07-28,P045,C0481,WH-East,9,11503.77,103533.93,Delivered,2025-08-03,2025,7,July,1
O04311,2025-12-23,P087,C0336,WH-West,2,6619.57,13239.14,Returned,2025-12-30,2025,12,December,0
O04312,2025-04-04,P031,C0839,WH-North,2,1882.62,3765.24,Delivered,2025-04-08,2025,4,April,1
O04313,2025-04-03,P036,C0704,WH-West,4,9014.91,36059.64,Delivered,2025-04-09,2025,4,April,1
O04314,2025-12-06,P081,C0789,WH-South,15,8788.43,131826.45,Delivered,2025-12-12,2025,12,December,1
O04315,2026-03-21,P061,C0291,WH-East,4,9046.33,36185.32,Delivered,2026-03-26,2026,3,March,1
O04316,2025-01-22,P037,C0430,WH-North,4,2141.55,8566.2,Delivered,2025-01-27,2025,1,January,1
O04317,2025-10-18,P067,C0598,WH-East,1,3626.7,3626.7,Delivered,2025-10-27,2025,10,October,1
O04318,2026-04-30,P036,C0883,WH-West,4,9014.91,36059.64,Delivered,2026-05-07,2026,4,April,1
O04319,2025-11-02,P005,C0432,WH-East,12,5461.2,65534.4,Delivered,2025-11-05,2025,11,November,1
O04320,2025-05-08,P046,C0534,WH-West,5,2032.34,10161.7,Delivered,2025-05-11,2025,5,May,1
O04321,2025-09-30,P079,C0646,WH-North,9,8889.27,80003.43,Delivered,2025-10-03,2025,9,September,1
O04322,2026-03-18,P052,C0510,WH-North,3,2109.04,6327.12,Delivered,2026-03-25,2026,3,March,1
O04323,2026-05-18,P049,C0505,WH-East,15,3014.05,45210.75,Delivered,2026-05-20,2026,5,May,1
O04324,2025-05-10,P006,C0888,WH-North,3,716.9,2150.7,Delivered,2025-05-14,2025,5,May,1
O04325,2025-05-12,P010,C0673,WH-East,14,8992.72,125898.08,Delivered,2025-05-14,2025,5,May,1
O04326,2026-04-27,P096,C0807,WH-East,5,6299.54,31497.7,Delivered,2026-05-02,2026,4,April,1
O04327,2026-01-25,P023,C0555,WH-East,10,2561.5,25615.0,Delivered,2026-01-27,2026,1,January,1
O04328,2025-11-21,P017,C0409,WH-East,6,8360.81,50164.86,Delivered,2025-12-01,2025,11,November,1
O04329,2025-03-10,P084,C0402,WH-South,3,9567.6,28702.8,Delivered,2025-03-17,2025,3,March,1
O04330,2026-03-24,P044,C0041,WH-South,1,3533.01,3533.01,Delivered,2026-04-02,2026,3,March,1
O04331,2026-06-12,P041,C0384,WH-West,10,10031.16,100311.6,Delivered,2026-06-15,2026,6,June,1
O04332,2025-06-14,P015,C0886,WH-North,8,10925.43,87403.44,Delivered,2025-06-21,2025,6,June,1
O04333,2026-05-03,P044,C0291,WH-South,12,3533.01,42396.12,Delivered,2026-05-08,2026,5,May,1
O04334,2026-03-02,P058,C0792,WH-South,1,3596.21,3596.21,Returned,2026-03-10,2026,3,March,0
O04335,2025-09-22,P086,C0183,WH-North,2,3132.13,6264.26,Delivered,2025-10-01,2025,9,September,1
O04336,2025-12-08,P050,C0764,WH-East,3,1973.84,5921.52,Delivered,2025-12-15,2025,12,December,1
O04337,2025-10-05,P052,C0872,WH-South,6,2109.04,12654.24,Processing,2025-10-07,2025,10,October,0
O04338,2026-03-15,P070,C0040,WH-South,4,2886.35,11545.4,Delivered,2026-03-24,2026,3,March,1
O04339,2025-06-06,P068,C0599,WH-South,4,7862.75,31451.0,Delivered,2025-06-08,2025,6,June,1
O04340,2026-02-26,P063,Unknown,WH-South,15,6119.08,91786.2,Delivered,2026-03-08,2026,2,February,1
O04341,2025-09-08,P058,C0285,WH-East,9,3596.21,32365.89,Cancelled,Unknown,2025,9,September,0
O04342,2026-06-14,P023,C0138,WH-North,6,2561.5,15369.0,Delivered,2026-06-21,2026,6,June,1
O04343,2025-11-23,P044,C0335,WH-South,12,3533.01,42396.12,Delivered,2025-12-02,2025,11,November,1
O04344,2025-04-07,P083,C0138,WH-South,2,1377.9,2755.8,Delivered,2025-04-13,2025,4,April,1
O04345,2026-05-28,P095,C0474,WH-South,7,5427.18,37990.26,Cancelled,Unknown,2026,5,May,0
O04346,2025-08-04,P044,C0488,WH-South,15,3533.01,52995.15,Delivered,2025-08-10,2025,8,August,1
O04347,2025-05-12,P052,C0576,WH-North,13,2109.04,27417.52,Delivered,2025-05-14,2025,5,May,1
O04348,2025-09-17,P067,C0629,WH-East,3,3626.7,10880.1,Delivered,2025-09-26,2025,9,September,1
O04349,2025-05-05,P028,C0925,WH-West,9,1732.59,15593.31,Delivered,2025-05-14,2025,5,May,1
O04350,2025-03-23,P067,C0610,WH-North,6,3626.7,21760.2,Cancelled,Unknown,2025,3,March,0
O04351,2025-10-10,P078,C0146,WH-South,8,8749.35,69994.8,Delivered,2025-10-17,2025,10,October,1
O04352,2025-02-28,P018,C0898,WH-West,13,6842.11,88947.43,Cancelled,Unknown,2025,2,February,0
O04353,2026-06-28,P027,C0409,WH-South,13,3927.78,51061.14,Delivered,2026-07-07,2026,6,June,1
O04354,2025-06-10,P051,C0510,WH-North,1,506.74,506.74,Delivered,2025-06-18,2025,6,June,1
O04355,2025-10-11,P060,C0085,WH-East,2,1239.87,2479.74,Delivered,2025-10-15,2025,10,October,1
O04356,2025-04-16,P074,C0563,WH-West,6,8610.83,51664.98,Delivered,2025-04-21,2025,4,April,1
O04357,2025-04-15,P049,C0607,WH-West,3,3014.05,9042.15,Delivered,2025-04-17,2025,4,April,1
O04358,2026-03-15,P015,C0790,WH-East,1,10925.43,10925.43,Delivered,2026-03-25,2026,3,March,1
O04359,2025-08-16,P083,C0009,WH-East,6,1377.9,8267.4,Delivered,2025-08-19,2025,8,August,1
O04360,2025-11-14,P073,C0859,WH-West,5,5286.08,26430.4,Delivered,2025-11-22,2025,11,November,1
O04361,2026-04-09,P068,C0089,WH-West,13,7862.75,102215.75,Delivered,2026-04-18,2026,4,April,1
O04362,2026-04-17,P015,C0089,WH-West,9,10925.43,98328.87,Delivered,2026-04-22,2026,4,April,1
O04363,2025-02-25,P051,C0219,WH-West,6,506.74,3040.44,Delivered,2025-02-27,2025,2,February,1
O04364,2025-01-13,P048,C0842,WH-East,5,8206.14,41030.7,Delivered,2025-01-19,2025,1,January,1
O04365,2026-03-16,P072,C0350,WH-North,1,7933.68,7933.68,Delivered,2026-03-23,2026,3,March,1
O04366,2025-01-18,P001,C0891,WH-North,15,2324.33,34864.95,Delivered,2025-01-26,2025,1,January,1
O04367,2025-04-23,P007,C0900,WH-East,1,11389.37,11389.37,Delivered,2025-04-25,2025,4,April,1
O04368,2025-08-17,P053,C0405,WH-North,11,8550.49,94055.39,Delivered,2025-08-22,2025,8,August,1
O04369,2025-06-20,P031,C0892,WH-North,1,1882.62,1882.62,Cancelled,Unknown,2025,6,June,0
O04370,2025-10-22,P018,C0798,WH-South,7,6842.11,47894.77,Delivered,2025-10-28,2025,10,October,1
O04371,2025-07-08,P012,C0161,WH-North,6,3219.93,19319.58,Delivered,2025-07-16,2025,7,July,1
O04372,2026-03-02,P048,C0043,WH-West,14,8206.14,114885.96,Delivered,2026-03-07,2026,3,March,1
O04373,2025-03-20,P030,C0474,WH-North,5,6989.65,34948.25,Delivered,2025-03-28,2025,3,March,1
O04374,2025-07-01,P097,C0758,WH-East,4,7927.96,31711.84,Delivered,2025-07-10,2025,7,July,1
O04375,2026-05-14,P007,C0258,WH-North,11,11389.37,125283.07,Delivered,2026-05-17,2026,5,May,1
O04376,2025-03-12,P092,C0855,WH-East,14,9918.59,138860.26,Delivered,2025-03-14,2025,3,March,1
O04377,2025-09-05,P003,C0159,WH-West,13,8874.43,115367.59,Delivered,2025-09-07,2025,9,September,1
O04378,2025-05-26,P063,C0132,WH-South,13,6119.08,79548.04,Delivered,2025-05-28,2025,5,May,1
O04379,2025-10-23,P006,C0559,WH-South,11,716.9,7885.9,Delivered,2025-11-02,2025,10,October,1
O04380,2026-04-15,P095,C0852,WH-North,8,5427.18,43417.44,Delivered,2026-04-20,2026,4,April,1
O04381,2026-05-21,P015,C0601,WH-North,11,10925.43,120179.73,Processing,2026-05-31,2026,5,May,0
O04382,2025-07-12,P071,C0045,WH-East,8,4401.72,35213.76,Delivered,2025-07-20,2025,7,July,1
O04383,2025-03-09,P043,C0321,WH-South,5,7218.47,36092.35,Delivered,2025-03-17,2025,3,March,1
O04384,2026-05-09,P094,C0194,WH-West,15,9560.46,143406.9,Processing,2026-05-12,2026,5,May,0
O04385,2025-02-21,P091,C0518,WH-East,4,3806.53,15226.12,Delivered,2025-02-24,2025,2,February,1
O04386,2025-12-29,P081,C0263,WH-North,15,8788.43,131826.45,Delivered,2026-01-04,2025,12,December,1
O04387,2026-04-19,P018,C0435,WH-South,2,6842.11,13684.22,Delivered,2026-04-21,2026,4,April,1
O04388,2026-06-05,P022,C0708,WH-North,7,9065.34,63457.38,Cancelled,Unknown,2026,6,June,0
O04389,2026-03-07,P061,C0530,WH-South,5,9046.33,45231.65,Delivered,2026-03-15,2026,3,March,1
O04390,2025-10-25,P061,C0887,WH-East,3,9046.33,27138.99,Delivered,2025-11-03,2025,10,October,1
O04391,2026-03-11,P053,C0297,WH-West,9,8550.49,76954.41,Cancelled,Unknown,2026,3,March,0
O04392,2025-07-17,P026,C0501,WH-West,9,8058.43,72525.87,Delivered,2025-07-26,2025,7,July,1
O04393,2025-05-08,P091,C0619,WH-West,11,3806.53,41871.83,Delivered,2025-05-12,2025,5,May,1
O04394,2026-06-16,P040,C0069,WH-West,15,7396.64,110949.6,Delivered,2026-06-20,2026,6,June,1
O04395,2026-02-15,P088,C0025,WH-West,11,7327.81,80605.91,Delivered,2026-02-24,2026,2,February,1
O04396,2025-03-06,P008,C0568,WH-North,10,7685.98,76859.8,Returned,2025-03-16,2025,3,March,0
O04397,2025-08-29,P021,C0513,WH-North,14,2945.59,41238.26,Delivered,2025-09-03,2025,8,August,1
O04398,2026-01-04,P093,C0994,WH-West,11,11181.17,122992.87,Delivered,2026-01-13,2026,1,January,1
O04399,2026-06-20,P043,C0183,WH-South,8,7218.47,57747.76,Returned,2026-06-22,2026,6,June,0
O04400,2026-01-19,P021,C0899,WH-East,1,2945.59,2945.59,Delivered,2026-01-22,2026,1,January,1
O04401,2026-03-07,P003,C0054,WH-South,12,8874.43,106493.16,Delivered,2026-03-17,2026,3,March,1
O04402,2025-03-24,P031,C0081,WH-South,3,1882.62,5647.86,Delivered,2025-03-27,2025,3,March,1
O04403,2025-10-13,P027,C0160,WH-West,2,3927.78,7855.56,Delivered,2025-10-16,2025,10,October,1
O04404,2026-06-18,P027,C0984,WH-South,4,3927.78,15711.12,Delivered,2026-06-27,2026,6,June,1
O04405,2026-04-04,P073,C0386,WH-North,2,5286.08,10572.16,Cancelled,Unknown,2026,4,April,0
O04406,2025-07-31,P057,C0449,WH-East,12,919.99,11039.88,Delivered,2025-08-06,2025,7,July,1
O04407,2025-05-06,P097,C0738,WH-East,11,7927.96,87207.56,Cancelled,Unknown,2025,5,May,0
O04408,2026-02-17,P033,C0264,WH-East,8,7876.29,63010.32,Delivered,2026-02-26,2026,2,February,1
O04409,2026-05-14,P090,C0621,WH-South,1,2450.87,2450.87,Returned,2026-05-23,2026,5,May,0
O04410,2026-03-01,P092,C0954,WH-East,4,9918.59,39674.36,Cancelled,Unknown,2026,3,March,0
O04411,2026-06-27,P044,C0309,WH-East,5,3533.01,17665.05,Delivered,2026-07-01,2026,6,June,1
O04412,2025-06-07,P043,C0044,WH-North,14,7218.47,101058.58,Processing,2025-06-17,2025,6,June,0
O04413,2025-04-22,P031,C0201,WH-West,10,1882.62,18826.2,Delivered,2025-04-26,2025,4,April,1
O04414,2026-02-06,P065,C0284,WH-West,4,6932.91,27731.64,Delivered,2026-02-08,2026,2,February,1
O04415,2025-05-02,P084,C0147,WH-North,8,9567.6,76540.8,Delivered,2025-05-08,2025,5,May,1
O04416,2025-09-30,P076,C0440,WH-North,2,2781.69,5563.38,Delivered,2025-10-08,2025,9,September,1
O04417,2025-10-21,P017,C0404,WH-West,9,8360.81,75247.29,Delivered,2025-10-25,2025,10,October,1
O04418,2026-02-02,P015,C0711,WH-South,2,10925.43,21850.86,Delivered,2026-02-12,2026,2,February,1
O04419,2026-04-16,P034,C0746,WH-North,2,7873.1,15746.2,Delivered,2026-04-18,2026,4,April,1
O04420,2025-07-26,P080,C0184,WH-East,13,6733.38,87533.94,Delivered,2025-08-02,2025,7,July,1
O04421,2025-04-20,P004,C0547,WH-North,2,5647.39,11294.78,Delivered,2025-04-27,2025,4,April,1
O04422,2026-03-16,P072,C0915,WH-South,12,7933.68,95204.16,Processing,2026-03-25,2026,3,March,0
O04423,2025-10-05,P098,C0209,WH-North,10,2843.84,28438.4,Delivered,2025-10-09,2025,10,October,1
O04424,2026-04-27,P089,C0872,WH-East,8,5210.42,41683.36,Delivered,2026-05-03,2026,4,April,1
O04425,2025-04-24,P079,C0575,WH-North,3,8889.27,26667.81,Delivered,2025-04-30,2025,4,April,1
O04426,2026-04-22,P028,C0082,WH-North,10,1732.59,17325.9,Cancelled,Unknown,2026,4,April,0
O04427,2025-11-17,P073,C0263,WH-North,11,5286.08,58146.88,Delivered,2025-11-25,2025,11,November,1
O04428,2025-06-28,P002,C0767,WH-West,14,9662.88,135280.32,Delivered,2025-07-02,2025,6,June,1
O04429,2025-08-07,P017,C0923,WH-West,10,8360.81,83608.1,Delivered,2025-08-15,2025,8,August,1
O04430,2026-06-12,P058,C0039,WH-South,15,3596.21,53943.15,Delivered,2026-06-21,2026,6,June,1
O04431,2026-05-07,P074,C0286,WH-West,14,8610.83,120551.62,Delivered,2026-05-13,2026,5,May,1
O04432,2025-03-02,P009,C0023,WH-South,8,6820.58,54564.64,Delivered,2025-03-08,2025,3,March,1
O04433,2025-02-23,P031,C0596,WH-West,7,1882.62,13178.34,Delivered,2025-02-25,2025,2,February,1
O04434,2026-06-22,P066,C0919,WH-South,10,9296.31,92963.1,Cancelled,Unknown,2026,6,June,0
O04435,2025-03-06,P088,C0474,WH-South,4,7327.81,29311.24,Delivered,2025-03-13,2025,3,March,1
O04436,2025-06-20,P062,C0303,WH-South,7,11436.7,80056.9,Delivered,2025-06-27,2025,6,June,1
O04437,2025-09-30,P019,C0206,WH-North,11,6267.38,68941.18,Delivered,2025-10-06,2025,9,September,1
O04438,2026-06-19,P081,C0432,WH-North,8,8788.43,70307.44,Delivered,2026-06-25,2026,6,June,1
O04439,2026-01-26,P074,C0095,WH-South,6,8610.83,51664.98,Delivered,2026-01-30,2026,1,January,1
O04440,2025-11-23,P055,C0475,WH-South,6,1487.11,8922.66,Delivered,2025-11-27,2025,11,November,1
O04441,2025-04-18,P028,C0575,WH-North,3,1732.59,5197.77,Delivered,2025-04-21,2025,4,April,1
O04442,2025-06-11,P092,C0376,WH-East,5,9918.59,49592.95,Delivered,2025-06-21,2025,6,June,1
O04443,2026-03-28,P050,C0137,WH-North,10,1973.84,19738.4,Delivered,2026-04-06,2026,3,March,1
O04444,2025-07-25,P065,C0151,WH-South,2,6932.91,13865.82,Delivered,2025-07-29,2025,7,July,1
O04445,2025-01-16,P003,C0629,WH-North,12,8874.43,106493.16,Delivered,2025-01-22,2025,1,January,1
O04446,2025-11-23,P079,C0703,WH-West,5,8889.27,44446.35,Delivered,2025-11-29,2025,11,November,1
O04447,2025-01-02,P052,C0202,WH-South,5,2109.04,10545.2,Delivered,2025-01-11,2025,1,January,1
O04448,2025-01-10,P010,C0943,WH-North,7,8992.72,62949.04,Delivered,2025-01-17,2025,1,January,1
O04449,2026-03-10,P021,C0250,WH-West,4,2945.59,11782.36,Delivered,2026-03-18,2026,3,March,1
O04450,2025-05-05,P037,C0599,WH-North,14,2141.55,29981.7,Delivered,2025-05-11,2025,5,May,1
O04451,2025-03-22,P015,C0074,WH-North,11,10925.43,120179.73,Delivered,2025-03-24,2025,3,March,1
O04452,2026-04-30,P087,C0322,WH-East,6,6619.57,39717.42,Delivered,2026-05-09,2026,4,April,1
O04453,2025-05-30,P078,C0549,WH-North,9,8749.35,78744.15,Delivered,2025-06-04,2025,5,May,1
O04454,2025-12-06,P079,C0637,WH-North,4,8889.27,35557.08,Delivered,2025-12-12,2025,12,December,1
O04455,2025-05-09,P074,C1000,WH-East,11,8610.83,94719.13,Delivered,2025-05-11,2025,5,May,1
O04456,2026-03-14,P009,C0998,WH-North,14,6820.58,95488.12,Delivered,2026-03-18,2026,3,March,1
O04457,2026-05-16,P044,C0166,WH-East,6,3533.01,21198.06,Delivered,2026-05-19,2026,5,May,1
O04458,2025-02-27,P039,C0001,WH-West,13,2741.34,35637.42,Processing,2025-03-02,2025,2,February,0
O04459,2025-07-17,P005,C0944,WH-East,12,5461.2,65534.4,Delivered,2025-07-19,2025,7,July,1
O04460,2025-07-30,P025,C0338,WH-West,9,2564.25,23078.25,Delivered,2025-08-06,2025,7,July,1
O04461,2025-02-14,P056,C0291,WH-East,10,888.53,8885.3,Delivered,2025-02-23,2025,2,February,1
O04462,2025-04-07,P090,C0071,WH-West,12,2450.87,29410.44,Delivered,2025-04-11,2025,4,April,1
O04463,2025-10-06,P064,C0108,WH-North,1,9772.25,9772.25,Delivered,2025-10-08,2025,10,October,1
O04464,2026-06-19,P072,C0490,WH-West,8,7933.68,63469.44,Delivered,2026-06-22,2026,6,June,1
O04465,2026-02-14,P086,C0598,WH-West,1,3132.13,3132.13,Cancelled,Unknown,2026,2,February,0
O04466,2026-04-06,P052,C0181,WH-South,4,2109.04,8436.16,Delivered,2026-04-13,2026,4,April,1
O04467,2026-01-26,P089,C0025,WH-West,3,5210.42,15631.26,Delivered,2026-01-30,2026,1,January,1
O04468,2025-02-13,P076,C0810,WH-North,4,2781.69,11126.76,Delivered,2025-02-23,2025,2,February,1
O04469,2025-01-27,P009,C0151,WH-South,14,6820.58,95488.12,Cancelled,Unknown,2025,1,January,0
O04470,2025-04-07,P010,C0265,WH-South,7,8992.72,62949.04,Delivered,2025-04-15,2025,4,April,1
O04471,2025-08-07,P010,C0923,WH-East,13,8992.72,116905.36,Delivered,2025-08-16,2025,8,August,1
O04472,2025-07-04,P073,C0203,WH-West,14,5286.08,74005.12,Delivered,2025-07-14,2025,7,July,1
O04473,2025-03-10,P062,C0563,WH-East,9,11436.7,102930.3,Delivered,2025-03-19,2025,3,March,1
O04474,2025-05-10,P090,C0475,WH-East,9,2450.87,22057.83,Delivered,2025-05-16,2025,5,May,1
O04475,2025-11-30,P099,C1000,WH-West,10,1477.4,14774.0,Delivered,2025-12-02,2025,11,November,1
O04476,2025-06-03,P091,C0220,WH-East,1,3806.53,3806.53,Delivered,2025-06-05,2025,6,June,1
O04477,2025-03-20,P060,C0569,WH-North,15,1239.87,18598.05,Delivered,2025-03-29,2025,3,March,1
O04478,2026-02-17,P095,C0082,WH-North,10,5427.18,54271.8,Processing,2026-02-25,2026,2,February,0
O04479,2026-06-30,P019,C0164,WH-West,1,6267.38,6267.38,Cancelled,Unknown,2026,6,June,0
O04480,2025-06-18,P038,C0930,WH-West,9,9847.32,88625.88,Delivered,2025-06-22,2025,6,June,1
O04481,2026-05-30,P006,C0269,WH-South,4,716.9,2867.6,Delivered,2026-06-09,2026,5,May,1
O04482,2025-11-10,P015,C0183,WH-West,12,10925.43,131105.16,Delivered,2025-11-15,2025,11,November,1
O04483,2025-02-01,P093,C0942,WH-West,13,11181.17,145355.21,Delivered,2025-02-08,2025,2,February,1
O04484,2025-10-14,P047,C0180,WH-North,14,9554.1,133757.4,Delivered,2025-10-19,2025,10,October,1
O04485,2025-02-12,P045,C0990,WH-North,3,11503.77,34511.31,Delivered,2025-02-22,2025,2,February,1
O04486,2025-01-01,P005,C0796,WH-West,13,5461.2,70995.6,Delivered,2025-01-06,2025,1,January,1
O04487,2025-09-27,P078,C0598,WH-South,9,8749.35,78744.15,Delivered,2025-10-06,2025,9,September,1
O04488,2025-06-29,P053,C0472,WH-North,5,8550.49,42752.45,Delivered,2025-07-03,2025,6,June,1
O04489,2026-06-02,P066,C0111,WH-North,12,9296.31,111555.72,Delivered,2026-06-11,2026,6,June,1
O04490,2025-04-13,P062,C0670,WH-East,6,11436.7,68620.2,Delivered,2025-04-17,2025,4,April,1
O04491,2025-01-10,P023,C0045,WH-West,1,2561.5,2561.5,Delivered,2025-01-16,2025,1,January,1
O04492,2025-03-31,P044,C0550,WH-East,1,3533.01,3533.01,Returned,2025-04-02,2025,3,March,0
O04493,2025-08-14,P052,C0532,WH-West,13,2109.04,27417.52,Delivered,2025-08-21,2025,8,August,1
O04494,2025-05-06,P046,C0966,WH-South,14,2032.34,28452.76,Delivered,2025-05-09,2025,5,May,1
O04495,2025-07-28,P019,C0609,WH-East,7,6267.38,43871.66,Delivered,2025-08-01,2025,7,July,1
O04496,2025-04-07,P088,C0431,WH-North,10,7327.81,73278.1,Delivered,2025-04-09,2025,4,April,1
O04497,2025-03-15,P084,C0358,WH-West,15,9567.6,143514.0,Delivered,2025-03-22,2025,3,March,1
O04498,2025-07-10,P047,C0059,WH-West,8,9554.1,76432.8,Delivered,2025-07-16,2025,7,July,1
O04499,2025-02-25,P091,C0975,WH-East,11,3806.53,41871.83,Delivered,2025-02-28,2025,2,February,1
O04500,2025-02-01,P052,C0975,WH-East,8,2109.04,16872.32,Returned,2025-02-10,2025,2,February,0
O04501,2026-06-11,P024,C0224,WH-South,14,5645.0,79030.0,Processing,2026-06-21,2026,6,June,0
O04502,2025-10-11,P017,C0910,WH-North,13,8360.81,108690.53,Delivered,2025-10-15,2025,10,October,1
O04503,2026-05-09,P089,C0810,WH-South,7,5210.42,36472.94,Delivered,2026-05-16,2026,5,May,1
O04504,2025-07-06,P046,C0189,WH-North,13,2032.34,26420.42,Delivered,2025-07-13,2025,7,July,1
O04505,2026-05-13,P064,C0059,WH-North,11,9772.25,107494.75,Delivered,2026-05-20,2026,5,May,1
O04506,2026-03-18,P095,C0008,WH-West,9,5427.18,48844.62,Delivered,2026-03-27,2026,3,March,1
O04507,2025-05-10,P028,C0484,WH-North,1,1732.59,1732.59,Delivered,2025-05-16,2025,5,May,1
O04508,2025-10-19,P050,C0825,WH-East,2,1973.84,3947.68,Delivered,2025-10-28,2025,10,October,1
O04509,2025-04-24,P064,C0406,WH-West,13,9772.25,127039.25,Delivered,2025-04-28,2025,4,April,1
O04510,2025-07-18,P028,C0614,WH-South,3,1732.59,5197.77,Delivered,2025-07-26,2025,7,July,1
O04511,2025-01-13,P086,C0852,WH-North,13,3132.13,40717.69,Delivered,2025-01-15,2025,1,January,1
O04512,2025-09-28,P056,C0472,WH-West,12,888.53,10662.36,Delivered,2025-10-03,2025,9,September,1
O04513,2025-08-03,P059,C0021,WH-East,13,722.03,9386.39,Delivered,2025-08-09,2025,8,August,1
O04514,2026-03-20,P005,C0384,WH-South,5,5461.2,27306.0,Delivered,2026-03-28,2026,3,March,1
O04515,2026-05-27,P054,C0412,WH-West,4,5559.97,22239.88,Delivered,2026-06-03,2026,5,May,1
O04516,2026-03-23,P044,C0305,WH-West,4,3533.01,14132.04,Delivered,2026-03-30,2026,3,March,1
O04517,2025-03-15,P042,C0919,WH-East,15,4932.36,73985.4,Delivered,2025-03-18,2025,3,March,1
O04518,2026-06-21,P072,C0728,WH-East,8,7933.68,63469.44,Delivered,2026-06-24,2026,6,June,1
O04519,2025-04-11,P092,C0310,WH-North,8,9918.59,79348.72,Delivered,2025-04-14,2025,4,April,1
O04520,2025-06-25,P057,C0231,WH-South,11,919.99,10119.89,Delivered,2025-07-04,2025,6,June,1
O04521,2026-03-03,P047,C0236,WH-West,7,9554.1,66878.7,Delivered,2026-03-11,2026,3,March,1
O04522,2025-04-27,P076,C0663,WH-East,1,2781.69,2781.69,Delivered,2025-04-29,2025,4,April,1
O04523,2025-06-15,P025,C0580,WH-East,10,2564.25,25642.5,Delivered,2025-06-25,2025,6,June,1
O04524,2025-02-10,P044,C0046,WH-West,15,3533.01,52995.15,Delivered,2025-02-19,2025,2,February,1
O04525,2026-03-05,P015,C0964,WH-East,4,10925.43,43701.72,Delivered,2026-03-15,2026,3,March,1
O04526,2025-12-10,P051,C0222,WH-East,1,506.74,506.74,Delivered,2025-12-15,2025,12,December,1
O04527,2026-02-28,P053,C0752,WH-North,11,8550.49,94055.39,Delivered,2026-03-06,2026,2,February,1
O04528,2026-01-01,P034,C0156,WH-West,14,7873.1,110223.4,Delivered,2026-01-07,2026,1,January,1
O04529,2025-04-30,P077,C0095,WH-North,5,12073.98,60369.9,Cancelled,Unknown,2025,4,April,0
O04530,2025-08-17,P008,C0609,WH-South,3,7685.98,23057.94,Delivered,2025-08-26,2025,8,August,1
O04531,2025-05-10,P077,C0818,WH-East,3,12073.98,36221.94,Delivered,2025-05-17,2025,5,May,1
O04532,2025-12-18,P100,C0083,WH-North,4,6160.6,24642.4,Delivered,2025-12-20,2025,12,December,1
O04533,2025-11-14,P070,C0245,WH-West,2,2886.35,5772.7,Delivered,2025-11-22,2025,11,November,1
O04534,2025-12-03,P096,C0575,WH-South,7,6299.54,44096.78,Delivered,2025-12-13,2025,12,December,1
O04535,2025-09-30,P021,C0010,WH-South,12,2945.59,35347.08,Delivered,2025-10-05,2025,9,September,1
O04536,2025-04-27,P007,C0089,WH-North,13,11389.37,148061.81,Delivered,2025-05-02,2025,4,April,1
O04537,2026-01-03,P090,C0677,WH-North,4,2450.87,9803.48,Cancelled,Unknown,2026,1,January,0
O04538,2025-04-04,P079,C0909,WH-East,5,8889.27,44446.35,Delivered,2025-04-13,2025,4,April,1
O04539,2025-06-17,P056,C0326,WH-North,12,888.53,10662.36,Delivered,2025-06-23,2025,6,June,1
O04540,2025-12-07,P049,C0286,WH-North,14,3014.05,42196.7,Delivered,2025-12-12,2025,12,December,1
O04541,2025-06-01,P042,C0215,WH-North,2,4932.36,9864.72,Delivered,2025-06-10,2025,6,June,1
O04542,2025-10-01,P023,C0996,WH-South,6,2561.5,15369.0,Delivered,2025-10-07,2025,10,October,1
O04543,2026-05-11,P052,C0848,WH-West,9,2109.04,18981.36,Delivered,2026-05-20,2026,5,May,1
O04544,2025-04-11,P079,C0072,WH-North,8,8889.27,71114.16,Delivered,2025-04-13,2025,4,April,1
O04545,2025-03-23,P053,C0208,WH-South,8,8550.49,68403.92,Delivered,2025-03-27,2025,3,March,1
O04546,2026-06-13,P016,C0139,WH-South,2,6037.0,12074.0,Delivered,2026-06-21,2026,6,June,1
O04547,2025-03-14,P096,C0758,WH-North,15,6299.54,94493.1,Delivered,2025-03-16,2025,3,March,1
O04548,2025-01-14,P037,C0379,WH-South,4,2141.55,8566.2,Delivered,2025-01-20,2025,1,January,1
O04549,2026-03-09,P018,C0641,WH-East,8,6842.11,54736.88,Delivered,2026-03-16,2026,3,March,1
O04550,2025-06-06,P020,C0982,WH-West,11,2297.9,25276.9,Delivered,2025-06-08,2025,6,June,1
O04551,2025-05-12,P046,C0402,WH-East,1,2032.34,2032.34,Delivered,2025-05-20,2025,5,May,1
O04552,2025-12-04,P002,C0612,WH-West,8,9662.88,77303.04,Delivered,2025-12-14,2025,12,December,1
O04553,2026-02-08,P087,C0523,WH-South,3,6619.57,19858.71,Delivered,2026-02-18,2026,2,February,1
O04554,2026-01-11,P094,C0340,WH-North,8,9560.46,76483.68,Returned,2026-01-15,2026,1,January,0
O04555,2025-04-17,P063,C0906,WH-North,6,6119.08,36714.48,Delivered,2025-04-22,2025,4,April,1
O04556,2025-09-22,P003,C0176,WH-South,7,8874.43,62121.01,Delivered,2025-09-24,2025,9,September,1
O04557,2025-07-24,P046,C0829,WH-North,2,2032.34,4064.68,Delivered,2025-07-29,2025,7,July,1
O04558,2025-03-20,P049,C0906,WH-South,15,3014.05,45210.75,Delivered,2025-03-26,2025,3,March,1
O04559,2025-06-04,P001,C0357,WH-East,1,2324.33,2324.33,Delivered,2025-06-12,2025,6,June,1
O04560,2025-09-04,P022,C0378,WH-South,6,9065.34,54392.04,Delivered,2025-09-10,2025,9,September,1
O04561,2026-06-15,P093,C0316,WH-South,12,11181.17,134174.04,Delivered,2026-06-24,2026,6,June,1
O04562,2026-06-22,P014,C0882,WH-East,3,8215.45,24646.35,Delivered,2026-06-30,2026,6,June,1
O04563,2025-06-03,P092,C0662,WH-East,4,9918.59,39674.36,Delivered,2025-06-05,2025,6,June,1
O04564,2025-06-03,P085,C0075,WH-South,13,1090.03,14170.39,Delivered,2025-06-06,2025,6,June,1
O04565,2025-04-02,P045,C0099,WH-East,15,11503.77,172556.55,Delivered,2025-04-10,2025,4,April,1
O04566,2026-03-09,P096,C0265,WH-West,9,6299.54,56695.86,Delivered,2026-03-13,2026,3,March,1
O04567,2025-12-04,P006,C0911,WH-East,3,716.9,2150.7,Delivered,2025-12-07,2025,12,December,1
O04568,2026-04-25,P065,C0755,WH-North,2,6932.91,13865.82,Delivered,2026-05-05,2026,4,April,1
O04569,2025-05-11,P021,C0083,WH-East,2,2945.59,5891.18,Delivered,2025-05-20,2025,5,May,1
O04570,2026-03-26,P004,C0805,WH-East,2,5647.39,11294.78,Delivered,2026-04-04,2026,3,March,1
O04571,2025-09-30,P003,C0582,WH-South,6,8874.43,53246.58,Delivered,2025-10-04,2025,9,September,1
O04572,2025-06-26,P030,C0228,WH-East,2,6989.65,13979.3,Delivered,2025-07-06,2025,6,June,1
O04573,2025-02-18,P031,C0684,WH-West,11,1882.62,20708.82,Delivered,2025-02-27,2025,2,February,1
O04574,2025-12-21,P034,C0965,WH-South,7,7873.1,55111.7,Delivered,2025-12-24,2025,12,December,1
O04575,2025-11-04,P083,C0131,WH-West,7,1377.9,9645.3,Delivered,2025-11-12,2025,11,November,1
O04576,2025-02-15,P020,C0010,WH-North,7,2297.9,16085.3,Delivered,2025-02-24,2025,2,February,1
O04577,2025-10-29,P087,C0973,WH-South,14,6619.57,92673.98,Delivered,2025-11-06,2025,10,October,1
O04578,2026-02-12,P054,C0900,WH-South,13,5559.97,72279.61,Delivered,2026-02-22,2026,2,February,1
O04579,2025-07-08,P025,C0568,WH-North,2,2564.25,5128.5,Delivered,2025-07-16,2025,7,July,1
O04580,2025-05-09,P015,C0936,WH-North,7,10925.43,76478.01,Delivered,2025-05-17,2025,5,May,1
O04581,2026-06-21,P038,C0545,WH-West,10,9847.32,98473.2,Delivered,2026-06-23,2026,6,June,1
O04582,2025-09-23,P023,C0244,WH-East,8,2561.5,20492.0,Delivered,2025-09-26,2025,9,September,1
O04583,2025-04-28,P052,C0226,WH-South,8,2109.04,16872.32,Cancelled,Unknown,2025,4,April,0
O04584,2026-04-09,P066,C0228,WH-South,14,9296.31,130148.34,Delivered,2026-04-11,2026,4,April,1
O04585,2025-05-24,P057,C0245,WH-West,2,919.99,1839.98,Delivered,2025-06-01,2025,5,May,1
O04586,2026-03-18,P057,C0929,WH-South,5,919.99,4599.95,Delivered,2026-03-24,2026,3,March,1
O04587,2025-07-19,P079,C0444,WH-North,14,8889.27,124449.78,Delivered,2025-07-25,2025,7,July,1
O04588,2025-06-06,P052,C0917,WH-South,6,2109.04,12654.24,Delivered,2025-06-15,2025,6,June,1
O04589,2026-05-02,P035,C0615,WH-East,9,10862.84,97765.56,Delivered,2026-05-12,2026,5,May,1
O04590,2025-05-14,P074,C0709,WH-North,6,8610.83,51664.98,Delivered,2025-05-16,2025,5,May,1
O04591,2025-05-28,P014,C0887,WH-West,10,8215.45,82154.5,Delivered,2025-06-02,2025,5,May,1
O04592,2025-12-02,P091,C0813,WH-West,6,3806.53,22839.18,Processing,2025-12-05,2025,12,December,0
O04593,2025-03-12,P014,C0825,WH-South,10,8215.45,82154.5,Delivered,2025-03-22,2025,3,March,1
O04594,2025-08-21,P099,C0461,WH-North,10,1477.4,14774.0,Delivered,2025-08-31,2025,8,August,1
O04595,2025-11-30,P033,C0936,WH-North,15,7876.29,118144.35,Delivered,2025-12-02,2025,11,November,1
O04596,2025-03-31,P052,C0721,WH-North,6,2109.04,12654.24,Delivered,2025-04-04,2025,3,March,1
O04597,2025-11-30,P001,C0382,WH-South,9,2324.33,20918.97,Delivered,2025-12-09,2025,11,November,1
O04598,2025-07-18,P034,C0192,WH-South,10,7873.1,78731.0,Delivered,2025-07-21,2025,7,July,1
O04599,2025-06-10,P019,C0639,WH-West,7,6267.38,43871.66,Delivered,2025-06-13,2025,6,June,1
O04600,2026-06-22,P024,C0522,WH-East,1,5645.0,5645.0,Delivered,2026-06-25,2026,6,June,1
O04601,2025-05-01,P004,C0842,WH-North,1,5647.39,5647.39,Delivered,2025-05-07,2025,5,May,1
O04602,2025-10-28,P036,C0578,WH-South,14,9014.91,126208.74,Delivered,2025-11-07,2025,10,October,1
O04603,2026-03-12,P077,C0870,WH-South,4,12073.98,48295.92,Delivered,2026-03-20,2026,3,March,1
O04604,2025-03-09,P058,C0853,WH-East,15,3596.21,53943.15,Delivered,2025-03-17,2025,3,March,1
O04605,2026-04-04,P032,C0961,WH-South,12,8387.44,100649.28,Delivered,2026-04-07,2026,4,April,1
O04606,2026-05-29,P009,C0158,WH-South,2,6820.58,13641.16,Delivered,2026-06-01,2026,5,May,1
O04607,2026-02-02,P080,C0256,WH-South,3,6733.38,20200.14,Delivered,2026-02-08,2026,2,February,1
O04608,2025-10-13,P067,C0850,WH-North,12,3626.7,43520.4,Delivered,2025-10-21,2025,10,October,1
O04609,2025-05-20,P020,C0547,WH-East,7,2297.9,16085.3,Delivered,2025-05-28,2025,5,May,1
O04610,2025-10-09,P074,C0506,WH-West,14,8610.83,120551.62,Delivered,2025-10-19,2025,10,October,1
O04611,2026-04-02,P062,C0821,WH-East,7,11436.7,80056.9,Delivered,2026-04-06,2026,4,April,1
O04612,2025-03-28,P058,C0167,WH-East,14,3596.21,50346.94,Delivered,2025-03-30,2025,3,March,1
O04613,2025-03-20,P022,C0880,WH-West,12,9065.34,108784.08,Delivered,2025-03-30,2025,3,March,1
O04614,2025-07-24,P067,C0022,WH-West,3,3626.7,10880.1,Delivered,2025-07-26,2025,7,July,1
O04615,2025-12-03,P075,C0067,WH-South,13,4757.22,61843.86,Delivered,2025-12-12,2025,12,December,1
O04616,2025-09-11,P089,C0710,WH-South,2,5210.42,10420.84,Delivered,2025-09-17,2025,9,September,1
O04617,2025-10-31,P048,C0612,WH-South,15,8206.14,123092.1,Delivered,2025-11-09,2025,10,October,1
O04618,2026-01-15,P008,C0848,WH-North,13,7685.98,99917.74,Delivered,2026-01-23,2026,1,January,1
O04619,2025-05-10,P073,C0707,WH-North,13,5286.08,68719.04,Delivered,2025-05-20,2025,5,May,1
O04620,2025-10-03,P015,C0612,WH-East,1,10925.43,10925.43,Delivered,2025-10-06,2025,10,October,1
O04621,2025-07-02,P032,C0587,WH-North,9,8387.44,75486.96,Delivered,2025-07-12,2025,7,July,1
O04622,2025-09-25,P053,C0888,WH-North,10,8550.49,85504.9,Delivered,2025-10-01,2025,9,September,1
O04623,2025-11-18,P067,C0017,WH-West,3,3626.7,10880.1,Delivered,2025-11-24,2025,11,November,1
O04624,2026-05-27,P004,C0659,WH-South,9,5647.39,50826.51,Cancelled,Unknown,2026,5,May,0
O04625,2025-03-19,P030,C0762,WH-West,15,6989.65,104844.75,Delivered,2025-03-26,2025,3,March,1
O04626,2025-12-05,P013,C0255,WH-South,15,359.86,5397.9,Delivered,2025-12-09,2025,12,December,1
O04627,2026-05-24,P021,C0188,WH-East,4,2945.59,11782.36,Delivered,2026-05-28,2026,5,May,1
O04628,2025-08-26,P041,C0328,WH-West,15,10031.16,150467.4,Delivered,2025-08-30,2025,8,August,1
O04629,2025-05-14,P019,C0380,WH-South,10,6267.38,62673.8,Delivered,2025-05-19,2025,5,May,1
O04630,2025-07-11,P048,C0974,WH-West,6,8206.14,49236.84,Delivered,2025-07-21,2025,7,July,1
O04631,2025-12-22,P086,C0346,WH-West,13,3132.13,40717.69,Delivered,2025-12-31,2025,12,December,1
O04632,2025-10-05,P063,C0240,WH-South,7,6119.08,42833.56,Delivered,2025-10-12,2025,10,October,1
O04633,2025-01-18,P020,C0473,WH-North,10,2297.9,22979.0,Delivered,2025-01-27,2025,1,January,1
O04634,2026-06-08,P064,C0307,WH-West,14,9772.25,136811.5,Delivered,2026-06-17,2026,6,June,1
O04635,2025-06-29,P037,C0176,WH-East,6,2141.55,12849.3,Returned,2025-07-01,2025,6,June,0
O04636,2025-05-03,P031,C0313,WH-North,1,1882.62,1882.62,Delivered,2025-05-13,2025,5,May,1
O04637,2025-09-03,P074,C0906,WH-West,6,8610.83,51664.98,Delivered,2025-09-05,2025,9,September,1
O04638,2026-01-08,P018,C0544,WH-East,11,6842.11,75263.21,Processing,2026-01-11,2026,1,January,0
O04639,2025-02-20,P020,C0335,WH-East,14,2297.9,32170.6,Processing,2025-03-02,2025,2,February,0
O04640,2025-03-12,P082,C0379,WH-South,6,7665.58,45993.48,Delivered,2025-03-20,2025,3,March,1
O04641,2026-04-25,P011,C0634,WH-North,5,11449.02,57245.1,Delivered,2026-04-27,2026,4,April,1
O04642,2025-01-19,P086,C0836,WH-North,3,3132.13,9396.39,Delivered,2025-01-23,2025,1,January,1
O04643,2025-03-25,P044,C0540,WH-South,10,3533.01,35330.1,Delivered,2025-03-27,2025,3,March,1
O04644,2025-06-04,P082,C0900,WH-West,3,7665.58,22996.74,Delivered,2025-06-10,2025,6,June,1
O04645,2025-12-23,P064,C0701,WH-West,11,9772.25,107494.75,Delivered,2025-12-28,2025,12,December,1
O04646,2026-03-19,P034,C0333,WH-East,10,7873.1,78731.0,Delivered,2026-03-28,2026,3,March,1
O04647,2025-03-10,P087,C0140,WH-East,13,6619.57,86054.41,Delivered,2025-03-20,2025,3,March,1
O04648,2026-06-07,P065,C0783,WH-East,7,6932.91,48530.37,Delivered,2026-06-12,2026,6,June,1
O04649,2025-05-23,P055,C0285,WH-East,8,1487.11,11896.88,Delivered,2025-05-27,2025,5,May,1
O04650,2025-07-11,P074,C0343,WH-South,14,8610.83,120551.62,Delivered,2025-07-16,2025,7,July,1
O04651,2026-01-22,P001,C0269,WH-West,3,2324.33,6972.99,Delivered,2026-01-26,2026,1,January,1
O04652,2026-01-13,P038,C0806,WH-East,3,9847.32,29541.96,Delivered,2026-01-20,2026,1,January,1
O04653,2026-06-19,P009,C0186,WH-North,7,6820.58,47744.06,Delivered,2026-06-21,2026,6,June,1
O04654,2025-10-20,P095,C0110,WH-East,10,5427.18,54271.8,Returned,2025-10-23,2025,10,October,0
O04655,2025-01-09,P071,C0767,WH-East,12,4401.72,52820.64,Delivered,2025-01-18,2025,1,January,1
O04656,2025-09-28,P017,C0035,WH-West,7,8360.81,58525.67,Processing,2025-10-02,2025,9,September,0
O04657,2026-01-22,P099,C0936,WH-East,11,1477.4,16251.4,Delivered,2026-01-27,2026,1,January,1
O04658,2025-04-03,P052,C0844,WH-South,9,2109.04,18981.36,Cancelled,Unknown,2025,4,April,0
O04659,2026-06-13,P018,C0222,WH-West,14,6842.11,95789.54,Delivered,2026-06-17,2026,6,June,1
O04660,2025-06-03,P063,C0622,WH-West,6,6119.08,36714.48,Delivered,2025-06-05,2025,6,June,1
O04661,2026-02-09,P033,C0773,WH-East,15,7876.29,118144.35,Delivered,2026-02-15,2026,2,February,1
O04662,2025-05-29,P004,C0514,WH-South,13,5647.39,73416.07,Delivered,2025-05-31,2025,5,May,1
O04663,2025-09-24,P087,C0746,WH-West,7,6619.57,46336.99,Delivered,2025-10-04,2025,9,September,1
O04664,2026-02-26,P075,C0798,WH-North,11,4757.22,52329.42,Delivered,2026-03-06,2026,2,February,1
O04665,2026-04-17,P052,C0099,WH-East,10,2109.04,21090.4,Delivered,2026-04-26,2026,4,April,1
O04666,2026-06-10,P009,C0631,WH-West,1,6820.58,6820.58,Cancelled,Unknown,2026,6,June,0
O04667,2026-05-18,P064,C0010,WH-East,7,9772.25,68405.75,Delivered,2026-05-27,2026,5,May,1
O04668,2025-01-14,P030,C0585,WH-North,2,6989.65,13979.3,Delivered,2025-01-18,2025,1,January,1
O04669,2025-12-30,P008,C0209,WH-East,7,7685.98,53801.86,Delivered,2026-01-07,2025,12,December,1
O04670,2025-04-29,P005,C0636,WH-East,3,5461.2,16383.6,Delivered,2025-05-07,2025,4,April,1
O04671,2025-08-26,P076,C0038,WH-South,9,2781.69,25035.21,Delivered,2025-09-03,2025,8,August,1
O04672,2026-06-30,P063,C0955,WH-South,13,6119.08,79548.04,Delivered,2026-07-09,2026,6,June,1
O04673,2025-06-18,P001,C0094,WH-North,5,2324.33,11621.65,Delivered,2025-06-23,2025,6,June,1
O04674,2026-06-06,P015,C0233,WH-South,7,10925.43,76478.01,Delivered,2026-06-13,2026,6,June,1
O04675,2026-05-31,P089,C0887,WH-West,8,5210.42,41683.36,Delivered,2026-06-03,2026,5,May,1
O04676,2026-02-01,P082,C0163,WH-South,13,7665.58,99652.54,Delivered,2026-02-09,2026,2,February,1
O04677,2025-04-16,P038,C0839,WH-West,12,9847.32,118167.84,Delivered,2025-04-26,2025,4,April,1
O04678,2025-03-26,P042,C0652,WH-North,2,4932.36,9864.72,Delivered,2025-04-01,2025,3,March,1
O04679,2025-08-02,P046,C0242,WH-North,11,2032.34,22355.74,Delivered,2025-08-07,2025,8,August,1
O04680,2025-05-01,P053,C0682,WH-East,1,8550.49,8550.49,Returned,2025-05-04,2025,5,May,0
O04681,2025-05-12,P026,C0098,WH-West,7,8058.43,56409.01,Delivered,2025-05-20,2025,5,May,1
O04682,2025-07-16,P061,C0945,WH-East,15,9046.33,135694.95,Delivered,2025-07-19,2025,7,July,1
O04683,2025-01-19,P067,C0383,WH-East,6,3626.7,21760.2,Delivered,2025-01-22,2025,1,January,1
O04684,2025-01-12,P054,C0579,WH-East,6,5559.97,33359.82,Delivered,2025-01-22,2025,1,January,1
O04685,2025-03-22,P022,C0289,WH-West,2,9065.34,18130.68,Delivered,2025-03-25,2025,3,March,1
O04686,2025-11-26,P026,C0616,WH-South,3,8058.43,24175.29,Delivered,2025-11-30,2025,11,November,1
O04687,2026-01-27,P083,C0141,WH-West,4,1377.9,5511.6,Delivered,2026-01-31,2026,1,January,1
O04688,2025-11-03,P060,C0203,WH-South,3,1239.87,3719.61,Delivered,2025-11-06,2025,11,November,1
O04689,2025-09-24,P039,C0488,WH-West,2,2741.34,5482.68,Returned,2025-09-28,2025,9,September,0
O04690,2026-03-23,P036,C0404,WH-North,3,9014.91,27044.73,Delivered,2026-04-02,2026,3,March,1
O04691,2026-03-17,P021,C0991,WH-North,14,2945.59,41238.26,Delivered,2026-03-21,2026,3,March,1
O04692,2025-01-02,P041,C0417,WH-South,6,10031.16,60186.96,Delivered,2025-01-08,2025,1,January,1
O04693,2026-06-04,P048,C0802,WH-East,9,8206.14,73855.26,Delivered,2026-06-12,2026,6,June,1
O04694,2025-11-05,P026,C0306,WH-East,4,8058.43,32233.72,Delivered,2025-11-07,2025,11,November,1
O04695,2026-06-06,P063,C0946,WH-East,6,6119.08,36714.48,Delivered,2026-06-08,2026,6,June,1
O04696,2026-04-14,P077,C0137,WH-East,1,12073.98,12073.98,Delivered,2026-04-17,2026,4,April,1
O04697,2025-07-31,P036,C0775,WH-West,12,9014.91,108178.92,Delivered,2025-08-02,2025,7,July,1
O04698,2025-04-22,P024,C0905,WH-North,6,5645.0,33870.0,Delivered,2025-04-24,2025,4,April,1
O04699,2025-01-08,P090,C0618,WH-West,12,2450.87,29410.44,Delivered,2025-01-13,2025,1,January,1
O04700,2026-04-22,P021,C0922,WH-West,3,2945.59,8836.77,Delivered,2026-04-26,2026,4,April,1
O04701,2026-04-05,P018,C0130,WH-West,9,6842.11,61578.99,Delivered,2026-04-07,2026,4,April,1
O04702,2025-09-10,P015,C0773,WH-South,4,10925.43,43701.72,Delivered,2025-09-14,2025,9,September,1
O04703,2026-06-10,P079,C0625,WH-North,7,8889.27,62224.89,Delivered,2026-06-12,2026,6,June,1
O04704,2026-03-14,P006,C0834,WH-South,4,716.9,2867.6,Cancelled,Unknown,2026,3,March,0
O04705,2025-08-24,P043,C0116,WH-East,11,7218.47,79403.17,Delivered,2025-08-29,2025,8,August,1
O04706,2025-11-02,P031,C0138,WH-North,6,1882.62,11295.72,Delivered,2025-11-11,2025,11,November,1
O04707,2026-04-23,P028,C0415,WH-South,14,1732.59,24256.26,Delivered,2026-04-27,2026,4,April,1
O04708,2025-01-20,P008,C0161,WH-South,7,7685.98,53801.86,Delivered,2025-01-24,2025,1,January,1
O04709,2025-08-04,P029,C0620,WH-West,2,7630.58,15261.16,Delivered,2025-08-14,2025,8,August,1
O04710,2025-05-15,P021,C0248,WH-South,10,2945.59,29455.9,Delivered,2025-05-25,2025,5,May,1
O04711,2025-05-09,P081,C0879,WH-South,6,8788.43,52730.58,Delivered,2025-05-16,2025,5,May,1
O04712,2026-02-14,P088,C0134,WH-East,8,7327.81,58622.48,Delivered,2026-02-19,2026,2,February,1
O04713,2026-02-26,P058,C0526,WH-East,15,3596.21,53943.15,Delivered,2026-03-04,2026,2,February,1
O04714,2025-10-21,P060,C0590,WH-South,13,1239.87,16118.31,Cancelled,Unknown,2025,10,October,0
O04715,2025-09-03,P050,C0271,WH-South,13,1973.84,25659.92,Delivered,2025-09-05,2025,9,September,1
O04716,2025-03-27,P100,C0225,WH-South,15,6160.6,92409.0,Delivered,2025-04-04,2025,3,March,1
O04717,2026-01-10,P031,C0121,WH-West,12,1882.62,22591.44,Delivered,2026-01-18,2026,1,January,1
O04718,2026-03-22,P047,C0735,WH-West,6,9554.1,57324.6,Processing,2026-03-24,2026,3,March,0
O04719,2026-01-13,P034,C0721,WH-West,2,7873.1,15746.2,Delivered,2026-01-15,2026,1,January,1
O04720,2026-01-25,P002,C0939,WH-East,4,9662.88,38651.52,Processing,2026-02-04,2026,1,January,0
O04721,2025-02-20,P067,C0463,WH-North,1,3626.7,3626.7,Delivered,2025-02-28,2025,2,February,1
O04722,2025-08-30,P094,C0916,WH-West,15,9560.46,143406.9,Delivered,2025-09-04,2025,8,August,1
O04723,2025-10-21,P072,C0240,WH-West,7,7933.68,55535.76,Delivered,2025-10-31,2025,10,October,1
O04724,2025-09-23,P052,C0021,WH-South,8,2109.04,16872.32,Delivered,2025-09-29,2025,9,September,1
O04725,2025-04-30,P007,C0448,WH-West,10,11389.37,113893.7,Delivered,2025-05-04,2025,4,April,1
O04726,2025-09-05,P076,C0797,WH-North,2,2781.69,5563.38,Delivered,2025-09-08,2025,9,September,1
O04727,2025-03-11,P019,C0955,WH-East,10,6267.38,62673.8,Delivered,2025-03-21,2025,3,March,1
O04728,2025-02-26,P090,C0329,WH-West,15,2450.87,36763.05,Delivered,2025-03-03,2025,2,February,1
O04729,2026-01-17,P092,C0448,WH-East,5,9918.59,49592.95,Delivered,2026-01-25,2026,1,January,1
O04730,2025-02-08,P015,C0605,WH-West,11,10925.43,120179.73,Delivered,2025-02-10,2025,2,February,1
O04731,2026-03-19,P078,C0940,WH-East,8,8749.35,69994.8,Delivered,2026-03-29,2026,3,March,1
O04732,2025-01-18,P048,C0255,WH-East,11,8206.14,90267.54,Delivered,2025-01-28,2025,1,January,1
O04733,2025-12-18,P014,C0162,WH-West,8,8215.45,65723.6,Returned,2025-12-25,2025,12,December,0
O04734,2025-10-25,P003,C0303,WH-West,15,8874.43,133116.45,Delivered,2025-11-01,2025,10,October,1
O04735,2025-10-10,P050,C0764,WH-East,5,1973.84,9869.2,Delivered,2025-10-17,2025,10,October,1
O04736,2025-04-20,P093,C0777,WH-North,8,11181.17,89449.36,Delivered,2025-04-26,2025,4,April,1
O04737,2025-06-29,P054,C0188,WH-North,14,5559.97,77839.58,Delivered,2025-07-01,2025,6,June,1
O04738,2026-06-28,P006,C0624,WH-North,6,716.9,4301.4,Delivered,2026-07-03,2026,6,June,1
O04739,2025-01-25,P049,C0030,WH-North,15,3014.05,45210.75,Delivered,2025-01-27,2025,1,January,1
O04740,2025-02-26,P023,C0785,WH-West,15,2561.5,38422.5,Delivered,2025-03-04,2025,2,February,1
O04741,2025-06-29,P092,C0436,WH-South,5,9918.59,49592.95,Delivered,2025-07-04,2025,6,June,1
O04742,2025-08-20,P078,C0315,WH-East,13,8749.35,113741.55,Delivered,2025-08-29,2025,8,August,1
O04743,2025-12-09,P078,C0887,WH-North,14,8749.35,122490.9,Delivered,2025-12-11,2025,12,December,1
O04744,2026-04-22,P020,C0388,WH-North,11,2297.9,25276.9,Delivered,2026-05-01,2026,4,April,1
O04745,2026-03-31,P077,C0680,WH-South,4,12073.98,48295.92,Delivered,2026-04-09,2026,3,March,1
O04746,2025-08-20,P091,C0480,WH-South,5,3806.53,19032.65,Delivered,2025-08-22,2025,8,August,1
O04747,2025-10-16,P060,C0608,WH-West,12,1239.87,14878.44,Delivered,2025-10-26,2025,10,October,1
O04748,2025-08-01,P099,C0135,WH-East,4,1477.4,5909.6,Delivered,2025-08-11,2025,8,August,1
O04749,2025-09-15,P045,C0038,WH-East,1,11503.77,11503.77,Delivered,2025-09-22,2025,9,September,1
O04750,2026-06-14,P061,C0288,WH-South,3,9046.33,27138.99,Delivered,2026-06-16,2026,6,June,1
O04751,2025-08-17,P056,C0069,WH-South,8,888.53,7108.24,Delivered,2025-08-25,2025,8,August,1
O04752,2025-08-14,P002,C0746,WH-South,7,9662.88,67640.16,Delivered,2025-08-22,2025,8,August,1
O04753,2026-03-11,P045,C0067,WH-West,12,11503.77,138045.24,Processing,2026-03-21,2026,3,March,0
O04754,2026-02-06,P040,C0568,WH-East,15,7396.64,110949.6,Delivered,2026-02-08,2026,2,February,1
O04755,2025-03-29,P024,C0788,WH-South,7,5645.0,39515.0,Delivered,2025-04-07,2025,3,March,1
O04756,2026-06-26,P029,C0192,WH-North,11,7630.58,83936.38,Delivered,2026-07-05,2026,6,June,1
O04757,2025-11-05,P067,C0120,WH-East,3,3626.7,10880.1,Returned,2025-11-13,2025,11,November,0
O04758,2025-12-09,P068,C0401,WH-East,9,7862.75,70764.75,Delivered,2025-12-16,2025,12,December,1
O04759,2026-03-12,P066,C0400,WH-North,15,9296.31,139444.65,Delivered,2026-03-14,2026,3,March,1
O04760,2025-06-26,P084,C0523,WH-North,6,9567.6,57405.6,Cancelled,Unknown,2025,6,June,0
O04761,2025-05-19,P054,C0909,WH-East,8,5559.97,44479.76,Delivered,2025-05-25,2025,5,May,1
O04762,2025-07-13,P053,C0658,WH-East,8,8550.49,68403.92,Delivered,2025-07-18,2025,7,July,1
O04763,2025-07-05,P079,C0014,WH-South,3,8889.27,26667.81,Delivered,2025-07-11,2025,7,July,1
O04764,2025-08-06,P049,C0546,WH-West,4,3014.05,12056.2,Delivered,2025-08-12,2025,8,August,1
O04765,2025-06-13,P032,C0716,WH-West,14,8387.44,117424.16,Delivered,2025-06-17,2025,6,June,1
O04766,2025-06-10,P061,C0598,WH-South,6,9046.33,54277.98,Delivered,2025-06-15,2025,6,June,1
O04767,2026-06-09,P042,C0469,WH-North,2,4932.36,9864.72,Delivered,2026-06-14,2026,6,June,1
O04768,2025-02-11,P001,C0893,WH-North,12,2324.33,27891.96,Processing,2025-02-20,2025,2,February,0
O04769,2025-07-29,P063,C0154,WH-North,12,6119.08,73428.96,Delivered,2025-08-04,2025,7,July,1
O04770,2025-10-02,P035,C0170,WH-North,11,10862.84,119491.24,Delivered,2025-10-09,2025,10,October,1
O04771,2025-10-06,P051,C0957,WH-South,12,506.74,6080.88,Delivered,2025-10-09,2025,10,October,1
O04772,2025-09-08,P071,C0679,WH-East,7,4401.72,30812.04,Delivered,2025-09-18,2025,9,September,1
O04773,2025-11-06,P045,C0386,WH-South,2,11503.77,23007.54,Delivered,2025-11-15,2025,11,November,1
O04774,2025-05-20,P077,C0697,WH-North,11,12073.98,132813.78,Delivered,2025-05-29,2025,5,May,1
O04775,2026-06-30,P065,C0306,WH-South,5,6932.91,34664.55,Delivered,2026-07-06,2026,6,June,1
O04776,2026-06-14,P014,C0625,WH-West,12,8215.45,98585.4,Delivered,2026-06-20,2026,6,June,1
O04777,2025-02-26,P093,C0656,WH-West,4,11181.17,44724.68,Returned,2025-03-02,2025,2,February,0
O04778,2025-04-22,P003,C0318,WH-North,9,8874.43,79869.87,Delivered,2025-04-25,2025,4,April,1
O04779,2025-01-05,P024,C0354,WH-South,13,5645.0,73385.0,Delivered,2025-01-15,2025,1,January,1
O04780,2026-02-14,P065,C0907,WH-West,13,6932.91,90127.83,Delivered,2026-02-21,2026,2,February,1
O04781,2026-02-18,P048,C0211,WH-East,15,8206.14,123092.1,Processing,2026-02-27,2026,2,February,0
O04782,2025-07-01,P010,C0895,WH-North,2,8992.72,17985.44,Delivered,2025-07-06,2025,7,July,1
O04783,2025-01-13,P013,C0703,WH-South,7,359.86,2519.02,Cancelled,Unknown,2025,1,January,0
O04784,2025-12-05,P100,C0798,WH-North,13,6160.6,80087.8,Delivered,2025-12-11,2025,12,December,1
O04785,2025-09-16,P073,C0694,WH-West,7,5286.08,37002.56,Processing,2025-09-21,2025,9,September,0
O04786,2025-03-31,P014,C0455,WH-East,7,8215.45,57508.15,Delivered,2025-04-03,2025,3,March,1
O04787,2025-09-07,P100,C0667,WH-West,1,6160.6,6160.6,Delivered,2025-09-14,2025,9,September,1
O04788,2025-09-12,P010,C0854,WH-North,8,8992.72,71941.76,Delivered,2025-09-17,2025,9,September,1
O04789,2025-04-18,P040,C0192,WH-East,2,7396.64,14793.28,Delivered,2025-04-23,2025,4,April,1
O04790,2026-04-30,P023,C0593,WH-South,15,2561.5,38422.5,Processing,2026-05-04,2026,4,April,0
O04791,2025-09-15,P099,C0335,WH-West,15,1477.4,22161.0,Delivered,2025-09-24,2025,9,September,1
O04792,2025-10-09,P055,C0905,WH-East,5,1487.11,7435.55,Delivered,2025-10-16,2025,10,October,1
O04793,2025-03-29,P063,C0844,WH-North,2,6119.08,12238.16,Delivered,2025-04-08,2025,3,March,1
O04794,2025-07-23,P071,C0968,WH-South,13,4401.72,57222.36,Delivered,2025-07-29,2025,7,July,1
O04795,2025-01-16,P042,C0898,WH-North,5,4932.36,24661.8,Delivered,2025-01-23,2025,1,January,1
O04796,2025-05-31,P099,C0561,WH-North,7,1477.4,10341.8,Delivered,2025-06-10,2025,5,May,1
O04797,2025-09-11,P066,C0816,WH-South,6,9296.31,55777.86,Processing,2025-09-16,2025,9,September,0
O04798,2025-07-07,P079,C0567,WH-East,13,8889.27,115560.51,Cancelled,Unknown,2025,7,July,0
O04799,2025-11-25,P073,C0848,WH-East,15,5286.08,79291.2,Delivered,2025-12-02,2025,11,November,1
O04800,2026-06-28,P047,C0067,WH-South,12,9554.1,114649.2,Delivered,2026-07-05,2026,6,June,1
O04801,2026-02-01,P081,C0627,WH-South,5,8788.43,43942.15,Delivered,2026-02-08,2026,2,February,1
O04802,2026-06-01,P052,C0112,WH-North,4,2109.04,8436.16,Delivered,2026-06-06,2026,6,June,1
O04803,2026-04-04,P018,C0671,WH-North,8,6842.11,54736.88,Delivered,2026-04-11,2026,4,April,1
O04804,2025-11-26,P079,C0107,WH-West,11,8889.27,97781.97,Delivered,2025-12-04,2025,11,November,1
O04805,2025-06-18,P018,C0026,WH-South,14,6842.11,95789.54,Delivered,2025-06-21,2025,6,June,1
O04806,2026-01-01,P024,C0622,WH-West,8,5645.0,45160.0,Delivered,2026-01-11,2026,1,January,1
O04807,2025-06-27,P023,C0066,WH-South,1,2561.5,2561.5,Delivered,2025-07-05,2025,6,June,1
O04808,2025-12-28,P012,C0414,WH-West,10,3219.93,32199.3,Delivered,2026-01-01,2025,12,December,1
O04809,2025-02-09,P023,C0717,WH-North,2,2561.5,5123.0,Delivered,2025-02-17,2025,2,February,1
O04810,2026-02-20,P021,C0613,WH-North,3,2945.59,8836.77,Delivered,2026-02-26,2026,2,February,1
O04811,2025-12-21,P064,C0500,WH-East,13,9772.25,127039.25,Delivered,2025-12-31,2025,12,December,1
O04812,2025-09-12,P090,C0718,WH-West,1,2450.87,2450.87,Delivered,2025-09-19,2025,9,September,1
O04813,2025-05-23,P072,C0001,WH-South,11,7933.68,87270.48,Delivered,2025-05-31,2025,5,May,1
O04814,2025-01-11,P094,C0736,WH-West,3,9560.46,28681.38,Delivered,2025-01-16,2025,1,January,1
O04815,2025-01-26,P034,C0582,WH-North,10,7873.1,78731.0,Delivered,2025-01-29,2025,1,January,1
O04816,2026-02-25,P002,C0662,WH-East,12,9662.88,115954.56,Delivered,2026-03-02,2026,2,February,1
O04817,2025-08-09,P069,C0459,WH-West,8,7876.01,63008.08,Delivered,2025-08-19,2025,8,August,1
O04818,2026-05-11,P031,C0369,WH-North,4,1882.62,7530.48,Delivered,2026-05-15,2026,5,May,1
O04819,2025-08-25,P097,C0727,WH-South,13,7927.96,103063.48,Delivered,2025-09-02,2025,8,August,1
O04820,2025-08-25,P068,C0822,WH-East,13,7862.75,102215.75,Delivered,2025-08-30,2025,8,August,1
O04821,2025-08-07,P070,C0142,WH-North,7,2886.35,20204.45,Delivered,2025-08-11,2025,8,August,1
O04822,2026-05-02,P087,C0014,WH-South,7,6619.57,46336.99,Delivered,2026-05-08,2026,5,May,1
O04823,2026-04-06,P019,C0468,WH-West,11,6267.38,68941.18,Delivered,2026-04-09,2026,4,April,1
O04824,2025-05-24,P072,C0711,WH-South,5,7933.68,39668.4,Delivered,2025-05-29,2025,5,May,1
O04825,2025-07-08,P013,C0531,WH-South,12,359.86,4318.32,Delivered,2025-07-16,2025,7,July,1
O04826,2025-09-12,P065,C0410,WH-South,1,6932.91,6932.91,Delivered,2025-09-15,2025,9,September,1
O04827,2025-03-09,P006,C0827,WH-East,10,716.9,7169.0,Delivered,2025-03-16,2025,3,March,1
O04828,2025-12-02,P071,C0150,WH-North,4,4401.72,17606.88,Delivered,2025-12-08,2025,12,December,1
O04829,2026-02-13,P027,C0774,WH-North,7,3927.78,27494.46,Delivered,2026-02-17,2026,2,February,1
O04830,2025-10-27,P079,C0831,WH-South,14,8889.27,124449.78,Delivered,2025-11-02,2025,10,October,1
O04831,2025-12-23,P052,C0333,WH-West,5,2109.04,10545.2,Delivered,2025-12-31,2025,12,December,1
O04832,2025-09-13,P098,C0074,WH-West,2,2843.84,5687.68,Delivered,2025-09-17,2025,9,September,1
O04833,2025-12-19,P087,C0438,WH-North,14,6619.57,92673.98,Delivered,2025-12-28,2025,12,December,1
O04834,2026-06-05,P048,C0383,WH-West,8,8206.14,65649.12,Delivered,2026-06-13,2026,6,June,1
O04835,2026-06-08,P088,C0915,WH-South,2,7327.81,14655.62,Delivered,2026-06-13,2026,6,June,1
O04836,2025-10-11,P079,C0351,WH-North,11,8889.27,97781.97,Delivered,2025-10-17,2025,10,October,1
O04837,2025-11-08,P099,C0266,WH-North,8,1477.4,11819.2,Delivered,2025-11-13,2025,11,November,1
O04838,2025-04-09,P068,C0805,WH-West,13,7862.75,102215.75,Delivered,2025-04-12,2025,4,April,1
O04839,2025-07-16,P044,C0973,WH-North,11,3533.01,38863.11,Delivered,2025-07-26,2025,7,July,1
O04840,2026-04-27,P017,C0657,WH-East,2,8360.81,16721.62,Delivered,2026-04-29,2026,4,April,1
O04841,2025-08-14,P095,C0951,WH-South,11,5427.18,59698.98,Returned,2025-08-23,2025,8,August,0
O04842,2025-12-31,P038,C0645,WH-East,5,9847.32,49236.6,Delivered,2026-01-05,2025,12,December,1
O04843,2026-01-03,P010,C0405,WH-North,4,8992.72,35970.88,Delivered,2026-01-13,2026,1,January,1
O04844,2025-03-16,P054,C0886,WH-West,1,5559.97,5559.97,Delivered,2025-03-20,2025,3,March,1
O04845,2025-02-11,P091,C0423,WH-East,14,3806.53,53291.42,Delivered,2025-02-19,2025,2,February,1
O04846,2026-02-26,P006,C0660,WH-East,12,716.9,8602.8,Delivered,2026-03-02,2026,2,February,1
O04847,2025-06-30,P006,C0967,WH-East,8,716.9,5735.2,Delivered,2025-07-08,2025,6,June,1
O04848,2026-06-29,P052,C0911,WH-West,10,2109.04,21090.4,Delivered,2026-07-02,2026,6,June,1
O04849,2025-03-12,P015,C0079,WH-West,12,10925.43,131105.16,Delivered,2025-03-16,2025,3,March,1
O04850,2025-04-15,P068,C0309,WH-North,3,7862.75,23588.25,Delivered,2025-04-24,2025,4,April,1
O04851,2025-07-19,P057,C0727,WH-West,13,919.99,11959.87,Delivered,2025-07-27,2025,7,July,1
O04852,2025-04-11,P056,C0033,WH-East,4,888.53,3554.12,Delivered,2025-04-15,2025,4,April,1
O04853,2025-11-03,P007,C0890,WH-North,4,11389.37,45557.48,Delivered,2025-11-12,2025,11,November,1
O04854,2026-01-12,P051,C0428,WH-West,5,506.74,2533.7,Delivered,2026-01-22,2026,1,January,1
O04855,2026-02-03,P058,C0706,WH-South,3,3596.21,10788.63,Delivered,2026-02-06,2026,2,February,1
O04856,2025-08-09,P064,C0690,WH-West,9,9772.25,87950.25,Delivered,2025-08-12,2025,8,August,1
O04857,2025-07-01,P026,C0800,WH-West,4,8058.43,32233.72,Cancelled,Unknown,2025,7,July,0
O04858,2025-11-03,P058,C0335,WH-North,14,3596.21,50346.94,Delivered,2025-11-12,2025,11,November,1
O04859,2026-06-06,P031,C0455,WH-North,10,1882.62,18826.2,Delivered,2026-06-12,2026,6,June,1
O04860,2026-01-31,P066,C0713,WH-North,15,9296.31,139444.65,Delivered,2026-02-03,2026,1,January,1
O04861,2025-01-04,P092,C0951,WH-South,11,9918.59,109104.49,Delivered,2025-01-10,2025,1,January,1
O04862,2025-10-08,P013,C0412,WH-South,11,359.86,3958.46,Delivered,2025-10-12,2025,10,October,1
O04863,2025-08-03,P018,C0470,WH-West,4,6842.11,27368.44,Delivered,2025-08-13,2025,8,August,1
O04864,2026-02-24,P094,C0515,WH-West,6,9560.46,57362.76,Delivered,2026-02-27,2026,2,February,1
O04865,2025-04-11,P075,C0565,WH-North,15,4757.22,71358.3,Delivered,2025-04-21,2025,4,April,1
O04866,2026-06-05,P013,C0938,WH-North,8,359.86,2878.88,Delivered,2026-06-08,2026,6,June,1
O04867,2025-11-05,P024,C0770,WH-South,13,5645.0,73385.0,Delivered,2025-11-07,2025,11,November,1
O04868,2026-05-25,P057,C0121,WH-South,7,919.99,6439.93,Returned,2026-06-01,2026,5,May,0
O04869,2025-03-04,P029,C0150,WH-North,4,7630.58,30522.32,Delivered,2025-03-11,2025,3,March,1
O04870,2025-08-14,P056,C0153,WH-West,4,888.53,3554.12,Delivered,2025-08-19,2025,8,August,1
O04871,2025-04-15,P054,C0729,WH-South,5,5559.97,27799.85,Delivered,2025-04-18,2025,4,April,1
O04872,2026-03-01,P005,C0928,WH-North,10,5461.2,54612.0,Delivered,2026-03-05,2026,3,March,1
O04873,2025-09-12,P035,C0647,WH-North,5,10862.84,54314.2,Cancelled,Unknown,2025,9,September,0
O04874,2026-03-05,P019,C0256,WH-North,12,6267.38,75208.56,Delivered,2026-03-10,2026,3,March,1
O04875,2026-03-10,P055,C0574,WH-South,1,1487.11,1487.11,Delivered,2026-03-16,2026,3,March,1
O04876,2025-07-26,P077,C0799,WH-West,13,12073.98,156961.74,Delivered,2025-08-05,2025,7,July,1
O04877,2025-01-28,P069,C0063,WH-South,8,7876.01,63008.08,Delivered,2025-02-03,2025,1,January,1
O04878,2025-12-02,P044,C0293,WH-West,10,3533.01,35330.1,Delivered,2025-12-11,2025,12,December,1
O04879,2025-03-10,P078,C0068,WH-South,13,8749.35,113741.55,Processing,2025-03-13,2025,3,March,0
O04880,2026-05-28,P038,C0225,WH-North,5,9847.32,49236.6,Delivered,2026-06-04,2026,5,May,1
O04881,2025-06-16,P062,C0847,WH-North,3,11436.7,34310.1,Delivered,2025-06-23,2025,6,June,1
O04882,2026-01-03,P022,C0649,WH-East,3,9065.34,27196.02,Delivered,2026-01-09,2026,1,January,1
O04883,2025-09-08,P073,C0454,WH-North,4,5286.08,21144.32,Processing,2025-09-15,2025,9,September,0
O04884,2025-06-19,P040,C0558,WH-West,12,7396.64,88759.68,Delivered,2025-06-25,2025,6,June,1
O04885,2025-03-31,P026,C0607,WH-North,7,8058.43,56409.01,Delivered,2025-04-03,2025,3,March,1
O04886,2026-03-22,P005,C0290,WH-East,5,5461.2,27306.0,Delivered,2026-03-28,2026,3,March,1
O04887,2025-10-21,P093,C0876,WH-North,1,11181.17,11181.17,Delivered,2025-10-23,2025,10,October,1
O04888,2025-05-30,P054,C0247,WH-North,14,5559.97,77839.58,Delivered,2025-06-03,2025,5,May,1
O04889,2025-05-12,P086,C0316,WH-South,12,3132.13,37585.56,Delivered,2025-05-20,2025,5,May,1
O04890,2026-03-09,P049,C0998,WH-West,13,3014.05,39182.65,Returned,2026-03-14,2026,3,March,0
O04891,2025-02-28,P003,C0909,WH-East,5,8874.43,44372.15,Delivered,2025-03-09,2025,2,February,1
O04892,2025-07-18,P092,C0292,WH-South,14,9918.59,138860.26,Delivered,2025-07-22,2025,7,July,1
O04893,2025-08-03,P038,C0480,WH-East,5,9847.32,49236.6,Delivered,2025-08-11,2025,8,August,1
O04894,2026-04-17,P014,C0214,WH-North,6,8215.45,49292.7,Delivered,2026-04-20,2026,4,April,1
O04895,2025-09-04,P047,C0768,WH-East,14,9554.1,133757.4,Delivered,2025-09-13,2025,9,September,1
O04896,2026-01-17,P014,C0560,WH-South,7,8215.45,57508.15,Returned,2026-01-21,2026,1,January,0
O04897,2025-08-27,P075,C0605,WH-North,5,4757.22,23786.1,Delivered,2025-09-03,2025,8,August,1
O04898,2026-01-02,P073,C0971,WH-South,15,5286.08,79291.2,Delivered,2026-01-05,2026,1,January,1
O04899,2025-06-17,P038,C0518,WH-West,13,9847.32,128015.16,Delivered,2025-06-25,2025,6,June,1
O04900,2025-02-20,P064,C0901,WH-West,11,9772.25,107494.75,Processing,2025-02-25,2025,2,February,0
O04901,2026-01-15,P044,C0193,WH-West,14,3533.01,49462.14,Delivered,2026-01-22,2026,1,January,1
O04902,2026-04-19,P070,C0615,WH-East,2,2886.35,5772.7,Delivered,2026-04-22,2026,4,April,1
O04903,2025-03-21,P065,C0434,WH-West,14,6932.91,97060.74,Delivered,2025-03-25,2025,3,March,1
O04904,2026-01-02,P025,C0074,WH-East,2,2564.25,5128.5,Delivered,2026-01-06,2026,1,January,1
O04905,2026-04-06,P016,C0074,WH-East,13,6037.0,78481.0,Delivered,2026-04-11,2026,4,April,1
O04906,2026-06-23,P015,C0625,WH-South,4,10925.43,43701.72,Delivered,2026-06-25,2026,6,June,1
O04907,2026-03-28,P098,C0664,WH-North,1,2843.84,2843.84,Delivered,2026-04-04,2026,3,March,1
O04908,2026-04-09,P081,C0263,WH-North,7,8788.43,61519.01,Cancelled,Unknown,2026,4,April,0
O04909,2026-04-23,P003,C0086,WH-South,13,8874.43,115367.59,Delivered,2026-04-28,2026,4,April,1
O04910,2026-02-24,P067,C0058,WH-West,1,3626.7,3626.7,Delivered,2026-03-05,2026,2,February,1
O04911,2025-08-02,P037,C0661,WH-South,3,2141.55,6424.65,Returned,2025-08-08,2025,8,August,0
O04912,2026-01-04,P081,C0726,WH-South,10,8788.43,87884.3,Delivered,2026-01-09,2026,1,January,1
O04913,2025-04-24,P055,C0417,WH-North,7,1487.11,10409.77,Delivered,2025-05-02,2025,4,April,1
O04914,2026-05-18,P038,C0812,WH-East,11,9847.32,108320.52,Delivered,2026-05-27,2026,5,May,1
O04915,2025-11-07,P063,C0281,WH-South,12,6119.08,73428.96,Delivered,2025-11-10,2025,11,November,1
O04916,2026-04-14,P001,C0607,WH-South,12,2324.33,27891.96,Delivered,2026-04-16,2026,4,April,1
O04917,2025-02-13,P071,C0208,WH-East,6,4401.72,26410.32,Delivered,2025-02-20,2025,2,February,1
O04918,2026-02-19,P090,C0884,WH-North,15,2450.87,36763.05,Delivered,2026-02-22,2026,2,February,1
O04919,2025-09-03,P019,C0143,WH-West,15,6267.38,94010.7,Delivered,2025-09-12,2025,9,September,1
O04920,2025-03-25,P052,C0413,WH-South,7,2109.04,14763.28,Delivered,2025-03-31,2025,3,March,1
O04921,2025-07-26,P030,C0595,WH-West,5,6989.65,34948.25,Delivered,2025-07-29,2025,7,July,1
O04922,2025-05-31,P055,C0052,WH-West,8,1487.11,11896.88,Delivered,2025-06-06,2025,5,May,1
O04923,2026-06-12,P014,C0017,WH-South,6,8215.45,49292.7,Delivered,2026-06-15,2026,6,June,1
O04924,2025-06-14,P013,C0730,WH-West,12,359.86,4318.32,Delivered,2025-06-21,2025,6,June,1
O04925,2025-05-25,P084,C0740,WH-South,4,9567.6,38270.4,Delivered,2025-06-03,2025,5,May,1
O04926,2025-02-06,P090,C0804,WH-East,14,2450.87,34312.18,Delivered,2025-02-09,2025,2,February,1
O04927,2025-11-29,P027,C0419,WH-East,11,3927.78,43205.58,Delivered,2025-12-06,2025,11,November,1
O04928,2026-02-07,P089,C0424,WH-East,1,5210.42,5210.42,Cancelled,Unknown,2026,2,February,0
O04929,2026-02-18,P009,C0919,WH-East,2,6820.58,13641.16,Delivered,2026-02-20,2026,2,February,1
O04930,2025-02-14,P041,C0201,WH-North,12,10031.16,120373.92,Delivered,2025-02-24,2025,2,February,1
O04931,2026-02-06,P048,C0418,WH-East,6,8206.14,49236.84,Processing,2026-02-15,2026,2,February,0
O04932,2025-07-25,P012,C0442,WH-South,4,3219.93,12879.72,Cancelled,Unknown,2025,7,July,0
O04933,2025-03-03,P010,C0502,WH-South,3,8992.72,26978.16,Delivered,2025-03-11,2025,3,March,1
O04934,2026-02-24,P006,C0082,WH-South,7,716.9,5018.3,Delivered,2026-03-01,2026,2,February,1
O04935,2026-04-13,P034,C0640,WH-West,7,7873.1,55111.7,Processing,2026-04-22,2026,4,April,0
O04936,2025-01-19,P052,C0080,WH-South,2,2109.04,4218.08,Delivered,2025-01-22,2025,1,January,1
O04937,2025-12-31,P041,C0189,WH-North,8,10031.16,80249.28,Delivered,2026-01-03,2025,12,December,1
O04938,2025-10-27,P083,C0480,WH-North,15,1377.9,20668.5,Delivered,2025-10-31,2025,10,October,1
O04939,2025-01-07,P006,C0156,WH-North,15,716.9,10753.5,Delivered,2025-01-12,2025,1,January,1
O04940,2026-03-04,P002,C0828,WH-North,11,9662.88,106291.68,Delivered,2026-03-11,2026,3,March,1
O04941,2025-04-27,P015,C0160,WH-North,1,10925.43,10925.43,Delivered,2025-05-03,2025,4,April,1
O04942,2026-05-22,P017,C0754,WH-North,11,8360.81,91968.91,Delivered,2026-05-30,2026,5,May,1
O04943,2026-06-30,P016,C0826,WH-East,10,6037.0,60370.0,Delivered,2026-07-07,2026,6,June,1
O04944,2025-11-21,P028,C0594,WH-North,7,1732.59,12128.13,Delivered,2025-11-26,2025,11,November,1
O04945,2025-02-24,P085,C0044,WH-West,10,1090.03,10900.3,Processing,2025-03-06,2025,2,February,0
O04946,2025-02-11,P072,C0162,WH-North,12,7933.68,95204.16,Delivered,2025-02-19,2025,2,February,1
O04947,2025-10-24,P010,C0733,WH-South,1,8992.72,8992.72,Delivered,2025-10-26,2025,10,October,1
O04948,2025-08-19,P010,C0661,WH-South,13,8992.72,116905.36,Delivered,2025-08-28,2025,8,August,1
O04949,2026-03-29,P010,C0636,WH-West,12,8992.72,107912.64,Delivered,2026-04-03,2026,3,March,1
O04950,2026-01-29,P073,C0510,WH-North,15,5286.08,79291.2,Delivered,2026-02-06,2026,1,January,1
O04951,2026-06-06,P028,C0513,WH-East,14,1732.59,24256.26,Delivered,2026-06-09,2026,6,June,1
O04952,2025-12-24,P024,C0695,WH-East,3,5645.0,16935.0,Delivered,2025-12-28,2025,12,December,1
O04953,2026-03-20,P019,C0208,WH-East,3,6267.38,18802.14,Delivered,2026-03-22,2026,3,March,1
O04954,2025-05-08,P097,C0945,WH-East,10,7927.96,79279.6,Cancelled,Unknown,2025,5,May,0
O04955,2026-02-09,P068,C0097,WH-North,14,7862.75,110078.5,Delivered,2026-02-15,2026,2,February,1
O04956,2026-01-27,P056,C0021,WH-West,2,888.53,1777.06,Delivered,2026-01-30,2026,1,January,1
O04957,2025-07-12,P067,C0355,WH-East,14,3626.7,50773.8,Delivered,2025-07-19,2025,7,July,1
O04958,2025-03-19,P042,C0951,WH-North,10,4932.36,49323.6,Delivered,2025-03-26,2025,3,March,1
O04959,2025-03-26,P012,C0505,WH-North,13,3219.93,41859.09,Delivered,2025-04-02,2025,3,March,1
O04960,2025-01-30,P018,C0923,WH-North,5,6842.11,34210.55,Delivered,2025-02-03,2025,1,January,1
O04961,2025-02-18,P023,C0404,WH-North,4,2561.5,10246.0,Delivered,2025-02-22,2025,2,February,1
O04962,2025-05-25,P084,C0223,WH-North,13,9567.6,124378.8,Cancelled,Unknown,2025,5,May,0
O04963,2025-03-10,P006,C0400,WH-South,6,716.9,4301.4,Delivered,2025-03-15,2025,3,March,1
O04964,2025-02-27,P053,C0462,WH-North,2,8550.49,17100.98,Delivered,2025-03-06,2025,2,February,1
O04965,2026-04-24,P098,C0560,WH-North,14,2843.84,39813.76,Returned,2026-05-03,2026,4,April,0
O04966,2026-03-21,P042,C0032,WH-North,4,4932.36,19729.44,Delivered,2026-03-25,2026,3,March,1
O04967,2025-10-23,P066,C0489,WH-South,12,9296.31,111555.72,Delivered,2025-11-02,2025,10,October,1
O04968,2025-06-20,P030,C0288,WH-South,7,6989.65,48927.55,Delivered,2025-06-30,2025,6,June,1
O04969,2025-05-27,P009,C0437,WH-West,1,6820.58,6820.58,Delivered,2025-05-31,2025,5,May,1
O04970,2026-04-29,P091,C0380,WH-West,13,3806.53,49484.89,Delivered,2026-05-06,2026,4,April,1
O04971,2025-11-02,P042,C0437,WH-North,11,4932.36,54255.96,Delivered,2025-11-08,2025,11,November,1
O04972,2026-03-22,P034,C0130,WH-East,3,7873.1,23619.3,Delivered,2026-03-27,2026,3,March,1
O04973,2025-08-09,P040,C0441,WH-North,1,7396.64,7396.64,Delivered,2025-08-18,2025,8,August,1
O04974,2026-01-13,P088,C0493,WH-West,2,7327.81,14655.62,Delivered,2026-01-23,2026,1,January,1
O04975,2025-09-23,P017,C0790,WH-East,9,8360.81,75247.29,Returned,2025-10-03,2025,9,September,0
O04976,2025-04-05,P029,C0997,WH-East,10,7630.58,76305.8,Delivered,2025-04-11,2025,4,April,1
O04977,2025-09-19,P100,C0245,WH-West,5,6160.6,30803.0,Delivered,2025-09-25,2025,9,September,1
O04978,2025-03-12,P050,C0052,WH-North,13,1973.84,25659.92,Delivered,2025-03-16,2025,3,March,1
O04979,2025-08-07,P076,C0721,WH-West,4,2781.69,11126.76,Delivered,2025-08-17,2025,8,August,1
O04980,2026-06-17,P095,C0864,WH-East,12,5427.18,65126.16,Delivered,2026-06-19,2026,6,June,1
O04981,2025-04-02,P049,C0230,WH-South,4,3014.05,12056.2,Delivered,2025-04-06,2025,4,April,1
O04982,2025-05-07,P073,C0465,WH-North,8,5286.08,42288.64,Delivered,2025-05-15,2025,5,May,1
O04983,2025-03-21,P061,C0186,WH-West,12,9046.33,108555.96,Delivered,2025-03-29,2025,3,March,1
O04984,2025-08-26,P083,C0162,WH-West,3,1377.9,4133.7,Returned,2025-09-01,2025,8,August,0
O04985,2026-01-07,P046,C0199,WH-West,15,2032.34,30485.1,Delivered,2026-01-14,2026,1,January,1
O04986,2026-05-01,P046,C0989,WH-South,12,2032.34,24388.08,Delivered,2026-05-06,2026,5,May,1
O04987,2025-01-25,P017,C0401,WH-South,12,8360.81,100329.72,Delivered,2025-02-03,2025,1,January,1
O04988,2025-06-05,P066,C0472,WH-North,4,9296.31,37185.24,Delivered,2025-06-10,2025,6,June,1
O04989,2026-06-01,P005,C0456,WH-North,2,5461.2,10922.4,Delivered,2026-06-08,2026,6,June,1
O04990,2026-06-14,P054,C0791,WH-North,6,5559.97,33359.82,Delivered,2026-06-20,2026,6,June,1
O04991,2025-02-26,P016,C0545,WH-West,12,6037.0,72444.0,Delivered,2025-03-05,2025,2,February,1
O04992,2025-01-19,P081,C0413,WH-South,9,8788.43,79095.87,Delivered,2025-01-23,2025,1,January,1
O04993,2026-01-19,P091,C0531,WH-North,12,3806.53,45678.36,Returned,2026-01-23,2026,1,January,0
O04994,2025-07-12,P007,C0121,WH-South,4,11389.37,45557.48,Delivered,2025-07-20,2025,7,July,1
O04995,2025-08-25,P008,C0069,WH-East,11,7685.98,84545.78,Returned,2025-08-27,2025,8,August,0
O04996,2026-01-22,P072,C0293,WH-North,6,7933.68,47602.08,Delivered,2026-01-24,2026,1,January,1
O04997,2026-03-02,P087,C0727,WH-South,4,6619.57,26478.28,Delivered,2026-03-04,2026,3,March,1
O04998,2025-10-04,P096,C0635,WH-North,14,6299.54,88193.56,Delivered,2025-10-11,2025,10,October,1
O04999,2025-08-15,P082,C0410,WH-South,2,7665.58,15331.16,Delivered,2025-08-20,2025,8,August,1
O05000,2025-11-19,P038,C0280,WH-South,13,9847.32,128015.16,Delivered,2025-11-26,2025,11,November,1
O05001,2025-06-02,P054,C0566,WH-West,14,5559.97,77839.58,Delivered,2025-06-04,2025,6,June,1
O05002,2025-08-25,P076,C0533,WH-East,6,2781.69,16690.14,Delivered,2025-08-30,2025,8,August,1
O05003,2025-02-24,P015,C0609,WH-North,12,10925.43,131105.16,Delivered,2025-03-01,2025,2,February,1
O05004,2026-03-12,P092,C0858,WH-South,7,9918.59,69430.13,Delivered,2026-03-15,2026,3,March,1
O05005,2025-04-19,P050,C0650,WH-North,4,1973.84,7895.36,Delivered,2025-04-21,2025,4,April,1
O05006,2025-07-03,P056,C0554,WH-South,12,888.53,10662.36,Delivered,2025-07-12,2025,7,July,1
O05007,2026-01-03,P095,C0925,WH-East,11,5427.18,59698.98,Delivered,2026-01-10,2026,1,January,1
O05008,2025-07-17,P009,C0953,WH-South,7,6820.58,47744.06,Delivered,2025-07-22,2025,7,July,1
O05009,2026-01-06,P008,C0758,WH-South,13,7685.98,99917.74,Delivered,2026-01-09,2026,1,January,1
O05010,2026-01-08,P019,C0419,WH-North,11,6267.38,68941.18,Delivered,2026-01-14,2026,1,January,1
O05011,2026-05-12,P051,C0028,WH-East,8,506.74,4053.92,Delivered,2026-05-22,2026,5,May,1
O05012,2025-07-20,P072,C0396,WH-South,11,7933.68,87270.48,Delivered,2025-07-28,2025,7,July,1
O05013,2026-05-24,P098,C0570,WH-North,3,2843.84,8531.52,Delivered,2026-05-29,2026,5,May,1
O05014,2025-11-18,P057,C0639,WH-South,15,919.99,13799.85,Delivered,2025-11-24,2025,11,November,1
O05015,2025-10-02,P068,C0428,WH-North,2,7862.75,15725.5,Processing,2025-10-11,2025,10,October,0
O05016,2025-07-30,P031,C0775,WH-East,5,1882.62,9413.1,Delivered,2025-08-05,2025,7,July,1
O05017,2026-05-19,P003,C0144,WH-West,2,8874.43,17748.86,Delivered,2026-05-26,2026,5,May,1
O05018,2025-04-28,P099,C0980,WH-East,10,1477.4,14774.0,Delivered,2025-05-05,2025,4,April,1
O05019,2025-02-11,P083,C0093,WH-North,5,1377.9,6889.5,Delivered,2025-02-20,2025,2,February,1
O05020,2025-11-11,P043,C0035,WH-East,10,7218.47,72184.7,Delivered,2025-11-17,2025,11,November,1
O05021,2025-11-25,P029,C0604,WH-North,15,7630.58,114458.7,Delivered,2025-11-27,2025,11,November,1
O05022,2025-01-17,P010,C0775,WH-North,13,8992.72,116905.36,Delivered,2025-01-22,2025,1,January,1
O05023,2025-10-10,P012,C0470,WH-East,6,3219.93,19319.58,Delivered,2025-10-14,2025,10,October,1
O05024,2025-09-15,P046,C0526,WH-West,8,2032.34,16258.72,Delivered,2025-09-18,2025,9,September,1
O05025,2025-01-19,P030,C0315,WH-East,6,6989.65,41937.9,Delivered,2025-01-27,2025,1,January,1
O05026,2026-06-13,P094,C0484,WH-North,4,9560.46,38241.84,Delivered,2026-06-21,2026,6,June,1
O05027,2026-02-27,P082,C0830,WH-West,3,7665.58,22996.74,Delivered,2026-03-08,2026,2,February,1
O05028,2026-04-11,P088,C0714,WH-North,14,7327.81,102589.34,Delivered,2026-04-17,2026,4,April,1
O05029,2026-01-08,P032,C0376,WH-West,14,8387.44,117424.16,Delivered,2026-01-10,2026,1,January,1
O05030,2025-03-22,P073,C0834,WH-East,2,5286.08,10572.16,Returned,2025-03-29,2025,3,March,0
O05031,2026-02-28,P047,C0790,WH-East,13,9554.1,124203.3,Delivered,2026-03-07,2026,2,February,1
O05032,2026-03-05,P088,C0656,WH-North,1,7327.81,7327.81,Delivered,2026-03-14,2026,3,March,1
O05033,2026-01-23,P063,C0867,WH-West,2,6119.08,12238.16,Delivered,2026-01-26,2026,1,January,1
O05034,2025-07-23,P026,C0488,WH-North,2,8058.43,16116.86,Delivered,2025-08-02,2025,7,July,1
O05035,2025-07-15,P003,C0496,WH-West,15,8874.43,133116.45,Delivered,2025-07-22,2025,7,July,1
O05036,2025-10-12,P023,C0971,WH-North,5,2561.5,12807.5,Delivered,2025-10-14,2025,10,October,1
O05037,2025-07-15,P075,C0376,WH-East,9,4757.22,42814.98,Delivered,2025-07-25,2025,7,July,1
O05038,2025-11-03,P074,C0491,WH-South,1,8610.83,8610.83,Delivered,2025-11-12,2025,11,November,1
O05039,2025-01-14,P050,C0299,WH-North,4,1973.84,7895.36,Delivered,2025-01-16,2025,1,January,1
O05040,2025-05-26,P036,C0353,WH-South,10,9014.91,90149.1,Delivered,2025-06-04,2025,5,May,1
O05041,2025-02-26,P013,C0354,WH-East,7,359.86,2519.02,Delivered,2025-03-06,2025,2,February,1
O05042,2025-07-29,P029,C0884,WH-South,11,7630.58,83936.38,Delivered,2025-08-04,2025,7,July,1
O05043,2026-06-13,P038,C0481,WH-West,14,9847.32,137862.48,Delivered,2026-06-20,2026,6,June,1
O05044,2025-12-10,P077,C0979,WH-South,10,12073.98,120739.8,Delivered,2025-12-15,2025,12,December,1
O05045,2025-10-06,P090,C0404,WH-North,3,2450.87,7352.61,Delivered,2025-10-16,2025,10,October,1
O05046,2025-07-28,P084,C0394,WH-South,8,9567.6,76540.8,Delivered,2025-08-07,2025,7,July,1
O05047,2025-12-01,P005,C0403,WH-West,3,5461.2,16383.6,Delivered,2025-12-03,2025,12,December,1
O05048,2025-10-15,P020,C0757,WH-East,8,2297.9,18383.2,Delivered,2025-10-25,2025,10,October,1
O05049,2025-09-09,P078,C0491,WH-West,13,8749.35,113741.55,Delivered,2025-09-13,2025,9,September,1
O05050,2025-09-22,P014,C0524,WH-North,2,8215.45,16430.9,Delivered,2025-09-25,2025,9,September,1
O05051,2025-09-28,P008,C0394,WH-West,5,7685.98,38429.9,Cancelled,Unknown,2025,9,September,0
O05052,2026-02-23,P048,C0583,WH-South,4,8206.14,32824.56,Delivered,2026-02-28,2026,2,February,1
O05053,2025-07-30,P013,C0696,WH-South,11,359.86,3958.46,Processing,2025-08-09,2025,7,July,0
O05054,2025-12-31,P024,C0104,WH-West,9,5645.0,50805.0,Delivered,2026-01-05,2025,12,December,1
O05055,2025-03-17,P079,C0011,WH-South,3,8889.27,26667.81,Delivered,2025-03-23,2025,3,March,1
O05056,2025-11-17,P065,C0720,WH-South,12,6932.91,83194.92,Delivered,2025-11-24,2025,11,November,1
O05057,2026-03-09,P086,C0225,WH-North,11,3132.13,34453.43,Cancelled,Unknown,2026,3,March,0
O05058,2025-04-19,P034,C0317,WH-North,5,7873.1,39365.5,Delivered,2025-04-21,2025,4,April,1
O05059,2026-06-06,P051,C0894,WH-North,10,506.74,5067.4,Returned,2026-06-09,2026,6,June,0
O05060,2025-02-16,P003,C0422,WH-East,9,8874.43,79869.87,Delivered,2025-02-20,2025,2,February,1
O05061,2026-01-14,P090,C0273,WH-East,13,2450.87,31861.31,Delivered,2026-01-19,2026,1,January,1
O05062,2025-04-06,P078,C0054,WH-North,6,8749.35,52496.1,Returned,2025-04-12,2025,4,April,0
O05063,2025-04-13,P058,C0173,WH-West,2,3596.21,7192.42,Returned,2025-04-17,2025,4,April,0
O05064,2025-05-26,P072,C0247,WH-West,1,7933.68,7933.68,Delivered,2025-05-28,2025,5,May,1
O05065,2025-01-27,P055,C0665,WH-West,12,1487.11,17845.32,Cancelled,Unknown,2025,1,January,0
O05066,2026-06-14,P080,C0618,WH-North,11,6733.38,74067.18,Delivered,2026-06-23,2026,6,June,1
O05067,2025-03-23,P042,C0159,WH-East,1,4932.36,4932.36,Cancelled,Unknown,2025,3,March,0
O05068,2026-03-04,P021,C0106,WH-South,7,2945.59,20619.13,Cancelled,Unknown,2026,3,March,0
O05069,2026-04-24,P010,C0705,WH-West,14,8992.72,125898.08,Processing,2026-04-29,2026,4,April,0
O05070,2025-06-11,P057,C0295,WH-North,12,919.99,11039.88,Processing,2025-06-15,2025,6,June,0
O05071,2026-02-06,P025,C0276,WH-North,2,2564.25,5128.5,Delivered,2026-02-14,2026,2,February,1
O05072,2026-05-23,P056,C0585,WH-South,7,888.53,6219.71,Delivered,2026-05-30,2026,5,May,1
O05073,2025-02-07,P038,C0043,WH-East,1,9847.32,9847.32,Delivered,2025-02-09,2025,2,February,1
O05074,2026-05-26,P086,C0884,WH-East,4,3132.13,12528.52,Delivered,2026-06-05,2026,5,May,1
O05075,2026-01-28,P061,C0194,WH-North,10,9046.33,90463.3,Delivered,2026-01-31,2026,1,January,1
O05076,2026-05-09,P047,C0641,WH-South,15,9554.1,143311.5,Delivered,2026-05-13,2026,5,May,1
O05077,2025-07-19,P054,C0311,WH-East,15,5559.97,83399.55,Delivered,2025-07-25,2025,7,July,1
O05078,2025-09-12,P046,C0620,WH-South,13,2032.34,26420.42,Delivered,2025-09-16,2025,9,September,1
O05079,2025-06-28,P068,C0103,WH-South,11,7862.75,86490.25,Delivered,2025-07-02,2025,6,June,1
O05080,2026-01-24,P004,C0947,WH-North,4,5647.39,22589.56,Delivered,2026-02-02,2026,1,January,1
O05081,2026-02-02,P094,C0645,WH-South,15,9560.46,143406.9,Delivered,2026-02-07,2026,2,February,1
O05082,2025-06-07,P066,C0250,WH-South,5,9296.31,46481.55,Delivered,2025-06-10,2025,6,June,1
O05083,2025-01-04,P093,C0396,WH-South,14,11181.17,156536.38,Delivered,2025-01-10,2025,1,January,1
O05084,2025-06-16,P043,C0782,WH-West,14,7218.47,101058.58,Delivered,2025-06-19,2025,6,June,1
O05085,2026-04-13,P062,C0956,WH-South,10,11436.7,114367.0,Delivered,2026-04-22,2026,4,April,1
O05086,2026-02-13,P100,C0615,WH-South,15,6160.6,92409.0,Delivered,2026-02-17,2026,2,February,1
O05087,2026-02-16,P085,C0992,WH-North,15,1090.03,16350.45,Delivered,2026-02-19,2026,2,February,1
O05088,2025-07-23,P085,C0296,WH-East,1,1090.03,1090.03,Delivered,2025-07-27,2025,7,July,1
O05089,2025-07-13,P085,C0238,WH-East,7,1090.03,7630.21,Delivered,2025-07-17,2025,7,July,1
O05090,2025-08-23,P004,C0620,WH-South,11,5647.39,62121.29,Delivered,2025-08-25,2025,8,August,1
O05091,2025-05-30,P065,C0649,WH-North,2,6932.91,13865.82,Delivered,2025-06-03,2025,5,May,1
O05092,2025-06-08,P062,C0938,WH-North,12,11436.7,137240.4,Delivered,2025-06-12,2025,6,June,1
O05093,2025-10-06,P090,C0810,WH-South,15,2450.87,36763.05,Delivered,2025-10-11,2025,10,October,1
O05094,2026-02-08,P002,C0289,WH-South,11,9662.88,106291.68,Delivered,2026-02-17,2026,2,February,1
O05095,2025-11-07,P009,C0537,WH-East,15,6820.58,102308.7,Delivered,2025-11-17,2025,11,November,1
O05096,2025-03-09,P057,C0630,WH-East,13,919.99,11959.87,Delivered,2025-03-11,2025,3,March,1
O05097,2026-04-08,P045,C0742,WH-East,11,11503.77,126541.47,Delivered,2026-04-10,2026,4,April,1
O05098,2025-03-29,P018,C0846,WH-South,13,6842.11,88947.43,Delivered,2025-04-05,2025,3,March,1
O05099,2025-08-05,P048,C0256,WH-East,2,8206.14,16412.28,Delivered,2025-08-07,2025,8,August,1
O05100,2025-01-01,P042,C0521,WH-North,8,4932.36,39458.88,Delivered,2025-01-07,2025,1,January,1
O05101,2025-05-15,P041,C0119,WH-West,15,10031.16,150467.4,Delivered,2025-05-17,2025,5,May,1
O05102,2025-12-17,P075,C0119,WH-West,9,4757.22,42814.98,Delivered,2025-12-26,2025,12,December,1
O05103,2025-05-20,P089,C0091,WH-West,6,5210.42,31262.52,Delivered,2025-05-26,2025,5,May,1
O05104,2025-05-13,P090,C0172,WH-North,11,2450.87,26959.57,Delivered,2025-05-20,2025,5,May,1
O05105,2025-06-27,P058,C0723,WH-West,1,3596.21,3596.21,Delivered,2025-07-02,2025,6,June,1
O05106,2025-12-24,P100,C0826,WH-South,1,6160.6,6160.6,Delivered,2026-01-02,2025,12,December,1
O05107,2026-01-15,P042,C0921,WH-South,14,4932.36,69053.04,Delivered,2026-01-25,2026,1,January,1
O05108,2026-03-26,P035,C0116,WH-West,11,10862.84,119491.24,Processing,2026-04-05,2026,3,March,0
O05109,2026-04-08,P038,C0800,WH-West,7,9847.32,68931.24,Delivered,2026-04-10,2026,4,April,1
O05110,2025-04-18,P067,C0534,WH-East,8,3626.7,29013.6,Processing,2025-04-26,2025,4,April,0
O05111,2025-05-02,P041,C0349,WH-North,3,10031.16,30093.48,Processing,2025-05-07,2025,5,May,0
O05112,2025-01-17,P099,C0567,WH-East,9,1477.4,13296.6,Delivered,2025-01-26,2025,1,January,1
O05113,2025-07-15,P050,C0476,WH-North,4,1973.84,7895.36,Delivered,2025-07-23,2025,7,July,1
O05114,2025-11-23,P086,C0445,WH-East,4,3132.13,12528.52,Delivered,2025-11-25,2025,11,November,1
O05115,2025-11-14,P072,C0108,WH-South,3,7933.68,23801.04,Returned,2025-11-16,2025,11,November,0
O05116,2026-04-24,P079,C0953,WH-North,8,8889.27,71114.16,Delivered,2026-04-26,2026,4,April,1
O05117,2025-09-09,P045,C0589,WH-West,9,11503.77,103533.93,Returned,2025-09-12,2025,9,September,0
O05118,2026-05-18,P071,C0573,WH-North,1,4401.72,4401.72,Delivered,2026-05-21,2026,5,May,1
O05119,2025-04-29,P019,C0122,WH-North,2,6267.38,12534.76,Processing,2025-05-09,2025,4,April,0
O05120,2026-05-13,P017,C0604,WH-East,1,8360.81,8360.81,Delivered,2026-05-19,2026,5,May,1
O05121,2026-05-01,P065,C0835,WH-West,14,6932.91,97060.74,Processing,2026-05-03,2026,5,May,0
O05122,2025-02-14,P093,C0222,WH-East,4,11181.17,44724.68,Delivered,2025-02-22,2025,2,February,1
O05123,2025-11-10,P077,C0459,WH-West,10,12073.98,120739.8,Delivered,2025-11-13,2025,11,November,1
O05124,2025-06-28,P056,C0642,WH-East,7,888.53,6219.71,Delivered,2025-07-02,2025,6,June,1
O05125,2026-02-22,P093,C0498,WH-West,14,11181.17,156536.38,Delivered,2026-02-27,2026,2,February,1
O05126,2025-03-19,P041,C0370,WH-North,7,10031.16,70218.12,Delivered,2025-03-23,2025,3,March,1
O05127,2025-11-22,P042,C0953,WH-South,12,4932.36,59188.32,Delivered,2025-11-26,2025,11,November,1
O05128,2025-12-23,P006,C0760,WH-West,6,716.9,4301.4,Delivered,2026-01-02,2025,12,December,1
O05129,2026-02-20,P069,C0121,WH-East,13,7876.01,102388.13,Delivered,2026-02-25,2026,2,February,1
O05130,2026-05-30,P098,C0201,WH-North,11,2843.84,31282.24,Delivered,2026-06-08,2026,5,May,1
O05131,2025-08-02,P075,C0161,WH-East,5,4757.22,23786.1,Delivered,2025-08-04,2025,8,August,1
O05132,2025-03-15,P073,C0762,WH-North,11,5286.08,58146.88,Delivered,2025-03-22,2025,3,March,1
O05133,2026-05-24,P040,C0218,WH-North,4,7396.64,29586.56,Delivered,2026-05-26,2026,5,May,1
O05134,2025-11-28,P041,C0575,WH-West,12,10031.16,120373.92,Delivered,2025-12-04,2025,11,November,1
O05135,2025-04-03,P009,C0400,WH-East,13,6820.58,88667.54,Delivered,2025-04-11,2025,4,April,1
O05136,2026-06-03,P008,C0729,WH-North,14,7685.98,107603.72,Processing,2026-06-05,2026,6,June,0
O05137,2025-09-26,P044,C0385,WH-East,8,3533.01,28264.08,Delivered,2025-10-06,2025,9,September,1
O05138,2026-01-11,P058,C0853,WH-North,7,3596.21,25173.47,Delivered,2026-01-21,2026,1,January,1
O05139,2025-01-04,P067,C0064,WH-West,11,3626.7,39893.7,Delivered,2025-01-11,2025,1,January,1
O05140,2025-05-18,P013,C0212,WH-South,11,359.86,3958.46,Delivered,2025-05-21,2025,5,May,1
O05141,2025-08-19,P019,C0632,WH-South,10,6267.38,62673.8,Delivered,2025-08-22,2025,8,August,1
O05142,2026-06-13,P098,C0069,WH-South,1,2843.84,2843.84,Delivered,2026-06-23,2026,6,June,1
O05143,2025-02-21,P096,C0124,WH-South,6,6299.54,37797.24,Delivered,2025-02-26,2025,2,February,1
O05144,2025-11-21,P049,C0377,WH-West,14,3014.05,42196.7,Delivered,2025-11-28,2025,11,November,1
O05145,2025-10-04,P080,C0657,WH-West,2,6733.38,13466.76,Delivered,2025-10-07,2025,10,October,1
O05146,2026-06-20,P100,C0296,WH-West,4,6160.6,24642.4,Cancelled,Unknown,2026,6,June,0
O05147,2026-05-01,P082,C0358,WH-East,5,7665.58,38327.9,Delivered,2026-05-04,2026,5,May,1
O05148,2026-05-31,P078,C0641,WH-North,8,8749.35,69994.8,Processing,2026-06-04,2026,5,May,0
O05149,2025-06-01,P030,C0525,WH-North,6,6989.65,41937.9,Delivered,2025-06-04,2025,6,June,1
O05150,2026-04-28,P066,C0786,WH-South,11,9296.31,102259.41,Delivered,2026-05-07,2026,4,April,1
O05151,2025-09-16,P077,C0068,WH-South,2,12073.98,24147.96,Delivered,2025-09-22,2025,9,September,1
O05152,2025-11-20,P091,C0879,WH-North,5,3806.53,19032.65,Delivered,2025-11-26,2025,11,November,1
O05153,2025-06-17,P059,C0270,WH-North,15,722.03,10830.45,Delivered,2025-06-26,2025,6,June,1
O05154,2025-11-06,P053,C0133,WH-North,5,8550.49,42752.45,Delivered,2025-11-15,2025,11,November,1
O05155,2026-04-24,P052,C0062,WH-West,6,2109.04,12654.24,Delivered,2026-05-02,2026,4,April,1
O05156,2025-02-25,P081,C0161,WH-West,1,8788.43,8788.43,Delivered,2025-03-03,2025,2,February,1
O05157,2026-04-18,P031,C0026,WH-West,8,1882.62,15060.96,Delivered,2026-04-26,2026,4,April,1
O05158,2025-10-23,P015,C0759,WH-South,3,10925.43,32776.29,Delivered,2025-10-25,2025,10,October,1
O05159,2026-04-06,P020,C0701,WH-West,5,2297.9,11489.5,Returned,2026-04-10,2026,4,April,0
O05160,2025-11-20,P005,C0964,WH-North,7,5461.2,38228.4,Delivered,2025-11-24,2025,11,November,1
O05161,2025-05-21,P007,C0286,WH-South,3,11389.37,34168.11,Delivered,2025-05-24,2025,5,May,1
O05162,2025-09-19,P018,C0446,WH-South,14,6842.11,95789.54,Delivered,2025-09-26,2025,9,September,1
O05163,2026-02-24,P056,C0830,WH-West,10,888.53,8885.3,Delivered,2026-02-28,2026,2,February,1
O05164,2025-08-29,P075,C0849,WH-South,15,4757.22,71358.3,Delivered,2025-09-03,2025,8,August,1
O05165,2025-12-21,P096,C0732,WH-North,13,6299.54,81894.02,Delivered,2025-12-25,2025,12,December,1
O05166,2025-06-29,P091,C0838,WH-South,15,3806.53,57097.95,Delivered,2025-07-07,2025,6,June,1
O05167,2025-03-07,P090,C0953,WH-East,6,2450.87,14705.22,Delivered,2025-03-12,2025,3,March,1
O05168,2025-12-14,P045,C0249,WH-North,5,11503.77,57518.85,Delivered,2025-12-20,2025,12,December,1
O05169,2025-06-20,P028,C0091,WH-North,7,1732.59,12128.13,Delivered,2025-06-28,2025,6,June,1
O05170,2026-04-19,P050,C0036,WH-West,10,1973.84,19738.4,Delivered,2026-04-24,2026,4,April,1
O05171,2026-06-18,P002,C0007,WH-North,15,9662.88,144943.2,Delivered,2026-06-25,2026,6,June,1
O05172,2026-01-02,P084,C0506,WH-North,11,9567.6,105243.6,Delivered,2026-01-12,2026,1,January,1
O05173,2025-04-17,P068,C0321,WH-South,3,7862.75,23588.25,Delivered,2025-04-24,2025,4,April,1
O05174,2026-03-15,P077,C0202,WH-East,13,12073.98,156961.74,Delivered,2026-03-21,2026,3,March,1
O05175,2025-08-15,P024,C0845,WH-South,14,5645.0,79030.0,Cancelled,Unknown,2025,8,August,0
O05176,2026-03-20,P048,C0553,WH-East,2,8206.14,16412.28,Cancelled,Unknown,2026,3,March,0
O05177,2026-03-18,P045,C0544,WH-North,4,11503.77,46015.08,Delivered,2026-03-24,2026,3,March,1
O05178,2026-01-31,P093,C0654,WH-South,3,11181.17,33543.51,Delivered,2026-02-06,2026,1,January,1
O05179,2025-03-25,P058,C0256,WH-South,15,3596.21,53943.15,Delivered,2025-03-29,2025,3,March,1
O05180,2025-01-13,P036,C0161,WH-West,4,9014.91,36059.64,Delivered,2025-01-16,2025,1,January,1
O05181,2026-05-08,P002,C0030,WH-South,7,9662.88,67640.16,Delivered,2026-05-10,2026,5,May,1
O05182,2025-09-25,P018,C0457,WH-East,5,6842.11,34210.55,Delivered,2025-10-05,2025,9,September,1
O05183,2026-06-09,P049,C0262,WH-East,4,3014.05,12056.2,Delivered,2026-06-15,2026,6,June,1
O05184,2025-04-30,P008,C0010,WH-North,14,7685.98,107603.72,Delivered,2025-05-05,2025,4,April,1
O05185,2025-12-19,P058,C0715,WH-West,15,3596.21,53943.15,Delivered,2025-12-27,2025,12,December,1
O05186,2025-02-26,P015,C0359,WH-West,6,10925.43,65552.58,Delivered,2025-03-03,2025,2,February,1
O05187,2025-02-09,P017,C0276,WH-South,7,8360.81,58525.67,Delivered,2025-02-12,2025,2,February,1
O05188,2025-12-02,P023,C0857,WH-North,12,2561.5,30738.0,Delivered,2025-12-12,2025,12,December,1
O05189,2025-06-22,P066,C0124,WH-East,14,9296.31,130148.34,Delivered,2025-07-01,2025,6,June,1
O05190,2025-09-16,P070,C0630,WH-West,11,2886.35,31749.85,Delivered,2025-09-21,2025,9,September,1
O05191,2026-06-01,P093,C0268,WH-North,5,11181.17,55905.85,Delivered,2026-06-10,2026,6,June,1
O05192,2026-06-07,P027,C0278,WH-South,12,3927.78,47133.36,Delivered,2026-06-17,2026,6,June,1
O05193,2025-04-27,P037,C0076,WH-West,7,2141.55,14990.85,Delivered,2025-04-30,2025,4,April,1
O05194,2025-07-03,P049,C0526,WH-South,3,3014.05,9042.15,Delivered,2025-07-08,2025,7,July,1
O05195,2025-04-26,P064,C0618,WH-East,7,9772.25,68405.75,Processing,2025-05-03,2025,4,April,0
O05196,2025-06-11,P034,C0176,WH-East,12,7873.1,94477.2,Delivered,2025-06-19,2025,6,June,1
O05197,2026-06-27,P018,C0694,WH-North,15,6842.11,102631.65,Delivered,2026-07-03,2026,6,June,1
O05198,2025-08-25,P064,C0036,WH-South,3,9772.25,29316.75,Returned,2025-09-02,2025,8,August,0
O05199,2025-03-07,P074,C0957,WH-North,14,8610.83,120551.62,Delivered,2025-03-12,2025,3,March,1
O05200,2025-03-11,P044,C0567,WH-East,6,3533.01,21198.06,Delivered,2025-03-20,2025,3,March,1
O05201,2026-03-23,P017,C0270,WH-West,8,8360.81,66886.48,Delivered,2026-03-27,2026,3,March,1
O05202,2026-02-20,P059,C0002,WH-East,13,722.03,9386.39,Delivered,2026-02-24,2026,2,February,1
O05203,2026-06-16,P013,C0256,WH-North,15,359.86,5397.9,Delivered,2026-06-22,2026,6,June,1
O05204,2026-03-17,P052,C0514,WH-South,6,2109.04,12654.24,Delivered,2026-03-24,2026,3,March,1
O05205,2026-04-09,P060,C0573,WH-East,10,1239.87,12398.7,Delivered,2026-04-13,2026,4,April,1
O05206,2026-01-31,P042,C0363,WH-North,11,4932.36,54255.96,Cancelled,Unknown,2026,1,January,0
O05207,2026-01-30,P091,C0107,WH-South,3,3806.53,11419.59,Delivered,2026-02-05,2026,1,January,1
O05208,2025-11-22,P064,C0134,WH-North,12,9772.25,117267.0,Returned,2025-11-29,2025,11,November,0
O05209,2025-04-01,P066,C0409,WH-East,5,9296.31,46481.55,Delivered,2025-04-05,2025,4,April,1
O05210,2025-03-11,P034,C0451,WH-South,9,7873.1,70857.9,Delivered,2025-03-19,2025,3,March,1
O05211,2025-06-15,P095,C0535,WH-East,8,5427.18,43417.44,Delivered,2025-06-19,2025,6,June,1
O05212,2025-08-02,P087,C0585,WH-East,6,6619.57,39717.42,Delivered,2025-08-05,2025,8,August,1
O05213,2025-12-01,P071,C0351,WH-East,9,4401.72,39615.48,Delivered,2025-12-06,2025,12,December,1
O05214,2026-01-04,P064,C0028,WH-East,2,9772.25,19544.5,Delivered,2026-01-08,2026,1,January,1
O05215,2025-02-18,P033,C0537,WH-East,13,7876.29,102391.77,Delivered,2025-02-26,2025,2,February,1
O05216,2025-02-21,P012,C0867,WH-North,11,3219.93,35419.23,Cancelled,Unknown,2025,2,February,0
O05217,2025-10-16,P076,C0065,WH-West,9,2781.69,25035.21,Delivered,2025-10-20,2025,10,October,1
O05218,2025-08-27,P019,C0194,WH-West,10,6267.38,62673.8,Delivered,2025-09-03,2025,8,August,1
O05219,2025-05-13,P009,C0207,WH-East,13,6820.58,88667.54,Delivered,2025-05-15,2025,5,May,1
O05220,2025-06-15,P074,C0299,WH-East,10,8610.83,86108.3,Delivered,2025-06-21,2025,6,June,1
O05221,2026-01-09,P017,C0040,WH-East,6,8360.81,50164.86,Delivered,2026-01-12,2026,1,January,1
O05222,2026-01-08,P050,C0464,WH-South,9,1973.84,17764.56,Returned,2026-01-10,2026,1,January,0
O05223,2026-04-23,P039,C0023,WH-East,12,2741.34,32896.08,Delivered,2026-05-01,2026,4,April,1
O05224,2026-04-24,P041,C0689,WH-South,4,10031.16,40124.64,Delivered,2026-04-29,2026,4,April,1
O05225,2025-10-27,P010,C0995,WH-North,5,8992.72,44963.6,Delivered,2025-11-02,2025,10,October,1
O05226,2025-03-23,P012,C0776,WH-West,2,3219.93,6439.86,Delivered,2025-03-26,2025,3,March,1
O05227,2025-03-28,P079,C0128,WH-East,3,8889.27,26667.81,Delivered,2025-04-06,2025,3,March,1
O05228,2025-08-13,P095,C0263,WH-West,1,5427.18,5427.18,Delivered,2025-08-17,2025,8,August,1
O05229,2025-01-16,P015,C0789,WH-North,4,10925.43,43701.72,Delivered,2025-01-24,2025,1,January,1
O05230,2025-12-24,P028,C0035,WH-West,12,1732.59,20791.08,Delivered,2025-12-26,2025,12,December,1
O05231,2025-06-12,P004,C0487,WH-North,2,5647.39,11294.78,Delivered,2025-06-14,2025,6,June,1
O05232,2026-05-29,P036,C0101,WH-East,12,9014.91,108178.92,Delivered,2026-06-06,2026,5,May,1
O05233,2025-12-16,P065,C0737,WH-North,15,6932.91,103993.65,Delivered,2025-12-18,2025,12,December,1
O05234,2026-04-09,P098,C0741,WH-East,2,2843.84,5687.68,Cancelled,Unknown,2026,4,April,0
O05235,2026-01-10,P047,C0611,WH-West,1,9554.1,9554.1,Delivered,2026-01-20,2026,1,January,1
O05236,2025-04-02,P081,C0082,WH-North,10,8788.43,87884.3,Delivered,2025-04-11,2025,4,April,1
O05237,2025-06-30,P039,C0317,WH-South,12,2741.34,32896.08,Delivered,2025-07-09,2025,6,June,1
O05238,2025-10-28,P038,C0979,WH-South,2,9847.32,19694.64,Delivered,2025-11-02,2025,10,October,1
O05239,2025-07-08,P044,C0330,WH-South,4,3533.01,14132.04,Delivered,2025-07-13,2025,7,July,1
O05240,2025-11-10,P051,C0196,WH-East,6,506.74,3040.44,Delivered,2025-11-16,2025,11,November,1
O05241,2026-05-08,P097,C0414,WH-North,13,7927.96,103063.48,Delivered,2026-05-18,2026,5,May,1
O05242,2025-05-08,P085,C0877,WH-South,12,1090.03,13080.36,Delivered,2025-05-12,2025,5,May,1
O05243,2026-06-03,P026,C0509,WH-East,7,8058.43,56409.01,Delivered,2026-06-08,2026,6,June,1
O05244,2026-03-02,P036,C0481,WH-South,7,9014.91,63104.37,Cancelled,Unknown,2026,3,March,0
O05245,2025-07-06,P069,C0068,WH-West,7,7876.01,55132.07,Cancelled,Unknown,2025,7,July,0
O05246,2026-03-29,P097,C0393,WH-West,15,7927.96,118919.4,Delivered,2026-04-04,2026,3,March,1
O05247,2026-04-16,P001,C0273,WH-West,4,2324.33,9297.32,Cancelled,Unknown,2026,4,April,0
O05248,2025-08-12,P053,C0299,WH-South,12,8550.49,102605.88,Returned,2025-08-19,2025,8,August,0
O05249,2025-06-03,P006,C0871,WH-East,5,716.9,3584.5,Delivered,2025-06-07,2025,6,June,1
O05250,2025-12-17,P037,C0856,WH-South,14,2141.55,29981.7,Delivered,2025-12-24,2025,12,December,1
O05251,2025-05-27,P002,C0953,WH-East,11,9662.88,106291.68,Delivered,2025-06-03,2025,5,May,1
O05252,2025-12-15,P069,C0871,WH-South,12,7876.01,94512.12,Cancelled,Unknown,2025,12,December,0
O05253,2025-07-01,P090,C0141,WH-East,3,2450.87,7352.61,Delivered,2025-07-09,2025,7,July,1
O05254,2025-06-28,P041,C0185,WH-South,1,10031.16,10031.16,Delivered,2025-07-02,2025,6,June,1
O05255,2025-02-08,P051,C0666,WH-North,14,506.74,7094.36,Delivered,2025-02-10,2025,2,February,1
O05256,2025-01-03,P047,C0189,WH-North,8,9554.1,76432.8,Delivered,2025-01-05,2025,1,January,1
O05257,2025-03-05,P013,C0574,WH-East,10,359.86,3598.6,Delivered,2025-03-11,2025,3,March,1
O05258,2025-01-29,P076,C0019,WH-West,11,2781.69,30598.59,Delivered,2025-02-01,2025,1,January,1
O05259,2026-01-07,P069,C0081,WH-West,7,7876.01,55132.07,Cancelled,Unknown,2026,1,January,0
O05260,2026-06-07,P066,C0498,WH-West,14,9296.31,130148.34,Delivered,2026-06-12,2026,6,June,1
O05261,2025-04-07,P059,C0542,WH-East,9,722.03,6498.27,Delivered,2025-04-15,2025,4,April,1
O05262,2026-03-18,P068,C0639,WH-North,14,7862.75,110078.5,Delivered,2026-03-27,2026,3,March,1
O05263,2025-07-22,P059,C0218,WH-East,10,722.03,7220.3,Delivered,2025-07-30,2025,7,July,1
O05264,2026-02-15,P091,C0525,WH-South,4,3806.53,15226.12,Delivered,2026-02-25,2026,2,February,1
O05265,2025-01-21,P010,C0689,WH-South,12,8992.72,107912.64,Returned,2025-01-29,2025,1,January,0
O05266,2025-04-12,P013,C0338,WH-South,15,359.86,5397.9,Delivered,2025-04-17,2025,4,April,1
O05267,2025-02-15,P002,C0121,WH-South,12,9662.88,115954.56,Delivered,2025-02-25,2025,2,February,1
O05268,2025-03-07,P090,C0469,WH-South,5,2450.87,12254.35,Cancelled,Unknown,2025,3,March,0
O05269,2025-06-13,P015,C0372,WH-South,5,10925.43,54627.15,Returned,2025-06-17,2025,6,June,0
O05270,2025-04-21,P046,C0482,WH-West,13,2032.34,26420.42,Delivered,2025-04-30,2025,4,April,1
O05271,2025-12-04,P057,C0179,WH-West,7,919.99,6439.93,Delivered,2025-12-06,2025,12,December,1
O05272,2025-05-03,P010,C0111,WH-South,13,8992.72,116905.36,Delivered,2025-05-06,2025,5,May,1
O05273,2026-03-23,P022,C0009,WH-East,9,9065.34,81588.06,Delivered,2026-04-01,2026,3,March,1
O05274,2025-10-18,P089,C0222,WH-North,8,5210.42,41683.36,Delivered,2025-10-27,2025,10,October,1
O05275,2026-02-16,P079,C0797,WH-South,7,8889.27,62224.89,Delivered,2026-02-23,2026,2,February,1
O05276,2025-10-08,P077,C0861,WH-South,14,12073.98,169035.72,Delivered,2025-10-17,2025,10,October,1
O05277,2025-02-12,P008,C0622,WH-East,1,7685.98,7685.98,Processing,2025-02-21,2025,2,February,0
O05278,2026-05-01,P021,C0979,WH-West,12,2945.59,35347.08,Delivered,2026-05-04,2026,5,May,1
O05279,2025-02-20,P085,C0648,WH-East,10,1090.03,10900.3,Delivered,2025-02-24,2025,2,February,1
O05280,2025-07-29,P022,C0108,WH-North,13,9065.34,117849.42,Delivered,2025-08-06,2025,7,July,1
O05281,2025-05-06,P097,C0337,WH-North,6,7927.96,47567.76,Delivered,2025-05-10,2025,5,May,1
O05282,2026-05-07,P045,C0204,WH-East,10,11503.77,115037.7,Delivered,2026-05-10,2026,5,May,1
O05283,2026-05-24,P091,C0527,WH-South,15,3806.53,57097.95,Delivered,2026-05-31,2026,5,May,1
O05284,2025-09-15,P040,C0453,WH-West,15,7396.64,110949.6,Delivered,2025-09-18,2025,9,September,1
O05285,2025-07-07,P022,C0674,WH-South,9,9065.34,81588.06,Delivered,2025-07-10,2025,7,July,1
O05286,2025-08-18,P030,C0948,WH-South,13,6989.65,90865.45,Delivered,2025-08-21,2025,8,August,1
O05287,2025-07-08,P062,C0946,WH-South,7,11436.7,80056.9,Delivered,2025-07-13,2025,7,July,1
O05288,2026-02-19,P073,C0195,WH-South,1,5286.08,5286.08,Delivered,2026-02-27,2026,2,February,1
O05289,2025-01-10,P045,C0261,WH-West,9,11503.77,103533.93,Delivered,2025-01-17,2025,1,January,1
O05290,2025-04-24,P035,C0866,WH-East,3,10862.84,32588.52,Cancelled,Unknown,2025,4,April,0
O05291,2025-03-17,P082,C0009,WH-North,14,7665.58,107318.12,Delivered,2025-03-22,2025,3,March,1
O05292,2026-05-17,P042,C0216,WH-North,9,4932.36,44391.24,Delivered,2026-05-20,2026,5,May,1
O05293,2025-03-26,P005,C0773,WH-West,4,5461.2,21844.8,Delivered,2025-04-04,2025,3,March,1
O05294,2025-02-18,P027,C0923,WH-East,15,3927.78,58916.7,Delivered,2025-02-21,2025,2,February,1
O05295,2026-05-10,P070,C0113,WH-West,9,2886.35,25977.15,Delivered,2026-05-19,2026,5,May,1
O05296,2026-01-22,P062,C0629,WH-South,13,11436.7,148677.1,Cancelled,Unknown,2026,1,January,0
O05297,2026-01-24,P032,C0340,WH-West,15,8387.44,125811.6,Delivered,2026-01-30,2026,1,January,1
O05298,2025-08-06,P008,C0047,WH-East,8,7685.98,61487.84,Delivered,2025-08-08,2025,8,August,1
O05299,2025-12-12,P085,C0830,WH-North,7,1090.03,7630.21,Delivered,2025-12-15,2025,12,December,1
O05300,2025-08-18,P018,C0813,WH-West,4,6842.11,27368.44,Delivered,2025-08-27,2025,8,August,1
O05301,2025-09-12,P078,C0489,WH-North,9,8749.35,78744.15,Delivered,2025-09-14,2025,9,September,1
O05302,2025-08-24,P015,C0322,WH-North,4,10925.43,43701.72,Delivered,2025-08-28,2025,8,August,1
O05303,2025-01-26,P026,C0791,WH-North,1,8058.43,8058.43,Delivered,2025-01-29,2025,1,January,1
O05304,2025-09-18,P053,C0098,WH-East,6,8550.49,51302.94,Processing,2025-09-24,2025,9,September,0
O05305,2025-09-28,P044,C0445,WH-South,4,3533.01,14132.04,Delivered,2025-10-03,2025,9,September,1
O05306,2025-05-03,P032,C0093,WH-South,10,8387.44,83874.4,Delivered,2025-05-08,2025,5,May,1
O05307,2025-09-14,P028,C0811,WH-East,3,1732.59,5197.77,Delivered,2025-09-19,2025,9,September,1
O05308,2026-02-25,P039,C0252,WH-South,12,2741.34,32896.08,Delivered,2026-03-02,2026,2,February,1
O05309,2025-09-16,P032,C0163,WH-South,5,8387.44,41937.2,Cancelled,Unknown,2025,9,September,0
O05310,2025-02-16,P077,C0158,WH-South,3,12073.98,36221.94,Delivered,2025-02-23,2025,2,February,1
O05311,2026-06-09,P079,C0579,WH-West,11,8889.27,97781.97,Delivered,2026-06-12,2026,6,June,1
O05312,2025-07-27,P018,C0138,WH-South,9,6842.11,61578.99,Delivered,2025-08-01,2025,7,July,1
O05313,2025-11-07,P070,C0384,WH-West,12,2886.35,34636.2,Delivered,2025-11-15,2025,11,November,1
O05314,2025-05-29,P011,C0312,WH-North,6,11449.02,68694.12,Delivered,2025-06-06,2025,5,May,1
O05315,2026-03-14,P032,C0290,WH-West,15,8387.44,125811.6,Delivered,2026-03-16,2026,3,March,1
O05316,2025-06-04,P020,C0065,WH-South,3,2297.9,6893.7,Delivered,2025-06-14,2025,6,June,1
O05317,2025-03-31,P097,C0774,WH-East,5,7927.96,39639.8,Delivered,2025-04-08,2025,3,March,1
O05318,2025-12-24,P040,C0198,WH-North,8,7396.64,59173.12,Delivered,2025-12-31,2025,12,December,1
O05319,2025-06-23,P008,C0683,WH-North,14,7685.98,107603.72,Returned,2025-06-26,2025,6,June,0
O05320,2025-08-05,P035,C0528,WH-West,8,10862.84,86902.72,Delivered,2025-08-12,2025,8,August,1
O05321,2026-04-01,P069,C0703,WH-East,6,7876.01,47256.06,Delivered,2026-04-07,2026,4,April,1
O05322,2025-07-18,P099,C0961,WH-South,5,1477.4,7387.0,Processing,2025-07-28,2025,7,July,0
O05323,2026-05-01,P078,C0901,WH-West,15,8749.35,131240.25,Processing,2026-05-03,2026,5,May,0
O05324,2026-06-17,P021,C0537,WH-West,5,2945.59,14727.95,Delivered,2026-06-23,2026,6,June,1
O05325,2025-07-19,P024,C0250,WH-North,1,5645.0,5645.0,Delivered,2025-07-23,2025,7,July,1
O05326,2026-01-06,P017,C0539,WH-West,2,8360.81,16721.62,Cancelled,Unknown,2026,1,January,0
O05327,2026-03-24,P018,C0682,WH-East,15,6842.11,102631.65,Returned,2026-03-26,2026,3,March,0
O05328,2025-09-05,P098,C0117,WH-West,12,2843.84,34126.08,Delivered,2025-09-12,2025,9,September,1
O05329,2025-09-21,P012,C0892,WH-West,11,3219.93,35419.23,Processing,2025-09-25,2025,9,September,0
O05330,2025-02-27,P016,C0567,WH-East,4,6037.0,24148.0,Delivered,2025-03-01,2025,2,February,1
O05331,2025-10-29,P004,C0486,WH-West,6,5647.39,33884.34,Delivered,2025-11-02,2025,10,October,1
O05332,2025-01-31,P089,C0363,WH-South,11,5210.42,57314.62,Delivered,2025-02-03,2025,1,January,1
O05333,2026-05-13,P034,C0026,WH-West,7,7873.1,55111.7,Delivered,2026-05-22,2026,5,May,1
O05334,2025-09-06,P092,C0784,WH-South,1,9918.59,9918.59,Delivered,2025-09-10,2025,9,September,1
O05335,2025-09-28,P046,C0877,WH-East,8,2032.34,16258.72,Delivered,2025-10-06,2025,9,September,1
O05336,2026-01-29,P075,C0620,WH-South,12,4757.22,57086.64,Delivered,2026-02-05,2026,1,January,1
O05337,2026-05-17,P077,C0602,WH-East,1,12073.98,12073.98,Delivered,2026-05-25,2026,5,May,1
O05338,2025-03-25,P031,C0493,WH-South,9,1882.62,16943.58,Cancelled,Unknown,2025,3,March,0
O05339,2025-12-31,P025,C0357,WH-South,15,2564.25,38463.75,Delivered,2026-01-02,2025,12,December,1
O05340,2025-12-08,P074,C0412,WH-East,4,8610.83,34443.32,Delivered,2025-12-13,2025,12,December,1
O05341,2026-02-11,P024,C0476,WH-East,12,5645.0,67740.0,Delivered,2026-02-16,2026,2,February,1
O05342,2026-03-01,P065,C0414,WH-South,15,6932.91,103993.65,Delivered,2026-03-07,2026,3,March,1
O05343,2025-04-03,P025,C0894,WH-East,7,2564.25,17949.75,Returned,2025-04-09,2025,4,April,0
O05344,2026-02-16,P028,C0122,WH-North,11,1732.59,19058.49,Delivered,2026-02-25,2026,2,February,1
O05345,2026-03-08,P036,C0461,WH-West,14,9014.91,126208.74,Delivered,2026-03-13,2026,3,March,1
O05346,2025-06-08,P082,C0857,WH-South,6,7665.58,45993.48,Delivered,2025-06-10,2025,6,June,1
O05347,2025-01-14,P006,C0429,WH-North,15,716.9,10753.5,Delivered,2025-01-20,2025,1,January,1
O05348,2026-01-08,P066,C0243,WH-North,13,9296.31,120852.03,Delivered,2026-01-10,2026,1,January,1
O05349,2025-08-13,P067,C0403,WH-North,9,3626.7,32640.3,Delivered,2025-08-17,2025,8,August,1
O05350,2026-05-20,P072,C0781,WH-East,14,7933.68,111071.52,Cancelled,Unknown,2026,5,May,0
O05351,2025-03-14,P095,C0252,WH-West,2,5427.18,10854.36,Delivered,2025-03-20,2025,3,March,1
O05352,2025-09-06,P048,C0075,WH-South,15,8206.14,123092.1,Delivered,2025-09-14,2025,9,September,1
O05353,2026-05-26,P083,C0112,WH-West,15,1377.9,20668.5,Delivered,2026-05-28,2026,5,May,1
O05354,2025-08-04,P070,C0663,WH-South,11,2886.35,31749.85,Delivered,2025-08-11,2025,8,August,1
O05355,2026-06-25,P078,C0782,WH-West,7,8749.35,61245.45,Delivered,2026-07-04,2026,6,June,1
O05356,2025-08-08,P067,C0970,WH-West,11,3626.7,39893.7,Delivered,2025-08-15,2025,8,August,1
O05357,2025-08-09,P048,C0610,WH-North,5,8206.14,41030.7,Delivered,2025-08-14,2025,8,August,1
O05358,2026-01-24,P065,C0360,WH-East,13,6932.91,90127.83,Delivered,2026-02-02,2026,1,January,1
O05359,2025-02-11,P044,C0767,WH-South,7,3533.01,24731.07,Delivered,2025-02-20,2025,2,February,1
O05360,2025-10-10,P094,C0919,WH-South,1,9560.46,9560.46,Delivered,2025-10-17,2025,10,October,1
O05361,2025-02-27,P063,C0168,WH-South,11,6119.08,67309.88,Delivered,2025-03-08,2025,2,February,1
O05362,2026-06-21,P046,C0250,WH-North,11,2032.34,22355.74,Delivered,2026-06-28,2026,6,June,1
O05363,2025-03-14,P019,C0832,WH-North,10,6267.38,62673.8,Delivered,2025-03-19,2025,3,March,1
O05364,2025-05-09,P064,C0758,WH-North,9,9772.25,87950.25,Delivered,2025-05-16,2025,5,May,1
O05365,2026-03-02,P083,C0213,WH-North,1,1377.9,1377.9,Delivered,2026-03-12,2026,3,March,1
O05366,2025-05-05,P073,C0443,WH-North,14,5286.08,74005.12,Delivered,2025-05-14,2025,5,May,1
O05367,2025-03-08,P071,C0788,WH-West,5,4401.72,22008.6,Delivered,2025-03-16,2025,3,March,1
O05368,2025-01-06,P050,C0928,WH-South,14,1973.84,27633.76,Delivered,2025-01-12,2025,1,January,1
O05369,2025-11-10,P063,C0846,WH-West,8,6119.08,48952.64,Delivered,2025-11-18,2025,11,November,1
O05370,2025-11-22,P041,C0792,WH-North,1,10031.16,10031.16,Delivered,2025-11-24,2025,11,November,1
O05371,2026-05-21,P007,C0046,WH-East,7,11389.37,79725.59,Delivered,2026-05-30,2026,5,May,1
O05372,2025-03-23,P009,C0018,WH-North,2,6820.58,13641.16,Delivered,2025-03-29,2025,3,March,1
O05373,2025-01-02,P004,C0879,WH-North,7,5647.39,39531.73,Delivered,2025-01-10,2025,1,January,1
O05374,2025-07-23,P089,C0758,WH-North,7,5210.42,36472.94,Delivered,2025-07-31,2025,7,July,1
O05375,2026-02-08,P049,C0350,WH-South,9,3014.05,27126.45,Delivered,2026-02-17,2026,2,February,1
O05376,2025-04-13,P076,C0220,WH-South,6,2781.69,16690.14,Delivered,2025-04-21,2025,4,April,1
O05377,2026-06-20,P006,C0688,WH-East,4,716.9,2867.6,Delivered,2026-06-27,2026,6,June,1
O05378,2026-01-03,P082,C0398,WH-South,7,7665.58,53659.06,Delivered,2026-01-10,2026,1,January,1
O05379,2025-07-31,P021,C0746,WH-North,7,2945.59,20619.13,Delivered,2025-08-06,2025,7,July,1
O05380,2025-07-28,P015,C0950,WH-East,4,10925.43,43701.72,Delivered,2025-08-03,2025,7,July,1
O05381,2025-04-27,P067,C0661,WH-East,2,3626.7,7253.4,Delivered,2025-05-02,2025,4,April,1
O05382,2026-04-23,P066,C0098,WH-East,13,9296.31,120852.03,Delivered,2026-05-01,2026,4,April,1
O05383,2025-04-15,P056,C0005,WH-North,11,888.53,9773.83,Delivered,2025-04-19,2025,4,April,1
O05384,2026-05-10,P068,C0896,WH-South,9,7862.75,70764.75,Delivered,2026-05-16,2026,5,May,1
O05385,2025-02-15,P032,C0159,WH-West,14,8387.44,117424.16,Delivered,2025-02-19,2025,2,February,1
O05386,2025-11-27,P066,C0963,WH-South,8,9296.31,74370.48,Delivered,2025-12-06,2025,11,November,1
O05387,2025-08-04,P029,C0087,WH-West,5,7630.58,38152.9,Delivered,2025-08-10,2025,8,August,1
O05388,2026-05-07,P066,C0743,WH-North,14,9296.31,130148.34,Delivered,2026-05-14,2026,5,May,1
O05389,2026-03-25,P034,C0120,WH-South,5,7873.1,39365.5,Delivered,2026-03-27,2026,3,March,1
O05390,2026-06-20,P027,C0443,WH-North,1,3927.78,3927.78,Delivered,2026-06-25,2026,6,June,1
O05391,2026-05-26,P060,C0172,WH-North,11,1239.87,13638.57,Delivered,2026-06-05,2026,5,May,1
O05392,2026-04-03,P039,C0576,WH-East,9,2741.34,24672.06,Delivered,2026-04-09,2026,4,April,1
O05393,2026-06-20,P044,C0606,WH-South,11,3533.01,38863.11,Delivered,2026-06-22,2026,6,June,1
O05394,2026-06-24,P082,C0682,WH-East,14,7665.58,107318.12,Returned,2026-06-29,2026,6,June,0
O05395,2026-04-29,P036,C0235,WH-South,10,9014.91,90149.1,Delivered,2026-05-06,2026,4,April,1
O05396,2025-01-16,P019,C0478,WH-North,11,6267.38,68941.18,Delivered,2025-01-24,2025,1,January,1
O05397,2025-08-31,P091,C0121,WH-East,8,3806.53,30452.24,Delivered,2025-09-08,2025,8,August,1
O05398,2025-07-26,P045,C0497,WH-North,5,11503.77,57518.85,Delivered,2025-08-04,2025,7,July,1
O05399,2025-09-28,P084,C0612,WH-West,10,9567.6,95676.0,Delivered,2025-10-04,2025,9,September,1
O05400,2025-04-25,P021,C0422,WH-North,6,2945.59,17673.54,Delivered,2025-05-02,2025,4,April,1
O05401,2025-10-26,P023,C0135,WH-West,12,2561.5,30738.0,Delivered,2025-10-29,2025,10,October,1
O05402,2026-04-28,P094,C0315,WH-West,10,9560.46,95604.6,Delivered,2026-05-01,2026,4,April,1
O05403,2026-02-01,P089,C0069,WH-East,11,5210.42,57314.62,Delivered,2026-02-05,2026,2,February,1
O05404,2026-01-29,P095,C0198,WH-East,10,5427.18,54271.8,Delivered,2026-02-03,2026,1,January,1
O05405,2025-03-16,P027,C0817,WH-South,8,3927.78,31422.24,Delivered,2025-03-23,2025,3,March,1
O05406,2026-04-27,P098,C0718,WH-South,6,2843.84,17063.04,Delivered,2026-05-04,2026,4,April,1
O05407,2025-04-13,P072,C0011,WH-East,10,7933.68,79336.8,Delivered,2025-04-17,2025,4,April,1
O05408,2025-10-24,P019,C0869,WH-South,14,6267.38,87743.32,Delivered,2025-10-26,2025,10,October,1
O05409,2025-06-27,P041,C0130,WH-North,4,10031.16,40124.64,Delivered,2025-07-01,2025,6,June,1
O05410,2025-08-03,P026,C0735,WH-North,3,8058.43,24175.29,Delivered,2025-08-08,2025,8,August,1
O05411,2025-11-11,P028,C0110,WH-North,7,1732.59,12128.13,Delivered,2025-11-21,2025,11,November,1
O05412,2025-02-08,P064,C0027,WH-North,13,9772.25,127039.25,Delivered,2025-02-17,2025,2,February,1
O05413,2025-09-16,P068,C0400,WH-North,2,7862.75,15725.5,Delivered,2025-09-21,2025,9,September,1
O05414,2025-01-07,P095,C0320,WH-West,7,5427.18,37990.26,Delivered,2025-01-15,2025,1,January,1
O05415,2025-02-18,P080,C0194,WH-North,1,6733.38,6733.38,Delivered,2025-02-28,2025,2,February,1
O05416,2026-06-22,P051,C0945,WH-South,13,506.74,6587.62,Cancelled,Unknown,2026,6,June,0
O05417,2025-06-10,P074,C0346,WH-East,10,8610.83,86108.3,Delivered,2025-06-14,2025,6,June,1
O05418,2025-06-25,P048,C0016,WH-East,5,8206.14,41030.7,Delivered,2025-06-27,2025,6,June,1
O05419,2025-01-02,P010,C0073,WH-South,15,8992.72,134890.8,Delivered,2025-01-11,2025,1,January,1
O05420,2026-03-31,P073,C0948,WH-South,9,5286.08,47574.72,Delivered,2026-04-03,2026,3,March,1
O05421,2025-10-03,P039,C0628,WH-South,13,2741.34,35637.42,Delivered,2025-10-11,2025,10,October,1
O05422,2026-05-13,P100,C0201,WH-East,15,6160.6,92409.0,Delivered,2026-05-21,2026,5,May,1
O05423,2025-01-28,P100,C0645,WH-South,13,6160.6,80087.8,Delivered,2025-02-01,2025,1,January,1
O05424,2025-11-29,P019,C0164,WH-South,1,6267.38,6267.38,Delivered,2025-12-02,2025,11,November,1
O05425,2025-01-01,P064,C0007,WH-West,8,9772.25,78178.0,Delivered,2025-01-05,2025,1,January,1
O05426,2025-07-07,P019,C0061,WH-West,9,6267.38,56406.42,Delivered,2025-07-16,2025,7,July,1
O05427,2025-02-25,P076,C0352,WH-West,9,2781.69,25035.21,Delivered,2025-03-07,2025,2,February,1
O05428,2025-04-22,P062,C0925,WH-East,8,11436.7,91493.6,Delivered,2025-05-01,2025,4,April,1
O05429,2025-11-06,P013,C0485,WH-South,4,359.86,1439.44,Delivered,2025-11-09,2025,11,November,1
O05430,2025-02-05,P025,C0632,WH-North,14,2564.25,35899.5,Delivered,2025-02-15,2025,2,February,1
O05431,2026-03-15,P100,C0451,WH-East,14,6160.6,86248.4,Processing,2026-03-22,2026,3,March,0
O05432,2025-11-21,P089,C0414,WH-West,7,5210.42,36472.94,Delivered,2025-11-24,2025,11,November,1
O05433,2025-11-03,P092,C0936,WH-West,1,9918.59,9918.59,Delivered,2025-11-13,2025,11,November,1
O05434,2026-06-18,P042,C0031,WH-East,7,4932.36,34526.52,Delivered,2026-06-24,2026,6,June,1
O05435,2025-04-19,P039,C0560,WH-East,6,2741.34,16448.04,Delivered,2025-04-26,2025,4,April,1
O05436,2026-01-07,P030,C0091,WH-South,5,6989.65,34948.25,Delivered,2026-01-09,2026,1,January,1
O05437,2025-12-23,P005,C0518,WH-East,1,5461.2,5461.2,Delivered,2025-12-26,2025,12,December,1
O05438,2025-06-30,P081,C0446,WH-North,8,8788.43,70307.44,Delivered,2025-07-02,2025,6,June,1
O05439,2025-12-22,P018,C0285,WH-North,10,6842.11,68421.1,Delivered,2025-12-27,2025,12,December,1
O05440,2025-03-09,P021,C0393,WH-East,1,2945.59,2945.59,Delivered,2025-03-12,2025,3,March,1
O05441,2025-10-19,P086,C0950,WH-North,1,3132.13,3132.13,Delivered,2025-10-21,2025,10,October,1
O05442,2025-06-30,P050,C0596,WH-South,14,1973.84,27633.76,Returned,2025-07-04,2025,6,June,0
O05443,2026-04-11,P006,C0882,WH-East,15,716.9,10753.5,Delivered,2026-04-16,2026,4,April,1
O05444,2026-03-10,P050,C0139,WH-North,3,1973.84,5921.52,Returned,2026-03-15,2026,3,March,0
O05445,2026-04-09,P080,C0787,WH-West,13,6733.38,87533.94,Delivered,2026-04-13,2026,4,April,1
O05446,2026-06-18,P066,C0999,WH-South,8,9296.31,74370.48,Delivered,2026-06-21,2026,6,June,1
O05447,2025-03-07,P001,C0330,WH-East,8,2324.33,18594.64,Delivered,2025-03-16,2025,3,March,1
O05448,2025-01-21,P057,Unknown,WH-East,14,919.99,12879.86,Delivered,2025-01-24,2025,1,January,1
O05449,2026-01-19,P030,C0615,WH-East,15,6989.65,104844.75,Processing,2026-01-25,2026,1,January,0
O05450,2025-02-08,P058,C0983,WH-West,7,3596.21,25173.47,Delivered,2025-02-16,2025,2,February,1
O05451,2025-10-12,P052,C0326,WH-North,5,2109.04,10545.2,Delivered,2025-10-22,2025,10,October,1
O05452,2025-12-02,P037,C0607,WH-East,15,2141.55,32123.25,Processing,2025-12-06,2025,12,December,0
O05453,2025-07-07,P048,C0530,WH-North,8,8206.14,65649.12,Processing,2025-07-09,2025,7,July,0
O05454,2025-08-31,P087,C0021,WH-South,2,6619.57,13239.14,Delivered,2025-09-10,2025,8,August,1
O05455,2025-03-14,P001,C0911,WH-West,8,2324.33,18594.64,Delivered,2025-03-16,2025,3,March,1
O05456,2026-04-24,P019,C0955,WH-West,12,6267.38,75208.56,Delivered,2026-05-03,2026,4,April,1
O05457,2025-04-11,P046,C0479,WH-South,11,2032.34,22355.74,Delivered,2025-04-14,2025,4,April,1
O05458,2026-05-29,P067,C0458,WH-South,2,3626.7,7253.4,Cancelled,Unknown,2026,5,May,0
O05459,2025-06-25,P002,C0518,WH-East,10,9662.88,96628.8,Delivered,2025-06-29,2025,6,June,1
O05460,2025-08-26,P056,C0536,WH-South,5,888.53,4442.65,Delivered,2025-09-02,2025,8,August,1
O05461,2025-02-28,P017,C0225,WH-West,11,8360.81,91968.91,Processing,2025-03-07,2025,2,February,0
O05462,2025-04-09,P092,C0572,WH-North,13,9918.59,128941.67,Delivered,2025-04-14,2025,4,April,1
O05463,2026-05-10,P082,C0796,WH-North,4,7665.58,30662.32,Processing,2026-05-19,2026,5,May,0
O05464,2026-05-29,P097,C0732,WH-North,15,7927.96,118919.4,Delivered,2026-06-04,2026,5,May,1
O05465,2025-10-24,P079,C0330,WH-North,13,8889.27,115560.51,Delivered,2025-11-01,2025,10,October,1
O05466,2025-07-30,P022,C0791,WH-North,1,9065.34,9065.34,Delivered,2025-08-05,2025,7,July,1
O05467,2025-05-03,P027,C0847,WH-North,5,3927.78,19638.9,Delivered,2025-05-08,2025,5,May,1
O05468,2025-08-17,P055,C0558,WH-West,7,1487.11,10409.77,Delivered,2025-08-24,2025,8,August,1
O05469,2026-01-23,P032,C0368,WH-South,1,8387.44,8387.44,Delivered,2026-01-27,2026,1,January,1
O05470,2025-05-20,P060,C0805,WH-West,2,1239.87,2479.74,Delivered,2025-05-27,2025,5,May,1
O05471,2026-06-25,P083,C0142,WH-East,12,1377.9,16534.8,Delivered,2026-07-02,2026,6,June,1
O05472,2026-01-26,P028,C0816,WH-North,15,1732.59,25988.85,Delivered,2026-02-02,2026,1,January,1
O05473,2025-09-27,P028,C0590,WH-South,14,1732.59,24256.26,Delivered,2025-10-01,2025,9,September,1
O05474,2025-01-12,P074,C0199,WH-South,9,8610.83,77497.47,Delivered,2025-01-21,2025,1,January,1
O05475,2026-01-24,P084,C0627,WH-North,12,9567.6,114811.2,Delivered,2026-01-29,2026,1,January,1
O05476,2025-12-03,P025,C0036,WH-South,5,2564.25,12821.25,Delivered,2025-12-06,2025,12,December,1
O05477,2026-05-21,P085,C0466,WH-North,14,1090.03,15260.42,Delivered,2026-05-29,2026,5,May,1
O05478,2025-04-16,P078,C0572,WH-East,13,8749.35,113741.55,Delivered,2025-04-25,2025,4,April,1
O05479,2025-02-01,P086,C0438,WH-North,7,3132.13,21924.91,Delivered,2025-02-06,2025,2,February,1
O05480,2025-03-15,P026,C0757,WH-East,2,8058.43,16116.86,Delivered,2025-03-22,2025,3,March,1
O05481,2025-06-20,P075,C0591,WH-South,7,4757.22,33300.54,Delivered,2025-06-29,2025,6,June,1
O05482,2025-03-10,P071,C0881,WH-West,7,4401.72,30812.04,Delivered,2025-03-16,2025,3,March,1
O05483,2025-12-28,P017,C0191,WH-South,7,8360.81,58525.67,Delivered,2026-01-07,2025,12,December,1
O05484,2026-03-09,P082,C0097,WH-West,5,7665.58,38327.9,Delivered,2026-03-16,2026,3,March,1
O05485,2025-04-10,P007,C0504,WH-North,9,11389.37,102504.33,Delivered,2025-04-17,2025,4,April,1
O05486,2025-01-09,P056,C0367,WH-South,2,888.53,1777.06,Delivered,2025-01-12,2025,1,January,1
O05487,2025-01-29,P064,C0816,WH-South,4,9772.25,39089.0,Delivered,2025-02-06,2025,1,January,1
O05488,2025-04-24,P020,C0888,WH-East,2,2297.9,4595.8,Delivered,2025-05-04,2025,4,April,1
O05489,2026-04-07,P038,C0150,WH-North,8,9847.32,78778.56,Delivered,2026-04-13,2026,4,April,1
O05490,2025-05-23,P075,C0043,WH-West,12,4757.22,57086.64,Delivered,2025-05-29,2025,5,May,1
O05491,2026-01-25,P058,C0297,WH-North,11,3596.21,39558.31,Delivered,2026-01-31,2026,1,January,1
O05492,2025-06-06,P016,C0913,WH-East,1,6037.0,6037.0,Processing,2025-06-08,2025,6,June,0
O05493,2025-12-01,P051,C0319,WH-East,9,506.74,4560.66,Delivered,2025-12-07,2025,12,December,1
O05494,2025-09-17,P027,C0218,WH-East,12,3927.78,47133.36,Cancelled,Unknown,2025,9,September,0
O05495,2025-03-23,P051,C0719,WH-North,13,506.74,6587.62,Delivered,2025-03-27,2025,3,March,1
O05496,2026-03-17,P075,C0488,WH-East,14,4757.22,66601.08,Delivered,2026-03-27,2026,3,March,1
O05497,2025-06-21,P016,C0146,WH-North,5,6037.0,30185.0,Delivered,2025-07-01,2025,6,June,1
O05498,2025-08-19,P087,C0328,WH-East,11,6619.57,72815.27,Delivered,2025-08-26,2025,8,August,1
O05499,2025-03-16,P060,C0259,WH-South,12,1239.87,14878.44,Delivered,2025-03-21,2025,3,March,1
O05500,2025-09-27,P076,C0566,WH-West,3,2781.69,8345.07,Delivered,2025-10-02,2025,9,September,1
O05501,2025-03-03,P040,C0119,WH-North,12,7396.64,88759.68,Delivered,2025-03-05,2025,3,March,1
O05502,2025-11-16,P067,C0755,WH-West,11,3626.7,39893.7,Processing,2025-11-22,2025,11,November,0
O05503,2025-04-12,P002,C0142,WH-North,4,9662.88,38651.52,Delivered,2025-04-18,2025,4,April,1
O05504,2026-03-05,P048,C0290,WH-North,1,8206.14,8206.14,Delivered,2026-03-11,2026,3,March,1
O05505,2025-09-12,P052,C0639,WH-South,3,2109.04,6327.12,Returned,2025-09-14,2025,9,September,0
O05506,2026-06-16,P024,C0225,WH-South,11,5645.0,62095.0,Returned,2026-06-18,2026,6,June,0
O05507,2025-04-22,P093,C0894,WH-North,8,11181.17,89449.36,Delivered,2025-04-25,2025,4,April,1
O05508,2025-11-09,P098,C0229,WH-East,12,2843.84,34126.08,Processing,2025-11-11,2025,11,November,0
O05509,2026-04-06,P084,C0753,WH-North,2,9567.6,19135.2,Delivered,2026-04-15,2026,4,April,1
O05510,2026-04-07,P082,C0257,WH-North,2,7665.58,15331.16,Delivered,2026-04-12,2026,4,April,1
O05511,2025-04-02,P078,C0245,WH-South,9,8749.35,78744.15,Delivered,2025-04-09,2025,4,April,1
O05512,2025-02-21,P082,C0176,WH-South,5,7665.58,38327.9,Delivered,2025-03-02,2025,2,February,1
O05513,2026-06-04,P002,C0355,WH-West,5,9662.88,48314.4,Delivered,2026-06-10,2026,6,June,1
O05514,2025-04-08,P065,C0522,WH-West,1,6932.91,6932.91,Delivered,2025-04-15,2025,4,April,1
O05515,2025-08-24,P020,C0595,WH-East,13,2297.9,29872.7,Delivered,2025-08-29,2025,8,August,1
O05516,2026-01-09,P034,C0139,WH-West,6,7873.1,47238.6,Delivered,2026-01-16,2026,1,January,1
O05517,2025-08-22,P041,C0119,WH-West,8,10031.16,80249.28,Delivered,2025-08-29,2025,8,August,1
O05518,2025-02-01,P041,C0639,WH-West,6,10031.16,60186.96,Delivered,2025-02-05,2025,2,February,1
O05519,2025-10-16,P075,C0611,WH-East,14,4757.22,66601.08,Delivered,2025-10-21,2025,10,October,1
O05520,2026-06-26,P091,C0578,WH-North,15,3806.53,57097.95,Delivered,2026-07-03,2026,6,June,1
O05521,2025-04-24,P023,C0259,WH-North,7,2561.5,17930.5,Delivered,2025-05-03,2025,4,April,1
O05522,2025-07-23,P038,C0655,WH-East,14,9847.32,137862.48,Delivered,2025-07-31,2025,7,July,1
O05523,2025-01-29,P044,C0571,WH-North,4,3533.01,14132.04,Returned,2025-02-03,2025,1,January,0
O05524,2026-04-19,P067,C0756,WH-West,2,3626.7,7253.4,Delivered,2026-04-23,2026,4,April,1
O05525,2025-09-10,P062,C0873,WH-West,1,11436.7,11436.7,Delivered,2025-09-19,2025,9,September,1
O05526,2026-01-21,P012,C0192,WH-West,12,3219.93,38639.16,Cancelled,Unknown,2026,1,January,0
O05527,2025-03-03,P030,C0943,WH-West,6,6989.65,41937.9,Delivered,2025-03-12,2025,3,March,1
O05528,2026-05-30,P095,C0860,WH-North,9,5427.18,48844.62,Delivered,2026-06-09,2026,5,May,1
O05529,2026-03-06,P087,C0130,WH-East,10,6619.57,66195.7,Delivered,2026-03-16,2026,3,March,1
O05530,2026-06-21,P065,C0158,WH-East,5,6932.91,34664.55,Delivered,2026-07-01,2026,6,June,1
O05531,2025-05-21,P041,C0678,WH-East,12,10031.16,120373.92,Delivered,2025-05-23,2025,5,May,1
O05532,2025-10-27,P020,C0261,WH-South,2,2297.9,4595.8,Delivered,2025-10-31,2025,10,October,1
O05533,2025-11-07,P006,C0390,WH-East,1,716.9,716.9,Delivered,2025-11-17,2025,11,November,1
O05534,2026-04-16,P075,C0645,WH-South,3,4757.22,14271.66,Delivered,2026-04-21,2026,4,April,1
O05535,2026-01-28,P099,C0524,WH-East,4,1477.4,5909.6,Delivered,2026-01-31,2026,1,January,1
O05536,2026-03-21,P004,C0132,WH-West,7,5647.39,39531.73,Delivered,2026-03-23,2026,3,March,1
O05537,2025-06-21,P093,C0408,WH-East,9,11181.17,100630.53,Delivered,2025-06-27,2025,6,June,1
O05538,2025-01-31,P010,C0153,WH-South,8,8992.72,71941.76,Delivered,2025-02-05,2025,1,January,1
O05539,2025-02-16,P051,C0282,WH-West,9,506.74,4560.66,Delivered,2025-02-22,2025,2,February,1
O05540,2025-05-10,P093,C0567,WH-South,7,11181.17,78268.19,Delivered,2025-05-16,2025,5,May,1
O05541,2025-12-18,P038,C0768,WH-North,10,9847.32,98473.2,Delivered,2025-12-27,2025,12,December,1
O05542,2025-02-27,P001,C0638,WH-North,8,2324.33,18594.64,Delivered,2025-03-06,2025,2,February,1
O05543,2025-04-16,P008,C0046,WH-North,8,7685.98,61487.84,Delivered,2025-04-20,2025,4,April,1
O05544,2025-11-26,P081,C0686,WH-West,1,8788.43,8788.43,Delivered,2025-12-06,2025,11,November,1
O05545,2026-01-18,P083,C0299,WH-West,12,1377.9,16534.8,Returned,2026-01-27,2026,1,January,0
O05546,2025-06-11,P063,C0956,WH-South,14,6119.08,85667.12,Returned,2025-06-21,2025,6,June,0
O05547,2025-10-13,P033,C0929,WH-West,15,7876.29,118144.35,Delivered,2025-10-18,2025,10,October,1
O05548,2025-03-12,P015,C0021,WH-East,12,10925.43,131105.16,Returned,2025-03-21,2025,3,March,0
O05549,2026-03-30,P031,C0983,WH-South,15,1882.62,28239.3,Delivered,2026-04-03,2026,3,March,1
O05550,2026-02-01,P021,C0767,WH-East,9,2945.59,26510.31,Returned,2026-02-07,2026,2,February,0
O05551,2026-05-30,P003,C0997,WH-West,2,8874.43,17748.86,Delivered,2026-06-07,2026,5,May,1
O05552,2025-01-26,P066,C0165,WH-East,12,9296.31,111555.72,Delivered,2025-01-28,2025,1,January,1
O05553,2025-11-09,P035,C0268,WH-West,11,10862.84,119491.24,Delivered,2025-11-11,2025,11,November,1
O05554,2025-05-06,P041,C0101,WH-West,14,10031.16,140436.24,Returned,2025-05-10,2025,5,May,0
O05555,2026-02-12,P059,C0661,WH-East,7,722.03,5054.21,Delivered,2026-02-17,2026,2,February,1
O05556,2025-07-17,P016,C0653,WH-North,13,6037.0,78481.0,Delivered,2025-07-19,2025,7,July,1
O05557,2025-07-07,P056,C0373,WH-West,10,888.53,8885.3,Returned,2025-07-16,2025,7,July,0
O05558,2026-04-29,P045,C0033,WH-South,10,11503.77,115037.7,Delivered,2026-05-02,2026,4,April,1
O05559,2026-03-26,P059,C0236,WH-South,13,722.03,9386.39,Delivered,2026-04-01,2026,3,March,1
O05560,2026-06-07,P050,C0198,WH-North,5,1973.84,9869.2,Delivered,2026-06-14,2026,6,June,1
O05561,2025-12-20,P085,C0507,WH-East,4,1090.03,4360.12,Processing,2025-12-27,2025,12,December,0
O05562,2025-04-10,P012,C0747,WH-North,1,3219.93,3219.93,Returned,2025-04-17,2025,4,April,0
O05563,2025-10-05,P092,C0332,WH-East,1,9918.59,9918.59,Returned,2025-10-07,2025,10,October,0
O05564,2026-05-06,P012,C0445,WH-North,3,3219.93,9659.79,Delivered,2026-05-10,2026,5,May,1
O05565,2025-09-12,P033,C0486,WH-West,14,7876.29,110268.06,Delivered,2025-09-16,2025,9,September,1
O05566,2026-01-16,P084,C0120,WH-South,15,9567.6,143514.0,Delivered,2026-01-25,2026,1,January,1
O05567,2026-06-26,P049,C0158,WH-North,1,3014.05,3014.05,Delivered,2026-07-03,2026,6,June,1
O05568,2025-09-21,P021,C0037,WH-South,8,2945.59,23564.72,Delivered,2025-09-24,2025,9,September,1
O05569,2025-11-25,P060,C0850,WH-East,3,1239.87,3719.61,Delivered,2025-11-27,2025,11,November,1
O05570,2025-04-25,P052,C0144,WH-North,11,2109.04,23199.44,Delivered,2025-04-30,2025,4,April,1
O05571,2025-10-03,P054,C0557,WH-North,10,5559.97,55599.7,Cancelled,Unknown,2025,10,October,0
O05572,2026-05-03,P039,C0711,WH-North,2,2741.34,5482.68,Delivered,2026-05-09,2026,5,May,1
O05573,2025-10-08,P049,C0750,WH-North,6,3014.05,18084.3,Delivered,2025-10-17,2025,10,October,1
O05574,2025-10-02,P064,C0641,WH-South,4,9772.25,39089.0,Delivered,2025-10-05,2025,10,October,1
O05575,2025-11-24,P100,C0693,WH-West,13,6160.6,80087.8,Delivered,2025-12-03,2025,11,November,1
O05576,2025-07-30,P086,C0028,WH-South,13,3132.13,40717.69,Delivered,2025-08-08,2025,7,July,1
O05577,2025-01-26,P026,C0949,WH-West,14,8058.43,112818.02,Delivered,2025-02-02,2025,1,January,1
O05578,2025-01-27,P071,C0812,WH-North,11,4401.72,48418.92,Returned,2025-02-05,2025,1,January,0
O05579,2025-03-24,P007,C0579,WH-West,14,11389.37,159451.18,Delivered,2025-03-27,2025,3,March,1
O05580,2026-02-17,P072,C0754,WH-South,13,7933.68,103137.84,Delivered,2026-02-25,2026,2,February,1
O05581,2025-06-16,P062,C0875,WH-North,11,11436.7,125803.7,Delivered,2025-06-25,2025,6,June,1
O05582,2025-06-18,P090,C0244,WH-South,13,2450.87,31861.31,Delivered,2025-06-23,2025,6,June,1
O05583,2025-08-17,P088,C0679,WH-South,4,7327.81,29311.24,Delivered,2025-08-27,2025,8,August,1
O05584,2026-01-02,P024,C0266,WH-South,2,5645.0,11290.0,Processing,2026-01-09,2026,1,January,0
O05585,2026-06-12,P040,C0051,WH-West,2,7396.64,14793.28,Delivered,2026-06-16,2026,6,June,1
O05586,2026-06-22,P076,C0109,WH-North,11,2781.69,30598.59,Processing,2026-06-27,2026,6,June,0
O05587,2026-06-08,P047,C0398,WH-North,6,9554.1,57324.6,Delivered,2026-06-13,2026,6,June,1
O05588,2025-03-13,P008,C0335,WH-South,5,7685.98,38429.9,Delivered,2025-03-15,2025,3,March,1
O05589,2025-04-16,P054,C0134,WH-East,9,5559.97,50039.73,Delivered,2025-04-18,2025,4,April,1
O05590,2025-10-09,P009,C0679,WH-South,4,6820.58,27282.32,Delivered,2025-10-11,2025,10,October,1
O05591,2025-05-13,P003,C0080,WH-West,5,8874.43,44372.15,Delivered,2025-05-18,2025,5,May,1
O05592,2026-06-18,P054,C0338,WH-West,15,5559.97,83399.55,Delivered,2026-06-20,2026,6,June,1
O05593,2025-09-26,P021,C0611,WH-North,1,2945.59,2945.59,Delivered,2025-10-03,2025,9,September,1
O05594,2026-02-16,P095,C0432,WH-East,12,5427.18,65126.16,Delivered,2026-02-19,2026,2,February,1
O05595,2025-01-18,P048,C0665,WH-West,12,8206.14,98473.68,Processing,2025-01-20,2025,1,January,0
O05596,2025-04-27,P047,C0481,WH-North,2,9554.1,19108.2,Processing,2025-05-05,2025,4,April,0
O05597,2025-05-24,P088,C0888,WH-East,3,7327.81,21983.43,Delivered,2025-05-31,2025,5,May,1
O05598,2026-02-26,P068,C0289,WH-East,5,7862.75,39313.75,Delivered,2026-02-28,2026,2,February,1
O05599,2026-01-04,P084,C0595,WH-North,12,9567.6,114811.2,Processing,2026-01-14,2026,1,January,0
O05600,2025-02-19,P063,C0102,WH-West,5,6119.08,30595.4,Delivered,2025-02-26,2025,2,February,1
O05601,2025-04-16,P016,C0331,WH-South,4,6037.0,24148.0,Delivered,2025-04-19,2025,4,April,1
O05602,2025-08-04,P074,C0376,WH-West,14,8610.83,120551.62,Delivered,2025-08-12,2025,8,August,1
O05603,2026-03-01,P090,C0231,WH-West,10,2450.87,24508.7,Delivered,2026-03-05,2026,3,March,1
O05604,2025-03-13,P093,C0451,WH-West,3,11181.17,33543.51,Delivered,2025-03-21,2025,3,March,1
O05605,2026-03-22,P005,C0764,WH-North,9,5461.2,49150.8,Delivered,2026-04-01,2026,3,March,1
O05606,2025-07-05,P011,C0870,WH-North,1,11449.02,11449.02,Returned,2025-07-11,2025,7,July,0
O05607,2025-03-11,P029,C0321,WH-South,6,7630.58,45783.48,Delivered,2025-03-13,2025,3,March,1
O05608,2025-05-30,P079,C0424,WH-West,7,8889.27,62224.89,Processing,2025-06-05,2025,5,May,0
O05609,2025-09-03,P070,C0025,WH-West,10,2886.35,28863.5,Delivered,2025-09-12,2025,9,September,1
O05610,2026-06-22,P048,C0569,WH-South,4,8206.14,32824.56,Delivered,2026-07-01,2026,6,June,1
O05611,2025-04-09,P015,C0416,WH-East,10,10925.43,109254.3,Delivered,2025-04-13,2025,4,April,1
O05612,2025-10-05,P084,C0302,WH-East,3,9567.6,28702.8,Returned,2025-10-10,2025,10,October,0
O05613,2026-03-31,P034,C0100,WH-South,8,7873.1,62984.8,Delivered,2026-04-09,2026,3,March,1
O05614,2025-04-14,P060,C0388,WH-West,9,1239.87,11158.83,Delivered,2025-04-23,2025,4,April,1
O05615,2025-08-21,P062,C0119,WH-North,13,11436.7,148677.1,Delivered,2025-08-29,2025,8,August,1
O05616,2026-01-29,P002,C0663,WH-West,1,9662.88,9662.88,Delivered,2026-02-05,2026,1,January,1
O05617,2026-05-16,P080,C0592,WH-South,15,6733.38,101000.7,Delivered,2026-05-21,2026,5,May,1
O05618,2025-09-08,P019,C0331,WH-South,15,6267.38,94010.7,Delivered,2025-09-18,2025,9,September,1
O05619,2026-06-05,P098,C0662,WH-South,15,2843.84,42657.6,Processing,2026-06-08,2026,6,June,0
O05620,2025-03-20,P049,C0359,WH-North,15,3014.05,45210.75,Delivered,2025-03-23,2025,3,March,1
O05621,2025-02-21,P078,C0126,WH-West,11,8749.35,96242.85,Delivered,2025-02-23,2025,2,February,1
O05622,2025-08-14,P088,C0289,WH-North,12,7327.81,87933.72,Cancelled,Unknown,2025,8,August,0
O05623,2025-02-20,P028,C0553,WH-East,10,1732.59,17325.9,Delivered,2025-02-24,2025,2,February,1
O05624,2025-07-05,P048,C0702,WH-West,9,8206.14,73855.26,Processing,2025-07-10,2025,7,July,0
O05625,2025-02-03,P096,C0934,WH-South,7,6299.54,44096.78,Delivered,2025-02-07,2025,2,February,1
O05626,2025-05-11,P037,C0440,WH-West,1,2141.55,2141.55,Processing,2025-05-18,2025,5,May,0
O05627,2026-03-19,P074,C0575,WH-South,7,8610.83,60275.81,Delivered,2026-03-29,2026,3,March,1
O05628,2026-03-08,P049,C0717,WH-North,5,3014.05,15070.25,Delivered,2026-03-17,2026,3,March,1
O05629,2026-05-12,P048,C0341,WH-West,10,8206.14,82061.4,Delivered,2026-05-19,2026,5,May,1
O05630,2026-02-07,P073,C0204,WH-South,13,5286.08,68719.04,Delivered,2026-02-16,2026,2,February,1
O05631,2025-11-19,P088,C0951,WH-North,13,7327.81,95261.53,Delivered,2025-11-28,2025,11,November,1
O05632,2025-07-29,P100,C0179,WH-West,7,6160.6,43124.2,Delivered,2025-08-05,2025,7,July,1
O05633,2025-11-25,P029,C0346,WH-West,12,7630.58,91566.96,Delivered,2025-11-28,2025,11,November,1
O05634,2026-01-07,P060,C0833,WH-East,9,1239.87,11158.83,Returned,2026-01-13,2026,1,January,0
O05635,2026-04-05,P029,C0105,WH-West,8,7630.58,61044.64,Delivered,2026-04-10,2026,4,April,1
O05636,2025-05-13,P058,C0313,WH-East,6,3596.21,21577.26,Delivered,2025-05-20,2025,5,May,1
O05637,2025-05-01,P048,C0086,WH-West,2,8206.14,16412.28,Delivered,2025-05-04,2025,5,May,1
O05638,2026-03-28,P023,C0923,WH-East,8,2561.5,20492.0,Delivered,2026-04-02,2026,3,March,1
O05639,2025-05-09,P027,C0441,WH-North,12,3927.78,47133.36,Delivered,2025-05-18,2025,5,May,1
O05640,2025-04-01,P095,C0951,WH-West,14,5427.18,75980.52,Delivered,2025-04-03,2025,4,April,1
O05641,2025-01-29,P007,C0480,WH-North,4,11389.37,45557.48,Delivered,2025-02-02,2025,1,January,1
O05642,2026-06-08,P049,C0328,WH-West,8,3014.05,24112.4,Delivered,2026-06-13,2026,6,June,1
O05643,2025-11-29,P054,C0251,WH-West,15,5559.97,83399.55,Delivered,2025-12-02,2025,11,November,1
O05644,2025-10-24,P068,C0482,WH-West,7,7862.75,55039.25,Delivered,2025-10-27,2025,10,October,1
O05645,2025-05-10,P078,C0850,WH-West,4,8749.35,34997.4,Delivered,2025-05-17,2025,5,May,1
O05646,2025-10-20,P042,C0004,WH-West,8,4932.36,39458.88,Delivered,2025-10-27,2025,10,October,1
O05647,2025-06-22,P074,C0833,WH-West,11,8610.83,94719.13,Delivered,2025-06-26,2025,6,June,1
O05648,2025-01-24,P059,C0184,WH-South,11,722.03,7942.33,Delivered,2025-02-02,2025,1,January,1
O05649,2025-04-09,P044,C0693,WH-West,12,3533.01,42396.12,Delivered,2025-04-13,2025,4,April,1
O05650,2026-02-10,P098,C0300,WH-East,11,2843.84,31282.24,Delivered,2026-02-13,2026,2,February,1
O05651,2025-12-22,P026,C0528,WH-West,2,8058.43,16116.86,Delivered,2025-12-28,2025,12,December,1
O05652,2025-05-19,P023,C0606,WH-North,9,2561.5,23053.5,Delivered,2025-05-27,2025,5,May,1
O05653,2026-05-18,P073,C0791,WH-East,6,5286.08,31716.48,Delivered,2026-05-20,2026,5,May,1
O05654,2025-06-23,P008,C0927,WH-East,7,7685.98,53801.86,Delivered,2025-06-26,2025,6,June,1
O05655,2025-01-29,P053,C0156,WH-East,10,8550.49,85504.9,Delivered,2025-02-01,2025,1,January,1
O05656,2026-05-11,P014,C0434,WH-South,1,8215.45,8215.45,Delivered,2026-05-20,2026,5,May,1
O05657,2025-12-17,P071,C0357,WH-West,3,4401.72,13205.16,Delivered,2025-12-24,2025,12,December,1
O05658,2025-10-26,P007,C0528,WH-North,14,11389.37,159451.18,Delivered,2025-10-31,2025,10,October,1
O05659,2025-07-11,P009,C0041,WH-North,10,6820.58,68205.8,Delivered,2025-07-16,2025,7,July,1
O05660,2025-03-05,P003,C0649,WH-North,5,8874.43,44372.15,Delivered,2025-03-11,2025,3,March,1
O05661,2025-08-03,P078,C0258,WH-South,15,8749.35,131240.25,Delivered,2025-08-07,2025,8,August,1
O05662,2025-06-15,P017,C0366,WH-South,12,8360.81,100329.72,Delivered,2025-06-20,2025,6,June,1
O05663,2026-06-27,P044,C0555,WH-South,7,3533.01,24731.07,Delivered,2026-07-02,2026,6,June,1
O05664,2025-08-20,P086,C0066,WH-West,1,3132.13,3132.13,Returned,2025-08-28,2025,8,August,0
O05665,2026-06-25,P046,C0864,WH-South,9,2032.34,18291.06,Delivered,2026-07-03,2026,6,June,1
O05666,2025-07-14,P090,C0208,WH-North,5,2450.87,12254.35,Delivered,2025-07-16,2025,7,July,1
O05667,2026-05-21,P058,C0245,WH-South,13,3596.21,46750.73,Returned,2026-05-25,2026,5,May,0
O05668,2025-11-30,P028,C0243,WH-North,12,1732.59,20791.08,Delivered,2025-12-10,2025,11,November,1
O05669,2025-10-31,P014,C0589,WH-East,3,8215.45,24646.35,Delivered,2025-11-07,2025,10,October,1
O05670,2026-03-13,P009,C0945,WH-North,7,6820.58,47744.06,Delivered,2026-03-20,2026,3,March,1
O05671,2025-11-19,P026,C0731,WH-East,10,8058.43,80584.3,Delivered,2025-11-24,2025,11,November,1
O05672,2026-05-17,P002,C0381,WH-West,8,9662.88,77303.04,Returned,2026-05-27,2026,5,May,0
O05673,2026-01-28,P075,C0223,WH-South,10,4757.22,47572.2,Returned,2026-02-01,2026,1,January,0
O05674,2025-05-29,P081,C0865,WH-West,10,8788.43,87884.3,Cancelled,Unknown,2025,5,May,0
O05675,2026-02-09,P034,C0021,WH-West,3,7873.1,23619.3,Cancelled,Unknown,2026,2,February,0
O05676,2025-10-10,P019,C0147,WH-West,7,6267.38,43871.66,Delivered,2025-10-13,2025,10,October,1
O05677,2025-12-28,P039,C0368,WH-East,7,2741.34,19189.38,Delivered,2026-01-01,2025,12,December,1
O05678,2026-01-14,P082,C0313,WH-South,4,7665.58,30662.32,Delivered,2026-01-16,2026,1,January,1
O05679,2025-07-17,P013,C0589,WH-West,10,359.86,3598.6,Delivered,2025-07-21,2025,7,July,1
O05680,2025-12-22,P005,C0316,WH-West,9,5461.2,49150.8,Delivered,2025-12-27,2025,12,December,1
O05681,2026-06-24,P050,C0403,WH-North,1,1973.84,1973.84,Delivered,2026-07-01,2026,6,June,1
O05682,2026-03-05,P023,C0867,WH-North,1,2561.5,2561.5,Returned,2026-03-13,2026,3,March,0
O05683,2025-01-17,P088,C0448,WH-South,5,7327.81,36639.05,Delivered,2025-01-21,2025,1,January,1
O05684,2026-01-14,P029,C0547,WH-North,13,7630.58,99197.54,Delivered,2026-01-22,2026,1,January,1
O05685,2026-05-21,P072,C0126,WH-East,3,7933.68,23801.04,Delivered,2026-05-26,2026,5,May,1
O05686,2025-03-17,P026,C0929,WH-East,10,8058.43,80584.3,Delivered,2025-03-19,2025,3,March,1
O05687,2025-08-19,P079,C0835,WH-East,13,8889.27,115560.51,Delivered,2025-08-21,2025,8,August,1
O05688,2025-09-05,P057,C0496,WH-West,9,919.99,8279.91,Delivered,2025-09-14,2025,9,September,1
O05689,2025-10-29,P001,C0981,WH-South,5,2324.33,11621.65,Delivered,2025-11-06,2025,10,October,1
O05690,2025-08-03,P028,C0744,WH-East,7,1732.59,12128.13,Delivered,2025-08-08,2025,8,August,1
O05691,2025-06-07,P062,Unknown,WH-East,1,11436.7,11436.7,Delivered,2025-06-09,2025,6,June,1
O05692,2025-03-10,P047,C0816,WH-East,2,9554.1,19108.2,Delivered,2025-03-17,2025,3,March,1
O05693,2026-01-28,P078,C0700,WH-East,15,8749.35,131240.25,Delivered,2026-02-05,2026,1,January,1
O05694,2025-03-26,P098,C0045,WH-East,11,2843.84,31282.24,Delivered,2025-04-02,2025,3,March,1
O05695,2025-09-24,P059,C0331,WH-East,12,722.03,8664.36,Processing,2025-10-01,2025,9,September,0
O05696,2025-03-10,P031,C0836,WH-South,4,1882.62,7530.48,Returned,2025-03-19,2025,3,March,0
O05697,2025-12-13,P070,C0964,WH-East,15,2886.35,43295.25,Delivered,2025-12-20,2025,12,December,1
O05698,2026-02-27,P049,C0911,WH-South,9,3014.05,27126.45,Cancelled,Unknown,2026,2,February,0
O05699,2025-06-23,P005,C0860,WH-South,5,5461.2,27306.0,Delivered,2025-07-01,2025,6,June,1
O05700,2025-04-25,P031,C0996,WH-South,5,1882.62,9413.1,Returned,2025-04-30,2025,4,April,0
O05701,2025-08-08,P037,C0072,WH-East,9,2141.55,19273.95,Delivered,2025-08-12,2025,8,August,1
O05702,2025-01-31,P079,C0728,WH-East,8,8889.27,71114.16,Delivered,2025-02-09,2025,1,January,1
O05703,2026-06-07,P015,C0098,WH-South,2,10925.43,21850.86,Delivered,2026-06-13,2026,6,June,1
O05704,2025-12-09,P052,C0271,WH-South,7,2109.04,14763.28,Delivered,2025-12-14,2025,12,December,1
O05705,2026-01-12,P069,C0407,WH-East,1,7876.01,7876.01,Delivered,2026-01-17,2026,1,January,1
O05706,2025-05-10,P092,C0444,WH-North,10,9918.59,99185.9,Delivered,2025-05-16,2025,5,May,1
O05707,2026-06-23,P097,C0091,WH-North,11,7927.96,87207.56,Delivered,2026-06-28,2026,6,June,1
O05708,2025-01-02,P011,C0654,WH-North,11,11449.02,125939.22,Delivered,2025-01-06,2025,1,January,1
O05709,2025-04-11,P043,C0117,WH-East,15,7218.47,108277.05,Delivered,2025-04-16,2025,4,April,1
O05710,2026-06-17,P070,C0514,WH-South,9,2886.35,25977.15,Delivered,2026-06-23,2026,6,June,1
O05711,2025-02-27,P023,C0893,WH-North,3,2561.5,7684.5,Delivered,2025-03-02,2025,2,February,1
O05712,2026-01-24,P040,C0995,WH-West,13,7396.64,96156.32,Delivered,2026-02-01,2026,1,January,1
O05713,2025-12-07,P063,C0043,WH-West,2,6119.08,12238.16,Delivered,2025-12-13,2025,12,December,1
O05714,2025-01-20,P002,C0071,WH-South,4,9662.88,38651.52,Delivered,2025-01-30,2025,1,January,1
O05715,2025-09-12,P079,C0144,WH-West,4,8889.27,35557.08,Delivered,2025-09-19,2025,9,September,1
O05716,2025-11-13,P087,C0342,WH-East,3,6619.57,19858.71,Delivered,2025-11-15,2025,11,November,1
O05717,2025-02-07,P086,C0758,WH-West,2,3132.13,6264.26,Delivered,2025-02-17,2025,2,February,1
O05718,2026-06-21,P073,C0796,WH-South,5,5286.08,26430.4,Delivered,2026-06-27,2026,6,June,1
O05719,2026-01-21,P047,C0928,WH-North,4,9554.1,38216.4,Delivered,2026-01-31,2026,1,January,1
O05720,2025-01-26,P030,C0839,WH-East,5,6989.65,34948.25,Delivered,2025-01-28,2025,1,January,1
O05721,2026-03-30,P016,C0726,WH-South,13,6037.0,78481.0,Delivered,2026-04-02,2026,3,March,1
O05722,2025-11-19,P059,C0107,WH-East,12,722.03,8664.36,Delivered,2025-11-23,2025,11,November,1
O05723,2026-05-28,P047,C0386,WH-North,12,9554.1,114649.2,Delivered,2026-06-03,2026,5,May,1
O05724,2025-01-13,P030,C0456,WH-North,8,6989.65,55917.2,Delivered,2025-01-20,2025,1,January,1
O05725,2026-01-06,P009,C0775,WH-North,11,6820.58,75026.38,Delivered,2026-01-12,2026,1,January,1
O05726,2025-10-18,P065,C0294,WH-East,15,6932.91,103993.65,Delivered,2025-10-20,2025,10,October,1
O05727,2025-11-28,P059,C0176,WH-West,2,722.03,1444.06,Delivered,2025-12-03,2025,11,November,1
O05728,2025-09-18,P064,C0981,WH-East,9,9772.25,87950.25,Delivered,2025-09-25,2025,9,September,1
O05729,2025-07-24,P008,C0107,WH-North,10,7685.98,76859.8,Cancelled,Unknown,2025,7,July,0
O05730,2026-01-22,P052,C0086,WH-East,1,2109.04,2109.04,Delivered,2026-01-27,2026,1,January,1
O05731,2026-04-13,P018,C0510,WH-East,8,6842.11,54736.88,Delivered,2026-04-19,2026,4,April,1
O05732,2026-02-19,P091,C0227,WH-West,12,3806.53,45678.36,Delivered,2026-02-28,2026,2,February,1
O05733,2025-03-10,P082,C0594,WH-North,5,7665.58,38327.9,Delivered,2025-03-16,2025,3,March,1
O05734,2026-04-17,P096,C0329,WH-West,2,6299.54,12599.08,Delivered,2026-04-25,2026,4,April,1
O05735,2025-04-14,P058,C0241,WH-North,8,3596.21,28769.68,Delivered,2025-04-23,2025,4,April,1
O05736,2025-06-10,P049,C0002,WH-South,5,3014.05,15070.25,Delivered,2025-06-17,2025,6,June,1
O05737,2025-07-19,P032,C0251,WH-North,10,8387.44,83874.4,Delivered,2025-07-26,2025,7,July,1
O05738,2025-08-04,P048,C0042,WH-East,15,8206.14,123092.1,Delivered,2025-08-07,2025,8,August,1
O05739,2025-07-31,P045,C0426,WH-South,14,11503.77,161052.78,Delivered,2025-08-06,2025,7,July,1
O05740,2026-05-23,P054,C0081,WH-East,10,5559.97,55599.7,Delivered,2026-05-25,2026,5,May,1
O05741,2025-01-16,P100,C0488,WH-South,13,6160.6,80087.8,Delivered,2025-01-26,2025,1,January,1
O05742,2026-05-13,P100,C0916,WH-East,14,6160.6,86248.4,Delivered,2026-05-21,2026,5,May,1
O05743,2025-11-28,P085,C0262,WH-South,3,1090.03,3270.09,Delivered,2025-12-01,2025,11,November,1
O05744,2025-09-13,P046,C0395,WH-South,7,2032.34,14226.38,Delivered,2025-09-20,2025,9,September,1
O05745,2025-06-21,P096,C0709,WH-East,4,6299.54,25198.16,Delivered,2025-07-01,2025,6,June,1
O05746,2026-05-13,P031,C0248,WH-South,11,1882.62,20708.82,Delivered,2026-05-19,2026,5,May,1
O05747,2026-04-16,P037,C0330,WH-East,11,2141.55,23557.05,Delivered,2026-04-20,2026,4,April,1
O05748,2026-01-19,P016,C0983,WH-West,10,6037.0,60370.0,Delivered,2026-01-24,2026,1,January,1
O05749,2026-05-22,P046,C0993,WH-East,12,2032.34,24388.08,Returned,2026-05-26,2026,5,May,0
O05750,2026-06-11,P046,C0808,WH-West,15,2032.34,30485.1,Cancelled,Unknown,2026,6,June,0
O05751,2025-11-21,P078,C0896,WH-South,6,8749.35,52496.1,Delivered,2025-11-29,2025,11,November,1
O05752,2025-08-02,P088,C0548,WH-North,10,7327.81,73278.1,Delivered,2025-08-11,2025,8,August,1
O05753,2025-07-27,P089,C0615,WH-West,8,5210.42,41683.36,Delivered,2025-07-30,2025,7,July,1
O05754,2025-06-18,P061,C0947,WH-North,1,9046.33,9046.33,Delivered,2025-06-27,2025,6,June,1
O05755,2025-11-26,P046,C0815,WH-North,2,2032.34,4064.68,Delivered,2025-12-06,2025,11,November,1
O05756,2025-10-07,P051,C0098,WH-East,14,506.74,7094.36,Delivered,2025-10-15,2025,10,October,1
O05757,2025-11-01,P062,C0145,WH-East,13,11436.7,148677.1,Delivered,2025-11-03,2025,11,November,1
O05758,2025-05-26,P035,C0794,WH-North,8,10862.84,86902.72,Delivered,2025-05-31,2025,5,May,1
O05759,2026-05-31,P081,C0949,WH-East,15,8788.43,131826.45,Delivered,2026-06-08,2026,5,May,1
O05760,2025-03-31,P042,C0127,WH-North,7,4932.36,34526.52,Delivered,2025-04-07,2025,3,March,1
O05761,2026-03-29,P045,C0304,WH-East,10,11503.77,115037.7,Delivered,2026-04-07,2026,3,March,1
O05762,2025-03-01,P068,C0795,WH-East,9,7862.75,70764.75,Delivered,2025-03-08,2025,3,March,1
O05763,2025-11-07,P075,C0814,WH-East,2,4757.22,9514.44,Delivered,2025-11-14,2025,11,November,1
O05764,2026-06-12,P047,C0579,WH-North,8,9554.1,76432.8,Delivered,2026-06-19,2026,6,June,1
O05765,2025-08-15,P079,C0379,WH-South,6,8889.27,53335.62,Delivered,2025-08-23,2025,8,August,1
O05766,2026-04-19,P030,C0147,WH-East,15,6989.65,104844.75,Delivered,2026-04-25,2026,4,April,1
O05767,2026-06-25,P024,C0840,WH-East,1,5645.0,5645.0,Delivered,2026-07-05,2026,6,June,1
O05768,2025-03-20,P066,C0081,WH-North,4,9296.31,37185.24,Delivered,2025-03-28,2025,3,March,1
O05769,2026-03-09,P043,C0765,WH-West,14,7218.47,101058.58,Delivered,2026-03-11,2026,3,March,1
O05770,2025-06-02,P034,C0242,WH-North,15,7873.1,118096.5,Cancelled,Unknown,2025,6,June,0
O05771,2026-02-05,P023,C0577,WH-East,2,2561.5,5123.0,Delivered,2026-02-12,2026,2,February,1
O05772,2025-10-06,P061,C0583,WH-East,7,9046.33,63324.31,Delivered,2025-10-15,2025,10,October,1
O05773,2025-02-26,P095,C0548,WH-South,9,5427.18,48844.62,Delivered,2025-03-08,2025,2,February,1
O05774,2025-07-05,P037,C0067,WH-East,6,2141.55,12849.3,Returned,2025-07-08,2025,7,July,0
O05775,2026-02-02,P013,C0595,WH-West,4,359.86,1439.44,Delivered,2026-02-05,2026,2,February,1
O05776,2025-06-07,P097,C0682,WH-East,5,7927.96,39639.8,Delivered,2025-06-13,2025,6,June,1
O05777,2025-12-25,P071,C0475,WH-East,11,4401.72,48418.92,Delivered,2025-12-31,2025,12,December,1
O05778,2026-03-16,P096,C0579,WH-South,1,6299.54,6299.54,Delivered,2026-03-19,2026,3,March,1
O05779,2026-04-11,P007,C0610,WH-West,13,11389.37,148061.81,Delivered,2026-04-16,2026,4,April,1
O05780,2026-03-22,P042,C0837,WH-West,4,4932.36,19729.44,Delivered,2026-04-01,2026,3,March,1
O05781,2026-05-03,P038,C0433,WH-East,13,9847.32,128015.16,Delivered,2026-05-08,2026,5,May,1
O05782,2026-06-14,P052,C0805,WH-West,10,2109.04,21090.4,Delivered,2026-06-16,2026,6,June,1
O05783,2025-03-14,P044,C0762,WH-South,3,3533.01,10599.03,Delivered,2025-03-20,2025,3,March,1
O05784,2025-01-17,P064,C0302,WH-North,9,9772.25,87950.25,Delivered,2025-01-20,2025,1,January,1
O05785,2026-06-15,P013,C0720,WH-East,6,359.86,2159.16,Delivered,2026-06-22,2026,6,June,1
O05786,2025-11-22,P088,C0824,WH-East,15,7327.81,109917.15,Delivered,2025-11-24,2025,11,November,1
O05787,2026-06-30,P028,C0375,WH-West,4,1732.59,6930.36,Delivered,2026-07-08,2026,6,June,1
O05788,2025-07-21,P096,C0575,WH-East,3,6299.54,18898.62,Delivered,2025-07-29,2025,7,July,1
O05789,2025-12-10,P082,C0078,WH-East,12,7665.58,91986.96,Delivered,2025-12-15,2025,12,December,1
O05790,2026-06-07,P098,C0030,WH-South,15,2843.84,42657.6,Returned,2026-06-17,2026,6,June,0
O05791,2026-02-04,P098,C0352,WH-North,13,2843.84,36969.92,Delivered,2026-02-08,2026,2,February,1
O05792,2025-08-06,P001,C0763,WH-North,4,2324.33,9297.32,Delivered,2025-08-12,2025,8,August,1
O05793,2026-03-21,P043,C0831,WH-West,8,7218.47,57747.76,Delivered,2026-03-27,2026,3,March,1
O05794,2025-08-10,P042,C0115,WH-South,12,4932.36,59188.32,Cancelled,Unknown,2025,8,August,0
O05795,2026-01-18,P095,C0877,WH-South,5,5427.18,27135.9,Delivered,2026-01-23,2026,1,January,1
O05796,2025-01-07,P050,C0332,WH-South,13,1973.84,25659.92,Delivered,2025-01-09,2025,1,January,1
O05797,2025-09-29,P060,C0505,WH-South,15,1239.87,18598.05,Delivered,2025-10-05,2025,9,September,1
O05798,2025-01-16,P001,C0731,WH-East,11,2324.33,25567.63,Delivered,2025-01-18,2025,1,January,1
O05799,2026-02-28,P051,C0154,WH-West,1,506.74,506.74,Cancelled,Unknown,2026,2,February,0
O05800,2026-06-08,P016,C0733,WH-West,5,6037.0,30185.0,Processing,2026-06-15,2026,6,June,0
O05801,2025-01-21,P039,C0535,WH-East,8,2741.34,21930.72,Delivered,2025-01-23,2025,1,January,1
O05802,2025-08-16,P015,C0369,WH-West,11,10925.43,120179.73,Delivered,2025-08-20,2025,8,August,1
O05803,2025-10-15,P033,C0726,WH-South,15,7876.29,118144.35,Delivered,2025-10-23,2025,10,October,1
O05804,2025-05-14,P087,C0660,WH-East,12,6619.57,79434.84,Delivered,2025-05-17,2025,5,May,1
O05805,2025-10-10,P053,C0358,WH-East,4,8550.49,34201.96,Delivered,2025-10-17,2025,10,October,1
O05806,2026-02-08,P098,C0302,WH-North,14,2843.84,39813.76,Returned,2026-02-16,2026,2,February,0
O05807,2025-03-07,P017,C0720,WH-East,2,8360.81,16721.62,Delivered,2025-03-10,2025,3,March,1
O05808,2026-03-13,P089,C0671,WH-North,13,5210.42,67735.46,Delivered,2026-03-19,2026,3,March,1
O05809,2025-09-16,P006,C0451,WH-East,15,716.9,10753.5,Delivered,2025-09-18,2025,9,September,1
O05810,2025-04-13,P031,C0917,WH-West,3,1882.62,5647.86,Returned,2025-04-17,2025,4,April,0
O05811,2025-04-11,P069,C0307,WH-North,14,7876.01,110264.14,Delivered,2025-04-13,2025,4,April,1
O05812,2025-07-17,P040,C0679,WH-North,11,7396.64,81363.04,Delivered,2025-07-21,2025,7,July,1
O05813,2025-08-14,P030,C0063,WH-North,9,6989.65,62906.85,Delivered,2025-08-19,2025,8,August,1
O05814,2026-04-08,P069,C0837,WH-North,14,7876.01,110264.14,Delivered,2026-04-14,2026,4,April,1
O05815,2025-08-25,P076,C0276,WH-South,7,2781.69,19471.83,Delivered,2025-08-30,2025,8,August,1
O05816,2025-01-26,P007,C0511,WH-East,3,11389.37,34168.11,Cancelled,Unknown,2025,1,January,0
O05817,2025-05-01,P013,C0887,WH-South,5,359.86,1799.3,Delivered,2025-05-11,2025,5,May,1
O05818,2026-05-21,P004,C0535,WH-West,3,5647.39,16942.17,Delivered,2026-05-31,2026,5,May,1
O05819,2025-07-01,P050,C0736,WH-East,10,1973.84,19738.4,Delivered,2025-07-11,2025,7,July,1
O05820,2026-06-27,P003,C0938,WH-South,4,8874.43,35497.72,Delivered,2026-07-03,2026,6,June,1
O05821,2025-11-11,P012,C0713,WH-East,12,3219.93,38639.16,Delivered,2025-11-17,2025,11,November,1
O05822,2025-09-30,P065,C0387,WH-South,8,6932.91,55463.28,Delivered,2025-10-03,2025,9,September,1
O05823,2025-08-20,P027,C0795,WH-West,14,3927.78,54988.92,Returned,2025-08-27,2025,8,August,0
O05824,2026-02-24,P050,C0859,WH-South,3,1973.84,5921.52,Delivered,2026-02-27,2026,2,February,1
O05825,2026-03-18,P077,C0458,WH-West,3,12073.98,36221.94,Delivered,2026-03-24,2026,3,March,1
O05826,2026-05-11,P017,C0848,WH-North,11,8360.81,91968.91,Delivered,2026-05-17,2026,5,May,1
O05827,2025-01-24,P072,C0408,WH-South,11,7933.68,87270.48,Delivered,2025-01-29,2025,1,January,1
O05828,2025-04-19,P032,C0727,WH-North,8,8387.44,67099.52,Delivered,2025-04-25,2025,4,April,1
O05829,2026-05-17,P084,C0777,WH-West,10,9567.6,95676.0,Delivered,2026-05-25,2026,5,May,1
O05830,2025-01-25,P051,C0386,WH-North,13,506.74,6587.62,Delivered,2025-01-28,2025,1,January,1
O05831,2025-07-06,P017,C0390,WH-South,10,8360.81,83608.1,Delivered,2025-07-08,2025,7,July,1
O05832,2025-10-15,P034,C0229,WH-East,7,7873.1,55111.7,Cancelled,Unknown,2025,10,October,0
O05833,2025-12-04,P035,C0227,WH-South,7,10862.84,76039.88,Processing,2025-12-12,2025,12,December,0
O05834,2025-02-06,P099,C0327,WH-North,10,1477.4,14774.0,Delivered,2025-02-08,2025,2,February,1
O05835,2025-05-17,P024,C0335,WH-North,2,5645.0,11290.0,Delivered,2025-05-22,2025,5,May,1
O05836,2026-05-23,P054,C0277,WH-South,12,5559.97,66719.64,Delivered,2026-05-30,2026,5,May,1
O05837,2025-08-15,P018,C0230,WH-South,7,6842.11,47894.77,Processing,2025-08-22,2025,8,August,0
O05838,2025-11-16,P050,C0868,WH-South,10,1973.84,19738.4,Delivered,2025-11-18,2025,11,November,1
O05839,2025-07-01,P046,C0727,WH-South,11,2032.34,22355.74,Delivered,2025-07-09,2025,7,July,1
O05840,2025-03-27,P048,C0157,WH-West,10,8206.14,82061.4,Delivered,2025-04-02,2025,3,March,1
O05841,2026-04-12,P033,C0013,WH-East,3,7876.29,23628.87,Delivered,2026-04-19,2026,4,April,1
O05842,2025-02-22,P087,C0503,WH-North,14,6619.57,92673.98,Delivered,2025-02-24,2025,2,February,1
O05843,2025-08-23,P089,C0197,WH-West,7,5210.42,36472.94,Delivered,2025-08-31,2025,8,August,1
O05844,2026-03-09,P027,C0623,WH-South,13,3927.78,51061.14,Delivered,2026-03-14,2026,3,March,1
O05845,2026-05-11,P001,C0615,WH-South,4,2324.33,9297.32,Delivered,2026-05-15,2026,5,May,1
O05846,2025-04-10,P085,C0103,WH-West,13,1090.03,14170.39,Delivered,2025-04-15,2025,4,April,1
O05847,2026-02-07,P059,C0170,WH-South,8,722.03,5776.24,Delivered,2026-02-17,2026,2,February,1
O05848,2026-01-31,P010,C0109,WH-North,8,8992.72,71941.76,Delivered,2026-02-06,2026,1,January,1
O05849,2026-06-11,P095,C0376,WH-North,6,5427.18,32563.08,Delivered,2026-06-17,2026,6,June,1
O05850,2026-02-19,P025,C0126,WH-North,13,2564.25,33335.25,Delivered,2026-02-28,2026,2,February,1
O05851,2026-04-08,P084,C0747,WH-West,12,9567.6,114811.2,Cancelled,Unknown,2026,4,April,0
O05852,2026-06-25,P057,C0385,WH-South,3,919.99,2759.97,Delivered,2026-06-29,2026,6,June,1
O05853,2025-12-30,P066,C0148,WH-West,6,9296.31,55777.86,Delivered,2026-01-01,2025,12,December,1
O05854,2025-05-10,P015,C0683,WH-North,6,10925.43,65552.58,Delivered,2025-05-13,2025,5,May,1
O05855,2025-03-25,P028,C0001,WH-West,3,1732.59,5197.77,Delivered,2025-03-29,2025,3,March,1
O05856,2025-09-28,P013,C0995,WH-South,11,359.86,3958.46,Delivered,2025-09-30,2025,9,September,1
O05857,2025-09-01,P014,C0552,WH-South,4,8215.45,32861.8,Cancelled,Unknown,2025,9,September,0
O05858,2026-01-23,P066,C0749,WH-East,15,9296.31,139444.65,Delivered,2026-02-01,2026,1,January,1
O05859,2025-08-02,P034,C0007,WH-East,2,7873.1,15746.2,Delivered,2025-08-11,2025,8,August,1
O05860,2025-06-15,P099,C0163,WH-East,15,1477.4,22161.0,Delivered,2025-06-18,2025,6,June,1
O05861,2025-02-28,P025,C0436,WH-North,1,2564.25,2564.25,Delivered,2025-03-09,2025,2,February,1
O05862,2026-05-19,P054,C0802,WH-East,2,5559.97,11119.94,Cancelled,Unknown,2026,5,May,0
O05863,2025-05-03,P079,C0434,WH-North,7,8889.27,62224.89,Delivered,2025-05-09,2025,5,May,1
O05864,2026-02-17,P012,C0325,WH-West,10,3219.93,32199.3,Delivered,2026-02-19,2026,2,February,1
O05865,2025-05-19,P009,C0157,WH-South,5,6820.58,34102.9,Delivered,2025-05-29,2025,5,May,1
O05866,2025-08-17,P031,C0114,WH-West,9,1882.62,16943.58,Delivered,2025-08-22,2025,8,August,1
O05867,2025-10-01,P078,C0112,WH-East,3,8749.35,26248.05,Delivered,2025-10-04,2025,10,October,1
O05868,2026-03-15,P093,C0987,WH-East,2,11181.17,22362.34,Delivered,2026-03-17,2026,3,March,1
O05869,2025-04-28,P053,C0455,WH-North,15,8550.49,128257.35,Delivered,2025-05-05,2025,4,April,1
O05870,2026-04-28,P043,C0769,WH-North,4,7218.47,28873.88,Delivered,2026-05-07,2026,4,April,1
O05871,2026-01-30,P038,C0073,WH-West,2,9847.32,19694.64,Delivered,2026-02-04,2026,1,January,1
O05872,2026-04-05,P042,C0954,WH-West,11,4932.36,54255.96,Delivered,2026-04-07,2026,4,April,1
O05873,2025-03-19,P072,C0193,WH-East,7,7933.68,55535.76,Delivered,2025-03-21,2025,3,March,1
O05874,2026-02-16,P048,C0475,WH-North,10,8206.14,82061.4,Delivered,2026-02-23,2026,2,February,1
O05875,2025-03-16,P067,C0273,WH-North,6,3626.7,21760.2,Delivered,2025-03-19,2025,3,March,1
O05876,2025-10-22,P066,C0958,WH-West,8,9296.31,74370.48,Delivered,2025-10-28,2025,10,October,1
O05877,2025-01-21,P016,C0736,WH-North,13,6037.0,78481.0,Delivered,2025-01-24,2025,1,January,1
O05878,2025-06-20,P083,C0873,WH-West,5,1377.9,6889.5,Processing,2025-06-30,2025,6,June,0
O05879,2025-01-15,P094,C0094,WH-South,2,9560.46,19120.92,Cancelled,Unknown,2025,1,January,0
O05880,2025-07-30,P016,C0719,WH-East,13,6037.0,78481.0,Delivered,2025-08-05,2025,7,July,1
O05881,2025-03-27,P031,C0682,WH-North,4,1882.62,7530.48,Delivered,2025-04-01,2025,3,March,1
O05882,2025-05-29,P058,C0668,WH-North,1,3596.21,3596.21,Delivered,2025-05-31,2025,5,May,1
O05883,2026-01-07,P028,C0756,WH-South,2,1732.59,3465.18,Returned,2026-01-17,2026,1,January,0
O05884,2026-04-25,P004,C0515,WH-South,4,5647.39,22589.56,Delivered,2026-04-29,2026,4,April,1
O05885,2025-05-31,P010,C0220,WH-South,6,8992.72,53956.32,Delivered,2025-06-09,2025,5,May,1
O05886,2025-05-21,P051,C0005,WH-West,4,506.74,2026.96,Delivered,2025-05-26,2025,5,May,1
O05887,2025-03-10,P018,C0194,WH-West,4,6842.11,27368.44,Delivered,2025-03-20,2025,3,March,1
O05888,2025-09-17,P047,C0054,WH-South,14,9554.1,133757.4,Delivered,2025-09-23,2025,9,September,1
O05889,2026-06-05,P032,C0934,WH-East,11,8387.44,92261.84,Processing,2026-06-08,2026,6,June,0
O05890,2026-01-06,P030,C0976,WH-East,10,6989.65,69896.5,Delivered,2026-01-15,2026,1,January,1
O05891,2026-02-23,P036,C0812,WH-North,10,9014.91,90149.1,Delivered,2026-02-28,2026,2,February,1
O05892,2025-04-11,P009,C0209,WH-West,2,6820.58,13641.16,Delivered,2025-04-14,2025,4,April,1
O05893,2025-08-31,P036,C0588,WH-East,9,9014.91,81134.19,Delivered,2025-09-07,2025,8,August,1
O05894,2026-05-27,P029,C0730,WH-North,12,7630.58,91566.96,Delivered,2026-05-29,2026,5,May,1
O05895,2025-04-05,P016,C0953,WH-East,10,6037.0,60370.0,Delivered,2025-04-14,2025,4,April,1
O05896,2025-08-14,P092,C0497,WH-West,8,9918.59,79348.72,Delivered,2025-08-24,2025,8,August,1
O05897,2026-06-02,P021,C0630,WH-East,8,2945.59,23564.72,Delivered,2026-06-10,2026,6,June,1
O05898,2025-08-02,P064,Unknown,WH-East,5,9772.25,48861.25,Delivered,2025-08-12,2025,8,August,1
O05899,2025-03-08,P066,C0792,WH-West,3,9296.31,27888.93,Delivered,2025-03-11,2025,3,March,1
O05900,2026-01-31,P059,C0080,WH-North,6,722.03,4332.18,Delivered,2026-02-02,2026,1,January,1
O05901,2025-01-12,P099,Unknown,WH-North,14,1477.4,20683.6,Delivered,2025-01-20,2025,1,January,1
O05902,2025-08-25,P028,C0699,WH-South,9,1732.59,15593.31,Delivered,2025-08-30,2025,8,August,1
O05903,2026-02-03,P055,C0008,WH-North,8,1487.11,11896.88,Delivered,2026-02-12,2026,2,February,1
O05904,2026-02-11,P100,C0091,WH-South,7,6160.6,43124.2,Delivered,2026-02-15,2026,2,February,1
O05905,2026-04-25,P031,C0346,WH-West,14,1882.62,26356.68,Delivered,2026-05-03,2026,4,April,1
O05906,2025-08-10,P033,C0351,WH-North,11,7876.29,86639.19,Delivered,2025-08-18,2025,8,August,1
O05907,2025-06-05,P087,C0210,WH-West,15,6619.57,99293.55,Delivered,2025-06-15,2025,6,June,1
O05908,2026-03-04,P060,C0258,WH-North,8,1239.87,9918.96,Delivered,2026-03-09,2026,3,March,1
O05909,2025-06-07,P041,C0041,WH-East,4,10031.16,40124.64,Delivered,2025-06-09,2025,6,June,1
O05910,2026-02-20,P081,C0727,WH-North,6,8788.43,52730.58,Cancelled,Unknown,2026,2,February,0
O05911,2025-11-22,P046,C0696,WH-East,15,2032.34,30485.1,Delivered,2025-11-29,2025,11,November,1
O05912,2026-01-06,P049,C0304,WH-North,15,3014.05,45210.75,Delivered,2026-01-08,2026,1,January,1
O05913,2025-12-10,P065,C0241,WH-West,14,6932.91,97060.74,Delivered,2025-12-20,2025,12,December,1
O05914,2025-09-19,P042,C0618,WH-South,5,4932.36,24661.8,Delivered,2025-09-28,2025,9,September,1
O05915,2025-10-10,P023,C0534,WH-North,12,2561.5,30738.0,Delivered,2025-10-15,2025,10,October,1
O05916,2025-08-17,P027,C0865,WH-West,2,3927.78,7855.56,Delivered,2025-08-23,2025,8,August,1
O05917,2025-10-07,P089,C0245,WH-East,8,5210.42,41683.36,Delivered,2025-10-16,2025,10,October,1
O05918,2025-10-17,P032,C0786,WH-East,3,8387.44,25162.32,Delivered,2025-10-20,2025,10,October,1
O05919,2025-02-16,P083,C0591,WH-East,14,1377.9,19290.6,Delivered,2025-02-23,2025,2,February,1
O05920,2025-08-02,P088,C0937,WH-East,5,7327.81,36639.05,Delivered,2025-08-05,2025,8,August,1
O05921,2025-01-24,P003,C0835,WH-West,8,8874.43,70995.44,Delivered,2025-02-02,2025,1,January,1
O05922,2025-11-17,P060,C0304,WH-North,11,1239.87,13638.57,Delivered,2025-11-23,2025,11,November,1
O05923,2025-10-01,P076,C0890,WH-East,15,2781.69,41725.35,Delivered,2025-10-05,2025,10,October,1
O05924,2025-11-09,P099,C0535,WH-East,9,1477.4,13296.6,Delivered,2025-11-12,2025,11,November,1
O05925,2025-12-29,P079,C0111,WH-North,13,8889.27,115560.51,Delivered,2026-01-03,2025,12,December,1
O05926,2026-01-15,P017,C0130,WH-West,15,8360.81,125412.15,Delivered,2026-01-24,2026,1,January,1
O05927,2026-04-15,P032,C0362,WH-East,9,8387.44,75486.96,Delivered,2026-04-17,2026,4,April,1
O05928,2025-04-26,P007,C0260,WH-South,14,11389.37,159451.18,Delivered,2025-04-30,2025,4,April,1
O05929,2025-02-11,P083,C0666,WH-West,5,1377.9,6889.5,Delivered,2025-02-13,2025,2,February,1
O05930,2026-01-14,P071,C0531,WH-South,2,4401.72,8803.44,Delivered,2026-01-17,2026,1,January,1
O05931,2025-07-25,P069,C0561,WH-West,7,7876.01,55132.07,Cancelled,Unknown,2025,7,July,0
O05932,2026-04-11,P058,C0586,WH-East,11,3596.21,39558.31,Delivered,2026-04-13,2026,4,April,1
O05933,2025-10-07,P040,C0214,WH-West,11,7396.64,81363.04,Delivered,2025-10-17,2025,10,October,1
O05934,2025-04-28,P085,C0053,WH-West,7,1090.03,7630.21,Returned,2025-05-07,2025,4,April,0
O05935,2025-08-25,P048,C0902,WH-South,15,8206.14,123092.1,Delivered,2025-08-27,2025,8,August,1
O05936,2025-11-05,P051,C0190,WH-West,12,506.74,6080.88,Delivered,2025-11-07,2025,11,November,1
O05937,2026-04-01,P057,C0641,WH-West,13,919.99,11959.87,Returned,2026-04-04,2026,4,April,0
O05938,2026-04-20,P071,C0491,WH-East,8,4401.72,35213.76,Delivered,2026-04-23,2026,4,April,1
O05939,2025-04-10,P037,C0144,WH-North,8,2141.55,17132.4,Delivered,2025-04-17,2025,4,April,1
O05940,2025-09-18,P087,C0760,WH-South,5,6619.57,33097.85,Delivered,2025-09-20,2025,9,September,1
O05941,2025-11-01,P075,C0180,WH-South,15,4757.22,71358.3,Delivered,2025-11-06,2025,11,November,1
O05942,2025-12-20,P074,C0519,WH-North,1,8610.83,8610.83,Delivered,2025-12-28,2025,12,December,1
O05943,2025-10-13,P085,C0856,WH-South,13,1090.03,14170.39,Delivered,2025-10-23,2025,10,October,1
O05944,2025-11-24,P055,C0803,WH-East,11,1487.11,16358.21,Returned,2025-11-28,2025,11,November,0
O05945,2025-04-13,P041,C0718,WH-West,13,10031.16,130405.08,Delivered,2025-04-18,2025,4,April,1
O05946,2025-03-04,P097,C0068,WH-West,4,7927.96,31711.84,Delivered,2025-03-10,2025,3,March,1
O05947,2025-10-09,P020,C0873,WH-East,4,2297.9,9191.6,Delivered,2025-10-15,2025,10,October,1
O05948,2026-03-17,P033,C0655,WH-South,15,7876.29,118144.35,Delivered,2026-03-20,2026,3,March,1
O05949,2025-10-20,P040,C0108,WH-West,11,7396.64,81363.04,Delivered,2025-10-26,2025,10,October,1
O05950,2025-01-07,P099,C0185,WH-North,3,1477.4,4432.2,Delivered,2025-01-09,2025,1,January,1
O05951,2025-04-02,P034,C0752,WH-West,8,7873.1,62984.8,Delivered,2025-04-10,2025,4,April,1
O05952,2025-07-09,P062,C0151,WH-East,3,11436.7,34310.1,Delivered,2025-07-15,2025,7,July,1
O05953,2026-04-21,P100,C0723,WH-West,13,6160.6,80087.8,Delivered,2026-04-28,2026,4,April,1
O05954,2026-05-26,P091,C0590,WH-East,5,3806.53,19032.65,Delivered,2026-06-05,2026,5,May,1
O05955,2026-04-07,P019,C0475,WH-South,2,6267.38,12534.76,Delivered,2026-04-11,2026,4,April,1
O05956,2025-02-22,P043,C0740,WH-North,6,7218.47,43310.82,Delivered,2025-02-24,2025,2,February,1
O05957,2026-05-01,P069,C0759,WH-East,15,7876.01,118140.15,Delivered,2026-05-10,2026,5,May,1
O05958,2026-05-05,P063,C0893,WH-North,6,6119.08,36714.48,Delivered,2026-05-08,2026,5,May,1
O05959,2025-12-30,P093,C0102,WH-South,8,11181.17,89449.36,Delivered,2026-01-02,2025,12,December,1
O05960,2025-04-22,P010,C0726,WH-South,8,8992.72,71941.76,Cancelled,Unknown,2025,4,April,0
O05961,2026-02-13,P013,C0139,WH-East,1,359.86,359.86,Delivered,2026-02-19,2026,2,February,1
O05962,2025-01-07,P093,C0388,WH-West,5,11181.17,55905.85,Delivered,2025-01-09,2025,1,January,1
O05963,2025-07-16,P005,C0698,WH-North,2,5461.2,10922.4,Delivered,2025-07-20,2025,7,July,1
O05964,2026-01-02,P058,C0992,WH-West,10,3596.21,35962.1,Delivered,2026-01-11,2026,1,January,1
O05965,2025-09-07,P059,C0680,WH-North,12,722.03,8664.36,Delivered,2025-09-14,2025,9,September,1
O05966,2025-08-28,P076,C0489,WH-South,5,2781.69,13908.45,Delivered,2025-09-01,2025,8,August,1
O05967,2026-01-15,P059,C0058,WH-South,10,722.03,7220.3,Delivered,2026-01-23,2026,1,January,1
O05968,2026-04-16,P077,C0631,WH-South,12,12073.98,144887.76,Delivered,2026-04-23,2026,4,April,1
O05969,2026-03-31,P086,C0088,WH-West,9,3132.13,28189.17,Delivered,2026-04-06,2026,3,March,1
O05970,2026-01-01,P015,C0122,WH-South,4,10925.43,43701.72,Processing,2026-01-10,2026,1,January,0
O05971,2025-10-17,P077,C0994,WH-West,8,12073.98,96591.84,Delivered,2025-10-26,2025,10,October,1
O05972,2026-02-07,P001,C0244,WH-South,1,2324.33,2324.33,Delivered,2026-02-11,2026,2,February,1
O05973,2025-02-27,P038,C0067,WH-West,8,9847.32,78778.56,Delivered,2025-03-08,2025,2,February,1
O05974,2026-06-05,P053,C0294,WH-East,6,8550.49,51302.94,Delivered,2026-06-15,2026,6,June,1
O05975,2025-10-31,P052,C0130,WH-East,8,2109.04,16872.32,Delivered,2025-11-04,2025,10,October,1
O05976,2025-04-25,P001,C0855,WH-North,6,2324.33,13945.98,Delivered,2025-05-04,2025,4,April,1
O05977,2025-07-29,P011,C0040,WH-West,11,11449.02,125939.22,Delivered,2025-08-07,2025,7,July,1
O05978,2025-02-10,P058,C0212,WH-West,3,3596.21,10788.63,Delivered,2025-02-18,2025,2,February,1
O05979,2025-06-22,P040,C0056,WH-East,15,7396.64,110949.6,Delivered,2025-07-01,2025,6,June,1
O05980,2025-08-22,P086,C0712,WH-East,12,3132.13,37585.56,Delivered,2025-08-24,2025,8,August,1
O05981,2026-02-07,P099,C0291,WH-East,15,1477.4,22161.0,Delivered,2026-02-11,2026,2,February,1
O05982,2025-02-08,P060,C0817,WH-North,11,1239.87,13638.57,Delivered,2025-02-15,2025,2,February,1
O05983,2025-04-29,P044,C0619,WH-East,8,3533.01,28264.08,Delivered,2025-05-07,2025,4,April,1
O05984,2025-12-01,P006,C0707,WH-North,5,716.9,3584.5,Delivered,2025-12-09,2025,12,December,1
O05985,2025-12-02,P028,C0352,WH-North,12,1732.59,20791.08,Delivered,2025-12-09,2025,12,December,1
O05986,2026-06-23,P031,C0122,WH-East,10,1882.62,18826.2,Delivered,2026-06-28,2026,6,June,1
O05987,2025-03-15,P008,C0095,WH-East,5,7685.98,38429.9,Returned,2025-03-21,2025,3,March,0
O05988,2025-07-10,P005,C0428,WH-East,15,5461.2,81918.0,Delivered,2025-07-20,2025,7,July,1
O05989,2025-11-20,P054,C0799,WH-West,12,5559.97,66719.64,Delivered,2025-11-22,2025,11,November,1
O05990,2025-05-27,P017,C0637,WH-South,7,8360.81,58525.67,Delivered,2025-05-30,2025,5,May,1
O05991,2025-10-11,P038,C0449,WH-West,6,9847.32,59083.92,Delivered,2025-10-17,2025,10,October,1
O05992,2025-08-01,P009,C0844,WH-North,9,6820.58,61385.22,Returned,2025-08-07,2025,8,August,0
O05993,2026-01-29,P074,C0638,WH-North,7,8610.83,60275.81,Delivered,2026-02-06,2026,1,January,1
O05994,2025-12-05,P084,C0914,WH-South,3,9567.6,28702.8,Delivered,2025-12-14,2025,12,December,1
O05995,2025-01-22,P078,C0344,WH-South,11,8749.35,96242.85,Delivered,2025-01-29,2025,1,January,1
O05996,2025-04-15,P014,C0548,WH-East,11,8215.45,90369.95,Returned,2025-04-22,2025,4,April,0
O05997,2026-04-11,P026,C0958,WH-West,12,8058.43,96701.16,Delivered,2026-04-17,2026,4,April,1
O05998,2026-04-04,P093,C0925,WH-West,5,11181.17,55905.85,Delivered,2026-04-10,2026,4,April,1
O05999,2026-03-08,P062,C0729,WH-West,9,11436.7,102930.3,Delivered,2026-03-17,2026,3,March,1
O06000,2025-08-09,P091,C0919,WH-South,11,3806.53,41871.83,Cancelled,Unknown,2025,8,August,0
O06001,2026-01-14,P025,C0003,WH-West,13,2564.25,33335.25,Delivered,2026-01-21,2026,1,January,1
O06002,2025-08-10,P080,C0030,WH-South,15,6733.38,101000.7,Processing,2025-08-14,2025,8,August,0
O06003,2025-09-15,P036,C0977,WH-West,10,9014.91,90149.1,Processing,2025-09-21,2025,9,September,0
O06004,2026-01-02,P098,C0255,WH-South,14,2843.84,39813.76,Delivered,2026-01-12,2026,1,January,1
O06005,2025-12-15,P080,C0045,WH-West,2,6733.38,13466.76,Delivered,2025-12-19,2025,12,December,1
O06006,2025-08-13,P033,C0177,WH-North,1,7876.29,7876.29,Delivered,2025-08-22,2025,8,August,1
O06007,2025-08-24,P003,C0222,WH-South,11,8874.43,97618.73,Delivered,2025-09-01,2025,8,August,1
O06008,2025-07-02,P087,C0625,WH-East,8,6619.57,52956.56,Delivered,2025-07-07,2025,7,July,1
O06009,2026-03-20,P011,C0122,WH-North,8,11449.02,91592.16,Delivered,2026-03-26,2026,3,March,1
O06010,2025-01-06,P058,C0275,WH-North,2,3596.21,7192.42,Delivered,2025-01-15,2025,1,January,1
O06011,2025-08-24,P064,C0960,WH-South,14,9772.25,136811.5,Returned,2025-09-01,2025,8,August,0
O06012,2025-05-07,P018,C0901,WH-West,13,6842.11,88947.43,Delivered,2025-05-10,2025,5,May,1
O06013,2025-04-14,P047,C0744,WH-West,8,9554.1,76432.8,Delivered,2025-04-23,2025,4,April,1
O06014,2026-04-25,P044,C0312,WH-South,5,3533.01,17665.05,Delivered,2026-05-04,2026,4,April,1
O06015,2025-06-04,P093,C0418,WH-West,2,11181.17,22362.34,Delivered,2025-06-14,2025,6,June,1
O06016,2025-09-14,P059,C0761,WH-West,7,722.03,5054.21,Delivered,2025-09-17,2025,9,September,1
O06017,2025-08-23,P050,C0329,WH-West,7,1973.84,13816.88,Delivered,2025-08-28,2025,8,August,1
O06018,2026-05-15,P069,C0103,WH-South,3,7876.01,23628.03,Delivered,2026-05-18,2026,5,May,1
O06019,2025-10-16,P088,C0688,WH-South,14,7327.81,102589.34,Delivered,2025-10-21,2025,10,October,1
O06020,2026-05-25,P029,C0748,WH-East,1,7630.58,7630.58,Delivered,2026-05-29,2026,5,May,1
O06021,2025-10-25,P093,C0282,WH-West,11,11181.17,122992.87,Delivered,2025-11-02,2025,10,October,1
O06022,2025-05-17,P090,C0245,WH-West,4,2450.87,9803.48,Delivered,2025-05-23,2025,5,May,1
O06023,2026-01-11,P067,C0133,WH-South,2,3626.7,7253.4,Cancelled,Unknown,2026,1,January,0
O06024,2025-03-28,P002,C0856,WH-East,4,9662.88,38651.52,Delivered,2025-03-31,2025,3,March,1
O06025,2026-02-23,P025,C0671,WH-South,8,2564.25,20514.0,Delivered,2026-02-28,2026,2,February,1
O06026,2025-07-18,P019,C0792,WH-South,2,6267.38,12534.76,Delivered,2025-07-25,2025,7,July,1
O06027,2026-04-08,P040,C0341,WH-East,1,7396.64,7396.64,Delivered,2026-04-14,2026,4,April,1
O06028,2026-03-13,P002,C0022,WH-South,11,9662.88,106291.68,Delivered,2026-03-16,2026,3,March,1
O06029,2025-11-06,P083,C0614,WH-North,14,1377.9,19290.6,Delivered,2025-11-14,2025,11,November,1
O06030,2025-10-08,P065,C0150,WH-East,15,6932.91,103993.65,Cancelled,Unknown,2025,10,October,0
O06031,2025-11-19,P062,C0981,WH-West,15,11436.7,171550.5,Delivered,2025-11-29,2025,11,November,1
O06032,2025-06-01,P091,C0569,WH-West,3,3806.53,11419.59,Delivered,2025-06-09,2025,6,June,1
O06033,2025-10-29,P054,C0670,WH-East,10,5559.97,55599.7,Delivered,2025-11-02,2025,10,October,1
O06034,2025-10-05,P045,C0881,WH-West,7,11503.77,80526.39,Delivered,2025-10-12,2025,10,October,1
O06035,2025-01-08,P049,C0815,WH-North,13,3014.05,39182.65,Delivered,2025-01-14,2025,1,January,1
O06036,2025-08-23,P099,C0970,WH-West,12,1477.4,17728.8,Delivered,2025-09-02,2025,8,August,1
O06037,2025-10-29,P069,C0707,WH-East,6,7876.01,47256.06,Processing,2025-11-02,2025,10,October,0
O06038,2025-02-07,P038,C0167,WH-South,6,9847.32,59083.92,Delivered,2025-02-10,2025,2,February,1
O06039,2025-05-16,P004,C0989,WH-East,7,5647.39,39531.73,Processing,2025-05-19,2025,5,May,0
O06040,2026-02-25,P017,C0345,WH-East,8,8360.81,66886.48,Delivered,2026-03-02,2026,2,February,1
O06041,2025-08-07,P053,C0706,WH-North,3,8550.49,25651.47,Delivered,2025-08-09,2025,8,August,1
O06042,2025-12-14,P085,C0461,WH-West,3,1090.03,3270.09,Processing,2025-12-24,2025,12,December,0
O06043,2026-06-30,P053,C0859,WH-East,10,8550.49,85504.9,Delivered,2026-07-04,2026,6,June,1
O06044,2025-03-20,P031,C0925,WH-West,13,1882.62,24474.06,Delivered,2025-03-26,2025,3,March,1
O06045,2025-09-30,P022,C0910,WH-South,8,9065.34,72522.72,Delivered,2025-10-03,2025,9,September,1
O06046,2025-06-10,P011,C0260,WH-East,12,11449.02,137388.24,Delivered,2025-06-19,2025,6,June,1
O06047,2025-11-04,P034,C0200,WH-East,13,7873.1,102350.3,Delivered,2025-11-08,2025,11,November,1
O06048,2026-01-09,P015,C0005,WH-West,14,10925.43,152956.02,Processing,2026-01-15,2026,1,January,0
O06049,2025-01-09,P010,C0300,WH-North,13,8992.72,116905.36,Delivered,2025-01-17,2025,1,January,1
O06050,2026-03-20,P096,C0603,WH-North,7,6299.54,44096.78,Cancelled,Unknown,2026,3,March,0
O06051,2025-04-23,P053,C0536,WH-West,10,8550.49,85504.9,Cancelled,Unknown,2025,4,April,0
O06052,2025-07-24,P048,C0236,WH-East,5,8206.14,41030.7,Delivered,2025-08-02,2025,7,July,1
O06053,2026-02-09,P031,C0747,WH-South,4,1882.62,7530.48,Cancelled,Unknown,2026,2,February,0
O06054,2025-07-16,P037,C0738,WH-North,6,2141.55,12849.3,Delivered,2025-07-20,2025,7,July,1
O06055,2025-04-25,P028,C0540,WH-North,9,1732.59,15593.31,Delivered,2025-05-03,2025,4,April,1
O06056,2025-05-01,P031,C0152,WH-South,6,1882.62,11295.72,Delivered,2025-05-04,2025,5,May,1
O06057,2025-03-06,P070,C0896,WH-North,8,2886.35,23090.8,Delivered,2025-03-16,2025,3,March,1
O06058,2025-10-03,P014,C0246,WH-West,1,8215.45,8215.45,Delivered,2025-10-12,2025,10,October,1
O06059,2025-08-27,P087,C0005,WH-East,12,6619.57,79434.84,Delivered,2025-09-06,2025,8,August,1
O06060,2025-10-29,P016,C0013,WH-North,14,6037.0,84518.0,Delivered,2025-11-08,2025,10,October,1
O06061,2026-01-27,P025,C0978,WH-South,6,2564.25,15385.5,Delivered,2026-02-04,2026,1,January,1
O06062,2026-06-06,P039,C0567,WH-West,14,2741.34,38378.76,Returned,2026-06-11,2026,6,June,0
O06063,2026-01-04,P066,C0465,WH-West,14,9296.31,130148.34,Delivered,2026-01-10,2026,1,January,1
O06064,2025-08-21,P038,C0286,WH-West,2,9847.32,19694.64,Delivered,2025-08-29,2025,8,August,1
O06065,2025-07-14,P041,C0614,WH-West,3,10031.16,30093.48,Delivered,2025-07-20,2025,7,July,1
O06066,2025-01-12,P098,C0339,WH-East,6,2843.84,17063.04,Delivered,2025-01-21,2025,1,January,1
O06067,2025-06-26,P040,C0214,WH-West,2,7396.64,14793.28,Delivered,2025-07-02,2025,6,June,1
O06068,2025-08-05,P064,C0945,WH-West,4,9772.25,39089.0,Delivered,2025-08-11,2025,8,August,1
O06069,2025-01-11,P089,C0113,WH-West,6,5210.42,31262.52,Returned,2025-01-17,2025,1,January,0
O06070,2026-03-22,P100,C0338,WH-South,5,6160.6,30803.0,Delivered,2026-03-27,2026,3,March,1
O06071,2025-06-13,P016,C0090,WH-South,6,6037.0,36222.0,Delivered,2025-06-21,2025,6,June,1
O06072,2025-02-22,P082,C0783,WH-South,15,7665.58,114983.7,Delivered,2025-02-25,2025,2,February,1
O06073,2025-08-06,P077,C0759,WH-South,6,12073.98,72443.88,Cancelled,Unknown,2025,8,August,0
O06074,2025-12-26,P059,C0476,WH-North,8,722.03,5776.24,Delivered,2025-12-30,2025,12,December,1
O06075,2026-01-20,P091,C0030,WH-West,9,3806.53,34258.77,Delivered,2026-01-29,2026,1,January,1
O06076,2025-02-25,P098,C0540,WH-North,5,2843.84,14219.2,Delivered,2025-03-05,2025,2,February,1
O06077,2025-04-28,P011,C0468,WH-North,6,11449.02,68694.12,Delivered,2025-05-02,2025,4,April,1
O06078,2025-09-10,P001,C0388,WH-North,6,2324.33,13945.98,Delivered,2025-09-15,2025,9,September,1
O06079,2025-06-29,P013,C0580,WH-East,6,359.86,2159.16,Delivered,2025-07-04,2025,6,June,1
O06080,2026-02-19,P030,C0357,WH-West,2,6989.65,13979.3,Delivered,2026-02-27,2026,2,February,1
O06081,2025-08-23,P069,C0655,WH-West,4,7876.01,31504.04,Delivered,2025-09-01,2025,8,August,1
O06082,2025-03-21,P018,C0546,WH-North,1,6842.11,6842.11,Delivered,2025-03-26,2025,3,March,1
O06083,2025-01-22,P078,C0459,WH-South,14,8749.35,122490.9,Delivered,2025-01-31,2025,1,January,1
O06084,2026-04-22,P013,C0471,WH-East,12,359.86,4318.32,Delivered,2026-04-24,2026,4,April,1
O06085,2026-03-16,P032,C0867,WH-North,1,8387.44,8387.44,Delivered,2026-03-26,2026,3,March,1
O06086,2025-04-03,P071,C0939,WH-North,1,4401.72,4401.72,Returned,2025-04-11,2025,4,April,0
O06087,2025-07-11,P072,C0227,WH-East,7,7933.68,55535.76,Cancelled,Unknown,2025,7,July,0
O06088,2025-04-13,P050,C0715,WH-North,1,1973.84,1973.84,Returned,2025-04-22,2025,4,April,0
O06089,2026-01-31,P071,C0573,WH-West,6,4401.72,26410.32,Delivered,2026-02-03,2026,1,January,1
O06090,2025-01-07,P080,C0191,WH-South,2,6733.38,13466.76,Delivered,2025-01-16,2025,1,January,1
O06091,2025-08-19,P031,C0002,WH-South,6,1882.62,11295.72,Processing,2025-08-26,2025,8,August,0
O06092,2025-08-28,P051,C0118,WH-South,6,506.74,3040.44,Delivered,2025-09-05,2025,8,August,1
O06093,2025-03-31,P027,C0308,WH-South,12,3927.78,47133.36,Delivered,2025-04-08,2025,3,March,1
O06094,2025-08-20,P060,C0564,WH-North,11,1239.87,13638.57,Delivered,2025-08-23,2025,8,August,1
O06095,2026-04-02,P033,C0015,WH-South,3,7876.29,23628.87,Delivered,2026-04-05,2026,4,April,1
O06096,2025-08-21,P053,C0424,WH-North,15,8550.49,128257.35,Delivered,2025-08-26,2025,8,August,1
O06097,2025-12-20,P093,C0796,WH-West,8,11181.17,89449.36,Delivered,2025-12-27,2025,12,December,1
O06098,2025-11-29,P072,C0479,WH-North,11,7933.68,87270.48,Delivered,2025-12-04,2025,11,November,1
O06099,2026-03-15,P033,C0096,WH-North,4,7876.29,31505.16,Delivered,2026-03-22,2026,3,March,1
O06100,2026-01-10,P041,C0610,WH-North,13,10031.16,130405.08,Delivered,2026-01-16,2026,1,January,1
O06101,2025-10-19,P019,C0055,WH-East,7,6267.38,43871.66,Delivered,2025-10-26,2025,10,October,1
O06102,2025-12-11,P085,C0946,WH-East,4,1090.03,4360.12,Returned,2025-12-21,2025,12,December,0
O06103,2026-03-04,P041,C0278,WH-East,1,10031.16,10031.16,Returned,2026-03-11,2026,3,March,0
O06104,2025-05-10,P085,C0413,WH-West,6,1090.03,6540.18,Delivered,2025-05-17,2025,5,May,1
O06105,2025-05-21,P089,C0245,WH-South,5,5210.42,26052.1,Cancelled,Unknown,2025,5,May,0
O06106,2026-02-19,P042,C0840,WH-North,9,4932.36,44391.24,Delivered,2026-02-25,2026,2,February,1
O06107,2025-04-03,P023,C0982,WH-North,15,2561.5,38422.5,Delivered,2025-04-09,2025,4,April,1
O06108,2025-10-11,P075,C0396,WH-South,14,4757.22,66601.08,Delivered,2025-10-13,2025,10,October,1
O06109,2025-08-11,P033,C0471,WH-East,14,7876.29,110268.06,Cancelled,Unknown,2025,8,August,0
O06110,2026-04-08,P020,C0038,WH-West,15,2297.9,34468.5,Delivered,2026-04-10,2026,4,April,1
O06111,2026-06-29,P025,C0632,WH-North,9,2564.25,23078.25,Delivered,2026-07-08,2026,6,June,1
O06112,2025-10-03,P090,C0770,WH-South,12,2450.87,29410.44,Delivered,2025-10-13,2025,10,October,1
O06113,2025-05-20,P052,C0140,WH-East,11,2109.04,23199.44,Delivered,2025-05-27,2025,5,May,1
O06114,2025-12-23,P012,C0183,WH-West,13,3219.93,41859.09,Delivered,2026-01-02,2025,12,December,1
O06115,2025-01-23,P032,C0213,WH-South,8,8387.44,67099.52,Delivered,2025-01-26,2025,1,January,1
O06116,2025-09-27,P033,C0126,WH-South,15,7876.29,118144.35,Delivered,2025-10-07,2025,9,September,1
O06117,2025-11-29,P074,C0140,WH-North,7,8610.83,60275.81,Delivered,2025-12-04,2025,11,November,1
O06118,2025-03-26,P068,C0621,WH-West,14,7862.75,110078.5,Delivered,2025-03-30,2025,3,March,1
O06119,2025-01-31,P015,C0479,WH-West,2,10925.43,21850.86,Delivered,2025-02-02,2025,1,January,1
O06120,2025-08-28,P051,C0521,WH-East,14,506.74,7094.36,Delivered,2025-08-30,2025,8,August,1
O06121,2025-12-29,P006,C0463,WH-East,8,716.9,5735.2,Delivered,2026-01-07,2025,12,December,1
O06122,2026-01-24,P091,C0032,WH-North,3,3806.53,11419.59,Returned,2026-01-27,2026,1,January,0
O06123,2025-10-26,P069,C0235,WH-West,6,7876.01,47256.06,Returned,2025-10-28,2025,10,October,0
O06124,2026-01-06,P069,C0073,WH-East,10,7876.01,78760.1,Delivered,2026-01-09,2026,1,January,1
O06125,2025-04-09,P082,C0472,WH-West,7,7665.58,53659.06,Delivered,2025-04-13,2025,4,April,1
O06126,2025-02-16,P092,C0648,WH-South,12,9918.59,119023.08,Delivered,2025-02-21,2025,2,February,1
O06127,2026-02-26,P035,C0766,WH-South,6,10862.84,65177.04,Delivered,2026-03-08,2026,2,February,1
O06128,2026-04-25,P086,C0628,WH-South,5,3132.13,15660.65,Returned,2026-05-03,2026,4,April,0
O06129,2025-03-03,P034,C0668,WH-West,4,7873.1,31492.4,Delivered,2025-03-09,2025,3,March,1
O06130,2025-04-19,P063,C0952,WH-North,2,6119.08,12238.16,Delivered,2025-04-25,2025,4,April,1
O06131,2025-04-29,P068,C0594,WH-East,9,7862.75,70764.75,Delivered,2025-05-06,2025,4,April,1
O06132,2026-01-17,P018,C0619,WH-North,14,6842.11,95789.54,Delivered,2026-01-19,2026,1,January,1
O06133,2026-01-27,P026,C0741,WH-North,7,8058.43,56409.01,Delivered,2026-02-03,2026,1,January,1
O06134,2025-02-21,P086,C0292,WH-North,7,3132.13,21924.91,Cancelled,Unknown,2025,2,February,0
O06135,2025-10-16,P097,C0629,WH-North,4,7927.96,31711.84,Delivered,2025-10-22,2025,10,October,1
O06136,2025-12-03,P061,C0933,WH-East,14,9046.33,126648.62,Delivered,2025-12-13,2025,12,December,1
O06137,2025-07-23,P078,C0288,WH-South,5,8749.35,43746.75,Delivered,2025-07-29,2025,7,July,1
O06138,2025-08-26,P095,C0213,WH-South,6,5427.18,32563.08,Delivered,2025-09-05,2025,8,August,1
O06139,2026-01-17,P074,C0167,WH-South,12,8610.83,103329.96,Delivered,2026-01-25,2026,1,January,1
O06140,2025-05-16,P088,C0049,WH-West,11,7327.81,80605.91,Delivered,2025-05-20,2025,5,May,1
O06141,2026-02-11,P085,C0221,WH-West,12,1090.03,13080.36,Delivered,2026-02-21,2026,2,February,1
O06142,2026-05-23,P048,C0402,WH-East,2,8206.14,16412.28,Delivered,2026-05-31,2026,5,May,1
O06143,2025-12-28,P072,C0791,WH-East,4,7933.68,31734.72,Delivered,2026-01-02,2025,12,December,1
O06144,2026-01-16,P096,C0289,WH-East,15,6299.54,94493.1,Delivered,2026-01-26,2026,1,January,1
O06145,2025-09-11,P031,C0880,WH-South,13,1882.62,24474.06,Delivered,2025-09-18,2025,9,September,1
O06146,2026-04-22,P034,C0969,WH-East,4,7873.1,31492.4,Delivered,2026-05-02,2026,4,April,1
O06147,2025-04-24,P087,C0179,WH-South,12,6619.57,79434.84,Delivered,2025-04-29,2025,4,April,1
O06148,2025-01-20,P089,C0171,WH-South,13,5210.42,67735.46,Delivered,2025-01-23,2025,1,January,1
O06149,2026-06-12,P007,C0998,WH-North,4,11389.37,45557.48,Delivered,2026-06-22,2026,6,June,1
O06150,2025-05-25,P083,C0004,WH-West,7,1377.9,9645.3,Delivered,2025-05-30,2025,5,May,1
O06151,2025-07-27,P007,C0336,WH-West,13,11389.37,148061.81,Processing,2025-07-30,2025,7,July,0
O06152,2026-06-15,P047,C0195,WH-East,7,9554.1,66878.7,Processing,2026-06-23,2026,6,June,0
O06153,2026-01-11,P008,C0968,WH-North,7,7685.98,53801.86,Delivered,2026-01-19,2026,1,January,1
O06154,2026-05-19,P078,C0464,WH-East,7,8749.35,61245.45,Delivered,2026-05-25,2026,5,May,1
O06155,2025-06-15,P001,C0893,WH-East,2,2324.33,4648.66,Delivered,2025-06-21,2025,6,June,1
O06156,2025-06-30,P077,C0770,WH-West,5,12073.98,60369.9,Delivered,2025-07-09,2025,6,June,1
O06157,2026-03-20,P003,C0557,WH-North,10,8874.43,88744.3,Delivered,2026-03-27,2026,3,March,1
O06158,2025-11-28,P053,C0467,WH-East,2,8550.49,17100.98,Delivered,2025-11-30,2025,11,November,1
O06159,2026-05-18,P092,C0344,WH-East,5,9918.59,49592.95,Delivered,2026-05-23,2026,5,May,1
O06160,2025-03-20,P038,C0208,WH-East,12,9847.32,118167.84,Delivered,2025-03-22,2025,3,March,1
O06161,2026-01-31,P051,C0627,WH-South,6,506.74,3040.44,Delivered,2026-02-06,2026,1,January,1
O06162,2025-04-13,P015,C0936,WH-West,3,10925.43,32776.29,Delivered,2025-04-19,2025,4,April,1
O06163,2026-02-06,P100,C0503,WH-South,6,6160.6,36963.6,Delivered,2026-02-11,2026,2,February,1
O06164,2025-08-12,P067,C0130,WH-East,15,3626.7,54400.5,Processing,2025-08-22,2025,8,August,0
O06165,2026-06-02,P064,C0672,WH-North,5,9772.25,48861.25,Delivered,2026-06-11,2026,6,June,1
O06166,2025-08-24,P068,C0001,WH-South,4,7862.75,31451.0,Delivered,2025-08-28,2025,8,August,1
O06167,2026-03-03,P005,C0786,WH-South,10,5461.2,54612.0,Delivered,2026-03-09,2026,3,March,1
O06168,2025-04-26,P090,C0487,WH-East,9,2450.87,22057.83,Delivered,2025-05-03,2025,4,April,1
O06169,2025-06-12,P089,C0448,WH-South,11,5210.42,57314.62,Returned,2025-06-18,2025,6,June,0
O06170,2025-08-14,P010,C0672,WH-North,14,8992.72,125898.08,Delivered,2025-08-23,2025,8,August,1
O06171,2025-08-18,P008,C0777,WH-North,8,7685.98,61487.84,Cancelled,Unknown,2025,8,August,0
O06172,2025-07-01,P012,C0823,WH-West,12,3219.93,38639.16,Delivered,2025-07-10,2025,7,July,1
O06173,2025-09-06,P064,C0323,WH-West,7,9772.25,68405.75,Delivered,2025-09-10,2025,9,September,1
O06174,2025-11-14,P059,C0760,WH-North,11,722.03,7942.33,Delivered,2025-11-20,2025,11,November,1
O06175,2025-07-29,P067,C0024,WH-North,15,3626.7,54400.5,Delivered,2025-08-03,2025,7,July,1
O06176,2026-01-27,P091,C0377,WH-South,1,3806.53,3806.53,Delivered,2026-02-03,2026,1,January,1
O06177,2025-04-06,P050,C0779,WH-West,9,1973.84,17764.56,Delivered,2025-04-10,2025,4,April,1
O06178,2025-03-27,P023,C0156,WH-South,9,2561.5,23053.5,Delivered,2025-04-01,2025,3,March,1
O06179,2026-02-19,P040,C0272,WH-North,6,7396.64,44379.84,Delivered,2026-02-24,2026,2,February,1
O06180,2026-01-29,P097,C0093,WH-West,7,7927.96,55495.72,Cancelled,Unknown,2026,1,January,0
O06181,2026-05-16,P078,C0873,WH-South,13,8749.35,113741.55,Delivered,2026-05-23,2026,5,May,1
O06182,2025-05-13,P087,C0524,WH-West,3,6619.57,19858.71,Delivered,2025-05-16,2025,5,May,1
O06183,2025-11-10,P095,C0750,WH-East,5,5427.18,27135.9,Cancelled,Unknown,2025,11,November,0
O06184,2025-08-09,P077,C0121,WH-East,7,12073.98,84517.86,Delivered,2025-08-14,2025,8,August,1
O06185,2026-03-14,P076,C0452,WH-East,1,2781.69,2781.69,Delivered,2026-03-22,2026,3,March,1
O06186,2025-02-15,P099,C0602,WH-East,12,1477.4,17728.8,Processing,2025-02-23,2025,2,February,0
O06187,2025-07-11,P018,C0900,WH-East,1,6842.11,6842.11,Returned,2025-07-14,2025,7,July,0
O06188,2026-06-04,P021,C0587,WH-West,5,2945.59,14727.95,Delivered,2026-06-12,2026,6,June,1
O06189,2026-01-14,P001,C0322,WH-North,9,2324.33,20918.97,Delivered,2026-01-16,2026,1,January,1
O06190,2025-11-30,P038,C0031,WH-South,7,9847.32,68931.24,Delivered,2025-12-03,2025,11,November,1
O06191,2025-02-08,P041,C0952,WH-North,1,10031.16,10031.16,Delivered,2025-02-14,2025,2,February,1
O06192,2025-10-20,P042,C0434,WH-North,13,4932.36,64120.68,Delivered,2025-10-29,2025,10,October,1
O06193,2025-06-11,P009,C0707,WH-North,13,6820.58,88667.54,Delivered,2025-06-19,2025,6,June,1
O06194,2025-11-27,P023,C0601,WH-South,15,2561.5,38422.5,Delivered,2025-12-01,2025,11,November,1
O06195,2025-04-14,P078,C0610,WH-East,12,8749.35,104992.2,Delivered,2025-04-24,2025,4,April,1
O06196,2025-06-10,P011,C0129,WH-West,5,11449.02,57245.1,Delivered,2025-06-16,2025,6,June,1
O06197,2025-02-23,P071,C0453,WH-West,15,4401.72,66025.8,Delivered,2025-02-27,2025,2,February,1
O06198,2025-02-03,P031,C0807,WH-North,8,1882.62,15060.96,Delivered,2025-02-11,2025,2,February,1
O06199,2025-08-30,P088,C0436,WH-West,8,7327.81,58622.48,Processing,2025-09-04,2025,8,August,0
O06200,2025-04-23,P026,C0607,WH-South,12,8058.43,96701.16,Delivered,2025-04-25,2025,4,April,1
O06201,2025-11-14,P030,C0676,WH-North,2,6989.65,13979.3,Processing,2025-11-20,2025,11,November,0
O06202,2025-01-23,P034,C0507,WH-South,7,7873.1,55111.7,Cancelled,Unknown,2025,1,January,0
O06203,2025-04-28,P046,C0963,WH-North,10,2032.34,20323.4,Delivered,2025-05-03,2025,4,April,1
O06204,2025-07-31,P069,C0742,WH-East,5,7876.01,39380.05,Delivered,2025-08-08,2025,7,July,1
O06205,2026-02-22,P005,C0652,WH-West,9,5461.2,49150.8,Delivered,2026-03-03,2026,2,February,1
O06206,2025-04-23,P061,C0317,WH-West,3,9046.33,27138.99,Returned,2025-05-03,2025,4,April,0
O06207,2025-02-13,P083,C0464,WH-South,1,1377.9,1377.9,Delivered,2025-02-23,2025,2,February,1
O06208,2025-05-08,P038,C0328,WH-West,13,9847.32,128015.16,Delivered,2025-05-14,2025,5,May,1
O06209,2025-06-07,P028,C0907,WH-North,4,1732.59,6930.36,Delivered,2025-06-14,2025,6,June,1
O06210,2026-01-29,P026,C0109,WH-East,7,8058.43,56409.01,Delivered,2026-02-06,2026,1,January,1
O06211,2026-05-27,P061,C0526,WH-West,1,9046.33,9046.33,Delivered,2026-05-30,2026,5,May,1
O06212,2025-02-14,P023,C0475,WH-East,2,2561.5,5123.0,Delivered,2025-02-24,2025,2,February,1
O06213,2025-04-18,P046,C0978,WH-South,14,2032.34,28452.76,Delivered,2025-04-20,2025,4,April,1
O06214,2025-08-07,P030,C0950,WH-East,5,6989.65,34948.25,Delivered,2025-08-14,2025,8,August,1
O06215,2026-03-19,P067,C0392,WH-West,9,3626.7,32640.3,Delivered,2026-03-26,2026,3,March,1
O06216,2025-11-11,P092,C0673,WH-West,14,9918.59,138860.26,Processing,2025-11-19,2025,11,November,0
O06217,2025-06-26,P033,C0644,WH-South,1,7876.29,7876.29,Delivered,2025-06-29,2025,6,June,1
O06218,2025-08-16,P003,C0113,WH-South,12,8874.43,106493.16,Delivered,2025-08-23,2025,8,August,1
O06219,2025-09-24,P069,C0286,WH-East,4,7876.01,31504.04,Cancelled,Unknown,2025,9,September,0
O06220,2026-01-14,P083,C0852,WH-East,12,1377.9,16534.8,Delivered,2026-01-24,2026,1,January,1
O06221,2026-05-04,P042,C0606,WH-South,14,4932.36,69053.04,Delivered,2026-05-13,2026,5,May,1
O06222,2025-10-17,P062,C0347,WH-West,3,11436.7,34310.1,Delivered,2025-10-23,2025,10,October,1
O06223,2025-12-23,P058,C0601,WH-East,14,3596.21,50346.94,Delivered,2025-12-31,2025,12,December,1
O06224,2025-07-23,P057,C0822,WH-South,5,919.99,4599.95,Delivered,2025-07-31,2025,7,July,1
O06225,2025-08-01,P001,C0646,WH-East,5,2324.33,11621.65,Cancelled,Unknown,2025,8,August,0
O06226,2025-11-19,P073,C0261,WH-South,10,5286.08,52860.8,Delivered,2025-11-27,2025,11,November,1
O06227,2025-06-30,P060,C0718,WH-West,2,1239.87,2479.74,Delivered,2025-07-04,2025,6,June,1
O06228,2026-05-14,P069,C0307,WH-East,5,7876.01,39380.05,Delivered,2026-05-22,2026,5,May,1
O06229,2025-11-16,P059,C0910,WH-East,9,722.03,6498.27,Delivered,2025-11-23,2025,11,November,1
O06230,2025-03-24,P046,C0034,WH-North,5,2032.34,10161.7,Delivered,2025-03-31,2025,3,March,1
O06231,2025-10-30,P034,C0169,WH-North,15,7873.1,118096.5,Delivered,2025-11-02,2025,10,October,1
O06232,2025-09-19,P097,C0345,WH-West,11,7927.96,87207.56,Cancelled,Unknown,2025,9,September,0
O06233,2025-07-19,P025,C0935,WH-South,10,2564.25,25642.5,Delivered,2025-07-27,2025,7,July,1
O06234,2025-08-28,P042,C0146,WH-North,2,4932.36,9864.72,Delivered,2025-08-30,2025,8,August,1
O06235,2025-10-22,P029,C0532,WH-North,7,7630.58,53414.06,Delivered,2025-11-01,2025,10,October,1
O06236,2026-05-27,P025,C0619,WH-West,15,2564.25,38463.75,Delivered,2026-05-31,2026,5,May,1
O06237,2026-01-31,P054,C0648,WH-South,6,5559.97,33359.82,Processing,2026-02-07,2026,1,January,0
O06238,2025-05-18,P073,C0538,WH-West,7,5286.08,37002.56,Delivered,2025-05-22,2025,5,May,1
O06239,2025-05-09,P067,C0246,WH-East,8,3626.7,29013.6,Delivered,2025-05-19,2025,5,May,1
O06240,2025-02-18,P015,C0341,WH-East,10,10925.43,109254.3,Delivered,2025-02-26,2025,2,February,1
O06241,2025-10-20,P004,C0667,WH-South,5,5647.39,28236.95,Delivered,2025-10-22,2025,10,October,1
O06242,2026-06-20,P038,C0928,WH-North,2,9847.32,19694.64,Delivered,2026-06-25,2026,6,June,1
O06243,2025-11-07,P020,C0554,WH-West,7,2297.9,16085.3,Delivered,2025-11-13,2025,11,November,1
O06244,2026-06-21,P023,C0690,WH-West,7,2561.5,17930.5,Returned,2026-06-29,2026,6,June,0
O06245,2025-08-22,P037,C0081,WH-East,8,2141.55,17132.4,Delivered,2025-08-30,2025,8,August,1
O06246,2025-07-28,P062,C0689,WH-West,7,11436.7,80056.9,Delivered,2025-08-03,2025,7,July,1
O06247,2025-04-04,P008,C0705,WH-North,10,7685.98,76859.8,Returned,2025-04-06,2025,4,April,0
O06248,2025-11-23,P037,C0191,WH-South,7,2141.55,14990.85,Delivered,2025-11-29,2025,11,November,1
O06249,2025-08-13,P045,C0283,WH-West,14,11503.77,161052.78,Delivered,2025-08-19,2025,8,August,1
O06250,2025-01-11,P097,C0758,WH-North,13,7927.96,103063.48,Delivered,2025-01-16,2025,1,January,1
O06251,2025-11-25,P033,C0612,WH-South,9,7876.29,70886.61,Delivered,2025-12-02,2025,11,November,1
O06252,2025-01-12,P007,C0971,WH-West,8,11389.37,91114.96,Delivered,2025-01-21,2025,1,January,1
O06253,2025-02-04,P022,C0489,WH-West,15,9065.34,135980.1,Delivered,2025-02-10,2025,2,February,1
O06254,2026-03-23,P005,C0035,WH-South,2,5461.2,10922.4,Delivered,2026-04-01,2026,3,March,1
O06255,2026-03-28,P015,C0294,WH-West,2,10925.43,21850.86,Delivered,2026-04-03,2026,3,March,1
O06256,2025-08-08,P021,C0806,WH-West,7,2945.59,20619.13,Processing,2025-08-12,2025,8,August,0
O06257,2026-03-17,P089,C0042,WH-West,10,5210.42,52104.2,Cancelled,Unknown,2026,3,March,0
O06258,2026-06-19,P017,C0170,WH-East,15,8360.81,125412.15,Delivered,2026-06-24,2026,6,June,1
O06259,2025-08-17,P056,C0945,WH-South,11,888.53,9773.83,Delivered,2025-08-21,2025,8,August,1
O06260,2025-12-10,P050,C0569,WH-East,13,1973.84,25659.92,Processing,2025-12-14,2025,12,December,0
O06261,2025-03-21,P007,C0868,WH-South,15,11389.37,170840.55,Processing,2025-03-28,2025,3,March,0
O06262,2025-12-19,P050,C0566,WH-East,10,1973.84,19738.4,Delivered,2025-12-28,2025,12,December,1
O06263,2026-01-31,P060,C0394,WH-West,3,1239.87,3719.61,Delivered,2026-02-06,2026,1,January,1
O06264,2025-10-17,P083,C0188,WH-North,1,1377.9,1377.9,Processing,2025-10-19,2025,10,October,0
O06265,2026-03-31,P007,C0296,WH-South,9,11389.37,102504.33,Processing,2026-04-02,2026,3,March,0
O06266,2025-05-08,P040,C0385,WH-North,14,7396.64,103552.96,Delivered,2025-05-12,2025,5,May,1
O06267,2026-06-27,P045,C0888,WH-South,15,11503.77,172556.55,Returned,2026-07-04,2026,6,June,0
O06268,2025-12-25,P059,C0598,WH-South,14,722.03,10108.42,Delivered,2025-12-28,2025,12,December,1
O06269,2026-06-11,P088,C0064,WH-West,14,7327.81,102589.34,Returned,2026-06-13,2026,6,June,0
O06270,2025-11-09,P075,C0081,WH-South,3,4757.22,14271.66,Delivered,2025-11-17,2025,11,November,1
O06271,2025-03-16,P055,C0780,WH-West,1,1487.11,1487.11,Delivered,2025-03-19,2025,3,March,1
O06272,2026-06-30,P064,C0185,WH-West,6,9772.25,58633.5,Delivered,2026-07-09,2026,6,June,1
O06273,2025-07-15,P065,C0461,WH-West,4,6932.91,27731.64,Processing,2025-07-18,2025,7,July,0
O06274,2025-01-29,P054,C0345,WH-East,14,5559.97,77839.58,Delivered,2025-01-31,2025,1,January,1
O06275,2025-01-16,P096,C0538,WH-East,1,6299.54,6299.54,Delivered,2025-01-19,2025,1,January,1
O06276,2026-02-27,P040,C0238,WH-West,4,7396.64,29586.56,Delivered,2026-03-02,2026,2,February,1
O06277,2026-02-09,P053,C0296,WH-North,8,8550.49,68403.92,Delivered,2026-02-17,2026,2,February,1
O06278,2026-06-15,P044,C0878,WH-North,11,3533.01,38863.11,Delivered,2026-06-17,2026,6,June,1
O06279,2025-03-18,P063,C0487,WH-South,7,6119.08,42833.56,Delivered,2025-03-22,2025,3,March,1
O06280,2025-08-17,P002,C0369,WH-North,15,9662.88,144943.2,Delivered,2025-08-23,2025,8,August,1
O06281,2025-10-24,P079,C0299,WH-South,12,8889.27,106671.24,Delivered,2025-11-01,2025,10,October,1
O06282,2026-05-25,P021,C0737,WH-South,1,2945.59,2945.59,Delivered,2026-06-01,2026,5,May,1
O06283,2026-06-22,P088,C0840,WH-South,10,7327.81,73278.1,Delivered,2026-07-01,2026,6,June,1
O06284,2025-11-22,P050,C0909,WH-East,12,1973.84,23686.08,Delivered,2025-11-24,2025,11,November,1
O06285,2025-12-29,P081,C0090,WH-West,9,8788.43,79095.87,Delivered,2026-01-06,2025,12,December,1
O06286,2025-12-25,P052,C0440,WH-North,6,2109.04,12654.24,Delivered,2026-01-04,2025,12,December,1
O06287,2025-11-20,P009,C0529,WH-West,2,6820.58,13641.16,Delivered,2025-11-28,2025,11,November,1
O06288,2025-11-22,P099,C0088,WH-West,3,1477.4,4432.2,Delivered,2025-11-29,2025,11,November,1
O06289,2025-06-14,P020,C0024,WH-East,7,2297.9,16085.3,Delivered,2025-06-24,2025,6,June,1
O06290,2026-03-31,P083,C0332,WH-South,3,1377.9,4133.7,Delivered,2026-04-05,2026,3,March,1
O06291,2025-06-02,P018,C0735,WH-West,13,6842.11,88947.43,Delivered,2025-06-09,2025,6,June,1
O06292,2025-05-07,P084,C0058,WH-South,3,9567.6,28702.8,Delivered,2025-05-14,2025,5,May,1
O06293,2025-07-12,P030,C0464,WH-East,5,6989.65,34948.25,Delivered,2025-07-16,2025,7,July,1
O06294,2026-06-14,P065,C0189,WH-West,3,6932.91,20798.73,Delivered,2026-06-22,2026,6,June,1
O06295,2025-01-10,P024,C0464,WH-North,3,5645.0,16935.0,Cancelled,Unknown,2025,1,January,0
O06296,2025-04-02,P088,C0222,WH-West,11,7327.81,80605.91,Delivered,2025-04-11,2025,4,April,1
O06297,2025-05-19,P047,C0924,WH-East,5,9554.1,47770.5,Delivered,2025-05-28,2025,5,May,1
O06298,2026-04-26,P083,C0963,WH-East,14,1377.9,19290.6,Delivered,2026-05-05,2026,4,April,1
O06299,2026-03-25,P094,C0353,WH-West,5,9560.46,47802.3,Processing,2026-04-04,2026,3,March,0
O06300,2025-11-29,P090,C0051,WH-North,12,2450.87,29410.44,Delivered,2025-12-04,2025,11,November,1
O06301,2025-12-06,P044,C0088,WH-South,9,3533.01,31797.09,Processing,2025-12-13,2025,12,December,0
O06302,2025-02-21,P029,C0222,WH-West,1,7630.58,7630.58,Delivered,2025-03-01,2025,2,February,1
O06303,2026-04-11,P077,C0488,WH-West,14,12073.98,169035.72,Delivered,2026-04-14,2026,4,April,1
O06304,2026-04-20,P068,C0860,WH-North,1,7862.75,7862.75,Delivered,2026-04-27,2026,4,April,1
O06305,2026-02-05,P017,C0879,WH-North,11,8360.81,91968.91,Delivered,2026-02-14,2026,2,February,1
O06306,2026-03-15,P097,C0167,WH-East,14,7927.96,110991.44,Delivered,2026-03-20,2026,3,March,1
O06307,2026-05-24,P005,C0706,WH-South,9,5461.2,49150.8,Delivered,2026-05-30,2026,5,May,1
O06308,2025-06-02,P092,C0973,WH-South,5,9918.59,49592.95,Delivered,2025-06-11,2025,6,June,1
O06309,2026-05-29,P088,C0101,WH-West,4,7327.81,29311.24,Cancelled,Unknown,2026,5,May,0
O06310,2026-05-18,P081,C0714,WH-South,2,8788.43,17576.86,Delivered,2026-05-25,2026,5,May,1
O06311,2025-01-06,P050,C0424,WH-East,12,1973.84,23686.08,Delivered,2025-01-08,2025,1,January,1
O06312,2026-05-15,P040,C0525,WH-East,9,7396.64,66569.76,Cancelled,Unknown,2026,5,May,0
O06313,2025-04-28,P046,C0147,WH-North,6,2032.34,12194.04,Delivered,2025-05-05,2025,4,April,1
O06314,2026-04-30,P051,C0262,WH-North,15,506.74,7601.1,Delivered,2026-05-04,2026,4,April,1
O06315,2026-04-13,P011,C0146,WH-East,9,11449.02,103041.18,Delivered,2026-04-15,2026,4,April,1
O06316,2025-06-10,P012,C0488,WH-North,5,3219.93,16099.65,Delivered,2025-06-17,2025,6,June,1
O06317,2025-09-27,P013,C0521,WH-East,4,359.86,1439.44,Cancelled,Unknown,2025,9,September,0
O06318,2025-02-25,P064,C0081,WH-North,7,9772.25,68405.75,Delivered,2025-03-06,2025,2,February,1
O06319,2025-08-16,P008,C0580,WH-West,5,7685.98,38429.9,Delivered,2025-08-24,2025,8,August,1
O06320,2025-05-29,P065,C0822,WH-South,8,6932.91,55463.28,Delivered,2025-06-06,2025,5,May,1
O06321,2025-02-15,P009,C0126,WH-East,8,6820.58,54564.64,Delivered,2025-02-24,2025,2,February,1
O06322,2025-05-24,P092,C0562,WH-North,13,9918.59,128941.67,Processing,2025-06-01,2025,5,May,0
O06323,2025-12-06,P002,C0582,WH-East,2,9662.88,19325.76,Delivered,2025-12-12,2025,12,December,1
O06324,2026-02-17,P078,C0139,WH-West,13,8749.35,113741.55,Delivered,2026-02-26,2026,2,February,1
O06325,2026-06-04,P013,C0951,WH-East,15,359.86,5397.9,Returned,2026-06-13,2026,6,June,0
O06326,2025-12-10,P002,C0886,WH-North,5,9662.88,48314.4,Delivered,2025-12-19,2025,12,December,1
O06327,2026-01-22,P068,C0682,WH-North,10,7862.75,78627.5,Delivered,2026-01-29,2026,1,January,1
O06328,2026-04-18,P076,C0602,WH-East,8,2781.69,22253.52,Delivered,2026-04-21,2026,4,April,1
O06329,2025-10-02,P048,C0139,WH-East,3,8206.14,24618.42,Delivered,2025-10-11,2025,10,October,1
O06330,2025-12-19,P074,C0072,WH-North,7,8610.83,60275.81,Delivered,2025-12-21,2025,12,December,1
O06331,2025-03-07,P003,C0245,WH-West,3,8874.43,26623.29,Delivered,2025-03-17,2025,3,March,1
O06332,2025-03-20,P068,C0579,WH-West,15,7862.75,117941.25,Delivered,2025-03-30,2025,3,March,1
O06333,2025-07-21,P006,C0642,WH-West,6,716.9,4301.4,Delivered,2025-07-28,2025,7,July,1
O06334,2025-04-23,P087,C0210,WH-South,2,6619.57,13239.14,Delivered,2025-04-30,2025,4,April,1
O06335,2025-04-01,P005,C0194,WH-South,6,5461.2,32767.2,Delivered,2025-04-08,2025,4,April,1
O06336,2025-05-21,P003,C0538,WH-South,6,8874.43,53246.58,Delivered,2025-05-26,2025,5,May,1
O06337,2025-10-16,P010,C0332,WH-East,8,8992.72,71941.76,Cancelled,Unknown,2025,10,October,0
O06338,2026-02-15,P043,C0511,WH-South,5,7218.47,36092.35,Processing,2026-02-17,2026,2,February,0
O06339,2026-01-12,P019,C0293,WH-East,14,6267.38,87743.32,Delivered,2026-01-14,2026,1,January,1
O06340,2026-01-19,P014,C0730,WH-West,1,8215.45,8215.45,Cancelled,Unknown,2026,1,January,0
O06341,2025-06-01,P021,C0036,WH-North,15,2945.59,44183.85,Delivered,2025-06-09,2025,6,June,1
O06342,2025-11-15,P043,C0528,WH-South,8,7218.47,57747.76,Delivered,2025-11-17,2025,11,November,1
O06343,2026-01-04,P028,C0078,WH-North,12,1732.59,20791.08,Delivered,2026-01-06,2026,1,January,1
O06344,2026-04-07,P021,C0834,WH-South,9,2945.59,26510.31,Delivered,2026-04-14,2026,4,April,1
O06345,2025-01-12,P036,C0021,WH-South,1,9014.91,9014.91,Delivered,2025-01-15,2025,1,January,1
O06346,2025-06-05,P024,C0647,WH-North,5,5645.0,28225.0,Delivered,2025-06-08,2025,6,June,1
O06347,2026-04-22,P054,C0245,WH-West,12,5559.97,66719.64,Delivered,2026-04-30,2026,4,April,1
O06348,2026-02-05,P038,C0395,WH-West,6,9847.32,59083.92,Delivered,2026-02-15,2026,2,February,1
O06349,2025-06-26,P017,C0696,WH-West,4,8360.81,33443.24,Delivered,2025-07-05,2025,6,June,1
O06350,2025-12-07,P022,C0684,WH-North,14,9065.34,126914.76,Delivered,2025-12-10,2025,12,December,1
O06351,2025-02-26,P083,C0054,WH-East,11,1377.9,15156.9,Delivered,2025-03-06,2025,2,February,1
O06352,2026-03-24,P045,C0093,WH-North,2,11503.77,23007.54,Delivered,2026-03-30,2026,3,March,1
O06353,2025-07-22,P074,C0953,WH-East,5,8610.83,43054.15,Delivered,2025-07-27,2025,7,July,1
O06354,2025-07-21,P061,C0826,WH-West,14,9046.33,126648.62,Delivered,2025-07-26,2025,7,July,1
O06355,2025-11-26,P011,C0293,WH-East,14,11449.02,160286.28,Delivered,2025-12-01,2025,11,November,1
O06356,2025-12-29,P061,C0376,WH-West,4,9046.33,36185.32,Processing,2026-01-08,2025,12,December,0
O06357,2026-03-30,P038,C0176,WH-West,13,9847.32,128015.16,Delivered,2026-04-07,2026,3,March,1
O06358,2025-12-22,P066,C0190,WH-West,7,9296.31,65074.17,Delivered,2025-12-30,2025,12,December,1
O06359,2025-08-04,P033,C0758,WH-West,6,7876.29,47257.74,Processing,2025-08-09,2025,8,August,0
O06360,2025-01-23,P043,C0807,WH-North,3,7218.47,21655.41,Returned,2025-02-02,2025,1,January,0
O06361,2025-06-04,P031,C0988,WH-South,9,1882.62,16943.58,Delivered,2025-06-13,2025,6,June,1
O06362,2025-07-05,P035,C0192,WH-South,14,10862.84,152079.76,Delivered,2025-07-10,2025,7,July,1
O06363,2025-09-06,P037,C0616,WH-South,4,2141.55,8566.2,Delivered,2025-09-13,2025,9,September,1
O06364,2025-05-14,P047,C0068,WH-North,15,9554.1,143311.5,Delivered,2025-05-19,2025,5,May,1
O06365,2025-11-17,P100,C0324,WH-West,11,6160.6,67766.6,Delivered,2025-11-19,2025,11,November,1
O06366,2026-01-25,P023,C0155,WH-West,5,2561.5,12807.5,Delivered,2026-01-31,2026,1,January,1
O06367,2026-03-10,P036,C0454,WH-West,14,9014.91,126208.74,Delivered,2026-03-14,2026,3,March,1
O06368,2025-01-22,P040,C0226,WH-South,3,7396.64,22189.92,Delivered,2025-01-24,2025,1,January,1
O06369,2025-05-05,P090,C0233,WH-West,8,2450.87,19606.96,Delivered,2025-05-08,2025,5,May,1
O06370,2025-03-20,P089,C0508,WH-East,11,5210.42,57314.62,Returned,2025-03-23,2025,3,March,0
O06371,2025-02-20,P081,C0104,WH-North,7,8788.43,61519.01,Returned,2025-03-01,2025,2,February,0
O06372,2025-06-25,P015,C0466,WH-West,11,10925.43,120179.73,Delivered,2025-06-30,2025,6,June,1
O06373,2025-09-10,P037,C0828,WH-West,11,2141.55,23557.05,Delivered,2025-09-14,2025,9,September,1
O06374,2025-09-03,P004,C0428,WH-West,15,5647.39,84710.85,Returned,2025-09-08,2025,9,September,0
O06375,2025-04-16,P022,C0752,WH-East,7,9065.34,63457.38,Delivered,2025-04-18,2025,4,April,1
O06376,2025-07-12,P081,C0926,WH-West,8,8788.43,70307.44,Delivered,2025-07-14,2025,7,July,1
O06377,2025-11-12,P022,C0993,WH-South,7,9065.34,63457.38,Delivered,2025-11-18,2025,11,November,1
O06378,2025-10-29,P081,C0442,WH-West,3,8788.43,26365.29,Delivered,2025-11-06,2025,10,October,1
O06379,2025-09-25,P078,C0724,WH-South,3,8749.35,26248.05,Delivered,2025-10-05,2025,9,September,1
O06380,2025-06-19,P078,C0126,WH-South,2,8749.35,17498.7,Processing,2025-06-27,2025,6,June,0
O06381,2026-03-31,P017,C0635,WH-West,13,8360.81,108690.53,Delivered,2026-04-06,2026,3,March,1
O06382,2025-10-19,P072,C0036,WH-East,1,7933.68,7933.68,Cancelled,Unknown,2025,10,October,0
O06383,2025-05-21,P098,C0238,WH-South,5,2843.84,14219.2,Delivered,2025-05-30,2025,5,May,1
O06384,2025-05-26,P090,C0242,WH-West,12,2450.87,29410.44,Delivered,2025-06-03,2025,5,May,1
O06385,2026-03-01,P094,C0133,WH-West,4,9560.46,38241.84,Delivered,2026-03-06,2026,3,March,1
O06386,2025-11-10,P086,C0892,WH-East,15,3132.13,46981.95,Delivered,2025-11-12,2025,11,November,1
O06387,2025-07-03,P080,C0227,WH-West,13,6733.38,87533.94,Delivered,2025-07-07,2025,7,July,1
O06388,2025-05-08,P094,C0403,WH-North,11,9560.46,105165.06,Processing,2025-05-17,2025,5,May,0
O06389,2025-10-14,P080,C0396,WH-North,2,6733.38,13466.76,Delivered,2025-10-17,2025,10,October,1
O06390,2025-09-10,P038,C0090,WH-North,1,9847.32,9847.32,Delivered,2025-09-20,2025,9,September,1
O06391,2026-01-21,P024,C0255,WH-West,14,5645.0,79030.0,Delivered,2026-01-26,2026,1,January,1
O06392,2025-08-18,P100,C0956,WH-South,14,6160.6,86248.4,Processing,2025-08-26,2025,8,August,0
O06393,2025-09-28,P099,C0083,WH-East,3,1477.4,4432.2,Delivered,2025-10-06,2025,9,September,1
O06394,2026-02-19,P006,C0500,WH-West,13,716.9,9319.7,Delivered,2026-02-28,2026,2,February,1
O06395,2025-07-17,P068,C0651,WH-South,6,7862.75,47176.5,Delivered,2025-07-25,2025,7,July,1
O06396,2025-11-19,P082,C0309,WH-West,13,7665.58,99652.54,Delivered,2025-11-24,2025,11,November,1
O06397,2025-02-25,P006,C0532,WH-North,2,716.9,1433.8,Delivered,2025-03-05,2025,2,February,1
O06398,2025-07-22,P026,C0841,WH-North,10,8058.43,80584.3,Returned,2025-07-28,2025,7,July,0
O06399,2025-05-18,P091,C0084,WH-South,15,3806.53,57097.95,Delivered,2025-05-26,2025,5,May,1
O06400,2026-02-26,P041,C0027,WH-South,13,10031.16,130405.08,Delivered,2026-03-02,2026,2,February,1
O06401,2025-02-26,P075,C0570,WH-South,7,4757.22,33300.54,Processing,2025-03-06,2025,2,February,0
O06402,2025-03-12,P038,C0379,WH-East,11,9847.32,108320.52,Processing,2025-03-20,2025,3,March,0
O06403,2026-01-07,P080,C0901,WH-South,7,6733.38,47133.66,Delivered,2026-01-10,2026,1,January,1
O06404,2026-05-29,P083,C0330,WH-North,11,1377.9,15156.9,Delivered,2026-06-07,2026,5,May,1
O06405,2025-03-25,P043,C0393,WH-North,3,7218.47,21655.41,Returned,2025-04-02,2025,3,March,0
O06406,2025-02-12,P053,C0217,WH-East,14,8550.49,119706.86,Delivered,2025-02-22,2025,2,February,1
O06407,2025-05-13,P015,C0845,WH-West,1,10925.43,10925.43,Cancelled,Unknown,2025,5,May,0
O06408,2026-01-30,P090,C0381,WH-South,9,2450.87,22057.83,Delivered,2026-02-09,2026,1,January,1
O06409,2025-03-06,P056,C0637,WH-East,11,888.53,9773.83,Delivered,2025-03-08,2025,3,March,1
O06410,2025-10-17,P056,C0800,WH-West,5,888.53,4442.65,Delivered,2025-10-23,2025,10,October,1
O06411,2026-01-11,P031,C0712,WH-West,2,1882.62,3765.24,Processing,2026-01-19,2026,1,January,0
O06412,2026-04-12,P083,C0950,WH-South,15,1377.9,20668.5,Returned,2026-04-17,2026,4,April,0
O06413,2025-08-01,P057,C0941,WH-North,8,919.99,7359.92,Delivered,2025-08-09,2025,8,August,1
O06414,2025-05-28,P051,C0508,WH-South,12,506.74,6080.88,Delivered,2025-06-07,2025,5,May,1
O06415,2026-04-16,P024,C0283,WH-South,10,5645.0,56450.0,Delivered,2026-04-22,2026,4,April,1
O06416,2025-05-29,P058,C0214,WH-North,10,3596.21,35962.1,Delivered,2025-06-04,2025,5,May,1
O06417,2025-03-29,P073,C0156,WH-North,4,5286.08,21144.32,Delivered,2025-04-01,2025,3,March,1
O06418,2025-11-20,P087,C0530,WH-North,11,6619.57,72815.27,Processing,2025-11-26,2025,11,November,0
O06419,2026-01-31,P004,C0855,WH-West,10,5647.39,56473.9,Delivered,2026-02-09,2026,1,January,1
O06420,2026-02-08,P010,C0617,WH-West,12,8992.72,107912.64,Delivered,2026-02-13,2026,2,February,1
O06421,2025-03-23,P063,C0159,WH-South,7,6119.08,42833.56,Delivered,2025-03-26,2025,3,March,1
O06422,2025-10-13,P073,C0041,WH-East,14,5286.08,74005.12,Delivered,2025-10-22,2025,10,October,1
O06423,2026-01-17,P083,C0802,WH-South,13,1377.9,17912.7,Delivered,2026-01-22,2026,1,January,1
O06424,2025-09-27,P015,C0505,WH-East,5,10925.43,54627.15,Cancelled,Unknown,2025,9,September,0
O06425,2025-10-19,P098,C0519,WH-South,13,2843.84,36969.92,Delivered,2025-10-27,2025,10,October,1
O06426,2026-03-29,P063,C0005,WH-South,3,6119.08,18357.24,Delivered,2026-04-04,2026,3,March,1
O06427,2025-01-24,P019,C0021,WH-South,10,6267.38,62673.8,Processing,2025-01-29,2025,1,January,0
O06428,2025-11-07,P063,C0646,WH-West,8,6119.08,48952.64,Processing,2025-11-15,2025,11,November,0
O06429,2026-04-06,P056,C0941,WH-South,2,888.53,1777.06,Delivered,2026-04-11,2026,4,April,1
O06430,2025-07-27,P021,C0632,WH-East,1,2945.59,2945.59,Delivered,2025-08-01,2025,7,July,1
O06431,2026-03-14,P034,C0242,WH-West,5,7873.1,39365.5,Delivered,2026-03-17,2026,3,March,1
O06432,2026-06-22,P017,C0931,WH-South,11,8360.81,91968.91,Delivered,2026-06-28,2026,6,June,1
O06433,2025-12-02,P018,C0106,WH-North,4,6842.11,27368.44,Delivered,2025-12-11,2025,12,December,1
O06434,2026-02-26,P081,C0343,WH-West,11,8788.43,96672.73,Delivered,2026-03-03,2026,2,February,1
O06435,2025-11-17,P066,C0643,WH-North,10,9296.31,92963.1,Delivered,2025-11-20,2025,11,November,1
O06436,2026-05-12,P051,C0417,WH-South,15,506.74,7601.1,Processing,2026-05-22,2026,5,May,0
O06437,2025-06-12,P065,C0038,WH-East,7,6932.91,48530.37,Delivered,2025-06-19,2025,6,June,1
O06438,2026-06-25,P043,C0599,WH-North,15,7218.47,108277.05,Returned,2026-06-29,2026,6,June,0
O06439,2025-06-14,P057,C0336,WH-North,13,919.99,11959.87,Processing,2025-06-20,2025,6,June,0
O06440,2025-10-22,P010,C0473,WH-West,9,8992.72,80934.48,Delivered,2025-10-29,2025,10,October,1
O06441,2025-02-11,P037,C0113,WH-North,6,2141.55,12849.3,Delivered,2025-02-21,2025,2,February,1
O06442,2025-10-12,P048,C0251,WH-South,11,8206.14,90267.54,Delivered,2025-10-18,2025,10,October,1
O06443,2026-01-22,P069,C0912,WH-West,1,7876.01,7876.01,Delivered,2026-02-01,2026,1,January,1
O06444,2025-05-18,P056,C0345,WH-North,15,888.53,13327.95,Delivered,2025-05-20,2025,5,May,1
O06445,2025-07-06,P076,C0874,WH-East,8,2781.69,22253.52,Delivered,2025-07-11,2025,7,July,1
O06446,2026-03-07,P036,C0071,WH-West,2,9014.91,18029.82,Processing,2026-03-09,2026,3,March,0
O06447,2026-02-20,P031,C0264,WH-East,4,1882.62,7530.48,Delivered,2026-02-23,2026,2,February,1
O06448,2026-03-02,P055,C0899,WH-East,3,1487.11,4461.33,Cancelled,Unknown,2026,3,March,0
O06449,2026-02-20,P038,C0581,WH-West,6,9847.32,59083.92,Delivered,2026-02-26,2026,2,February,1
O06450,2025-01-26,P073,C0384,WH-North,2,5286.08,10572.16,Delivered,2025-01-28,2025,1,January,1
O06451,2026-01-06,P090,C0767,WH-North,5,2450.87,12254.35,Delivered,2026-01-10,2026,1,January,1
O06452,2026-01-20,P015,C0787,WH-East,11,10925.43,120179.73,Delivered,2026-01-27,2026,1,January,1
O06453,2025-02-25,P016,C0391,WH-North,9,6037.0,54333.0,Delivered,2025-02-27,2025,2,February,1
O06454,2025-09-10,P077,C0598,WH-West,15,12073.98,181109.7,Delivered,2025-09-12,2025,9,September,1
O06455,2025-04-16,P089,C0730,WH-East,3,5210.42,15631.26,Delivered,2025-04-20,2025,4,April,1
O06456,2025-05-10,P094,C0562,WH-South,2,9560.46,19120.92,Delivered,2025-05-20,2025,5,May,1
O06457,2026-01-11,P053,C0473,WH-South,2,8550.49,17100.98,Delivered,2026-01-14,2026,1,January,1
O06458,2025-11-04,P056,C0511,WH-South,15,888.53,13327.95,Delivered,2025-11-11,2025,11,November,1
O06459,2025-04-01,P007,C0134,WH-North,9,11389.37,102504.33,Delivered,2025-04-05,2025,4,April,1
O06460,2026-01-28,P057,C0389,WH-South,6,919.99,5519.94,Delivered,2026-02-04,2026,1,January,1
O06461,2026-06-18,P055,C0742,WH-South,2,1487.11,2974.22,Delivered,2026-06-26,2026,6,June,1
O06462,2025-04-20,P052,C0061,WH-East,3,2109.04,6327.12,Delivered,2025-04-28,2025,4,April,1
O06463,2025-12-06,P004,C0764,WH-West,15,5647.39,84710.85,Delivered,2025-12-09,2025,12,December,1
O06464,2025-12-22,P043,C0742,WH-East,14,7218.47,101058.58,Delivered,2025-12-26,2025,12,December,1
O06465,2025-06-17,P040,C0470,WH-East,1,7396.64,7396.64,Delivered,2025-06-22,2025,6,June,1
O06466,2026-03-28,P030,C0351,WH-South,2,6989.65,13979.3,Delivered,2026-04-06,2026,3,March,1
O06467,2025-04-15,P010,C0058,WH-East,15,8992.72,134890.8,Delivered,2025-04-21,2025,4,April,1
O06468,2025-05-30,P094,C0918,WH-South,2,9560.46,19120.92,Processing,2025-06-01,2025,5,May,0
O06469,2025-05-26,P007,C0185,WH-North,11,11389.37,125283.07,Delivered,2025-06-05,2025,5,May,1
O06470,2025-10-26,P036,C0203,WH-South,2,9014.91,18029.82,Cancelled,Unknown,2025,10,October,0
O06471,2025-06-16,P035,C0032,WH-West,7,10862.84,76039.88,Delivered,2025-06-19,2025,6,June,1
O06472,2025-02-17,P088,C0657,WH-East,3,7327.81,21983.43,Delivered,2025-02-25,2025,2,February,1
O06473,2025-08-27,P039,C0954,WH-West,13,2741.34,35637.42,Delivered,2025-08-31,2025,8,August,1
O06474,2025-01-07,P036,C0169,WH-West,15,9014.91,135223.65,Delivered,2025-01-14,2025,1,January,1
O06475,2026-04-09,P020,C0022,WH-East,14,2297.9,32170.6,Returned,2026-04-18,2026,4,April,0
O06476,2026-03-29,P049,C0848,WH-East,11,3014.05,33154.55,Delivered,2026-04-04,2026,3,March,1
O06477,2026-01-06,P096,C0810,WH-East,4,6299.54,25198.16,Delivered,2026-01-08,2026,1,January,1
O06478,2026-05-02,P059,C0079,WH-West,2,722.03,1444.06,Delivered,2026-05-06,2026,5,May,1
O06479,2025-07-30,P049,C0136,WH-North,5,3014.05,15070.25,Returned,2025-08-02,2025,7,July,0
O06480,2025-06-14,P090,C0302,WH-West,14,2450.87,34312.18,Processing,2025-06-21,2025,6,June,0
O06481,2025-05-05,P026,C0688,WH-North,9,8058.43,72525.87,Delivered,2025-05-11,2025,5,May,1
O06482,2025-12-03,P036,C0883,WH-South,12,9014.91,108178.92,Delivered,2025-12-11,2025,12,December,1
O06483,2025-07-11,P043,C0387,WH-East,9,7218.47,64966.23,Delivered,2025-07-14,2025,7,July,1
O06484,2025-08-02,P099,C0589,WH-West,7,1477.4,10341.8,Delivered,2025-08-09,2025,8,August,1
O06485,2025-11-24,P043,C0542,WH-North,12,7218.47,86621.64,Delivered,2025-11-30,2025,11,November,1
O06486,2026-01-16,P099,C0284,WH-North,8,1477.4,11819.2,Delivered,2026-01-23,2026,1,January,1
O06487,2025-08-27,P076,C0329,WH-North,13,2781.69,36161.97,Delivered,2025-09-02,2025,8,August,1
O06488,2026-06-16,P033,C0460,WH-East,14,7876.29,110268.06,Cancelled,Unknown,2026,6,June,0
O06489,2025-03-23,P100,C0153,WH-North,5,6160.6,30803.0,Delivered,2025-03-29,2025,3,March,1
O06490,2025-12-29,P078,C0933,WH-East,5,8749.35,43746.75,Delivered,2026-01-06,2025,12,December,1
O06491,2026-05-20,P097,C0725,WH-West,12,7927.96,95135.52,Delivered,2026-05-22,2026,5,May,1
O06492,2025-07-21,P045,C0691,WH-North,3,11503.77,34511.31,Returned,2025-07-31,2025,7,July,0
O06493,2026-05-19,P045,C0807,WH-North,6,11503.77,69022.62,Delivered,2026-05-26,2026,5,May,1
O06494,2025-02-06,P088,C0487,WH-East,1,7327.81,7327.81,Delivered,2025-02-16,2025,2,February,1
O06495,2026-02-06,P015,C0595,WH-East,3,10925.43,32776.29,Delivered,2026-02-08,2026,2,February,1
O06496,2025-06-25,P095,C0712,WH-West,11,5427.18,59698.98,Delivered,2025-06-28,2025,6,June,1
O06497,2026-06-29,P017,C0998,WH-East,2,8360.81,16721.62,Delivered,2026-07-07,2026,6,June,1
O06498,2026-04-12,P012,C0835,WH-West,7,3219.93,22539.51,Delivered,2026-04-17,2026,4,April,1
O06499,2025-07-20,P022,C0982,WH-West,9,9065.34,81588.06,Delivered,2025-07-22,2025,7,July,1
O06500,2026-06-24,P023,C0641,WH-North,4,2561.5,10246.0,Delivered,2026-06-30,2026,6,June,1
O06501,2026-01-29,P090,C0806,WH-South,7,2450.87,17156.09,Delivered,2026-02-03,2026,1,January,1
O06502,2025-02-11,P078,C0948,WH-South,8,8749.35,69994.8,Delivered,2025-02-18,2025,2,February,1
O06503,2026-01-28,P012,C0191,WH-East,10,3219.93,32199.3,Delivered,2026-02-05,2026,1,January,1
O06504,2026-03-17,P068,C0052,WH-East,2,7862.75,15725.5,Delivered,2026-03-21,2026,3,March,1
O06505,2026-05-21,P051,C0595,WH-South,7,506.74,3547.18,Delivered,2026-05-28,2026,5,May,1
O06506,2025-11-16,P013,C0341,WH-West,13,359.86,4678.18,Delivered,2025-11-19,2025,11,November,1
O06507,2025-08-03,P057,C0700,WH-South,12,919.99,11039.88,Delivered,2025-08-08,2025,8,August,1
O06508,2025-03-12,P055,C0525,WH-West,3,1487.11,4461.33,Delivered,2025-03-22,2025,3,March,1
O06509,2025-08-24,P082,C0731,WH-West,8,7665.58,61324.64,Delivered,2025-09-01,2025,8,August,1
O06510,2025-10-08,P028,C0017,WH-East,6,1732.59,10395.54,Delivered,2025-10-11,2025,10,October,1
O06511,2025-06-11,P044,C0242,WH-East,3,3533.01,10599.03,Delivered,2025-06-18,2025,6,June,1
O06512,2025-07-10,P019,C0340,WH-East,8,6267.38,50139.04,Delivered,2025-07-15,2025,7,July,1
O06513,2025-01-09,P046,C0670,WH-South,11,2032.34,22355.74,Delivered,2025-01-18,2025,1,January,1
O06514,2025-03-01,P003,C0678,WH-South,13,8874.43,115367.59,Returned,2025-03-10,2025,3,March,0
O06515,2025-08-13,P083,C0651,WH-South,3,1377.9,4133.7,Processing,2025-08-15,2025,8,August,0
O06516,2025-10-14,P020,C0411,WH-West,9,2297.9,20681.1,Delivered,2025-10-23,2025,10,October,1
O06517,2025-06-18,P025,C0294,WH-East,11,2564.25,28206.75,Delivered,2025-06-26,2025,6,June,1
O06518,2025-03-03,P075,C0028,WH-North,3,4757.22,14271.66,Cancelled,Unknown,2025,3,March,0
O06519,2025-12-15,P056,C0410,WH-South,1,888.53,888.53,Delivered,2025-12-19,2025,12,December,1
O06520,2026-03-18,P081,C0359,WH-North,13,8788.43,114249.59,Delivered,2026-03-24,2026,3,March,1
O06521,2025-01-14,P061,C0673,WH-North,2,9046.33,18092.66,Delivered,2025-01-18,2025,1,January,1
O06522,2025-06-13,P055,C0416,WH-South,4,1487.11,5948.44,Delivered,2025-06-17,2025,6,June,1
O06523,2026-02-24,P035,C0182,WH-South,13,10862.84,141216.92,Delivered,2026-02-26,2026,2,February,1
O06524,2026-06-04,P078,C0921,WH-South,11,8749.35,96242.85,Delivered,2026-06-13,2026,6,June,1
O06525,2025-01-28,P059,C0792,WH-East,2,722.03,1444.06,Delivered,2025-02-07,2025,1,January,1
O06526,2026-03-22,P039,C0936,WH-North,4,2741.34,10965.36,Delivered,2026-03-28,2026,3,March,1
O06527,2025-07-27,P057,C0667,WH-West,4,919.99,3679.96,Delivered,2025-07-29,2025,7,July,1
O06528,2026-04-15,P083,C0814,WH-North,4,1377.9,5511.6,Delivered,2026-04-17,2026,4,April,1
O06529,2025-04-14,P067,C0726,WH-West,1,3626.7,3626.7,Delivered,2025-04-24,2025,4,April,1
O06530,2026-03-02,P034,C0340,WH-North,9,7873.1,70857.9,Processing,2026-03-04,2026,3,March,0
O06531,2025-04-11,P041,C0353,WH-North,10,10031.16,100311.6,Delivered,2025-04-21,2025,4,April,1
O06532,2026-06-25,P022,C0069,WH-East,11,9065.34,99718.74,Delivered,2026-06-29,2026,6,June,1
O06533,2026-06-06,P027,C0477,WH-West,7,3927.78,27494.46,Delivered,2026-06-10,2026,6,June,1
O06534,2025-04-16,P021,C0325,WH-South,2,2945.59,5891.18,Delivered,2025-04-21,2025,4,April,1
O06535,2025-10-04,P041,C0494,WH-South,3,10031.16,30093.48,Delivered,2025-10-10,2025,10,October,1
O06536,2025-03-06,P031,C0295,WH-East,13,1882.62,24474.06,Delivered,2025-03-13,2025,3,March,1
O06537,2025-07-07,P027,C0209,WH-South,8,3927.78,31422.24,Returned,2025-07-14,2025,7,July,0
O06538,2025-11-13,P037,C0157,WH-North,7,2141.55,14990.85,Delivered,2025-11-23,2025,11,November,1
O06539,2025-05-18,P066,C0075,WH-East,4,9296.31,37185.24,Delivered,2025-05-20,2025,5,May,1
O06540,2025-12-09,P054,C0854,WH-West,4,5559.97,22239.88,Delivered,2025-12-19,2025,12,December,1
O06541,2025-04-15,P009,C0287,WH-East,9,6820.58,61385.22,Delivered,2025-04-20,2025,4,April,1
O06542,2026-06-30,P083,C0231,WH-North,15,1377.9,20668.5,Delivered,2026-07-08,2026,6,June,1
O06543,2026-01-15,P042,C0577,WH-East,5,4932.36,24661.8,Delivered,2026-01-22,2026,1,January,1
O06544,2025-04-20,P036,C0271,WH-North,14,9014.91,126208.74,Processing,2025-04-30,2025,4,April,0
O06545,2026-06-29,P010,C0083,WH-East,13,8992.72,116905.36,Cancelled,Unknown,2026,6,June,0
O06546,2025-12-20,P059,C0586,WH-West,11,722.03,7942.33,Delivered,2025-12-23,2025,12,December,1
O06547,2025-11-13,P040,C0265,WH-West,5,7396.64,36983.2,Delivered,2025-11-21,2025,11,November,1
O06548,2025-09-23,P054,C0269,WH-South,15,5559.97,83399.55,Delivered,2025-10-03,2025,9,September,1
O06549,2025-03-06,P039,C0888,WH-North,7,2741.34,19189.38,Delivered,2025-03-12,2025,3,March,1
O06550,2025-11-29,P007,C0301,WH-South,1,11389.37,11389.37,Delivered,2025-12-07,2025,11,November,1
O06551,2026-05-28,P004,C0090,WH-East,3,5647.39,16942.17,Delivered,2026-06-06,2026,5,May,1
O06552,2025-05-13,P015,C0902,WH-East,2,10925.43,21850.86,Delivered,2025-05-22,2025,5,May,1
O06553,2026-06-24,P076,C0360,WH-East,11,2781.69,30598.59,Processing,2026-06-29,2026,6,June,0
O06554,2026-06-19,P048,C0300,WH-East,10,8206.14,82061.4,Delivered,2026-06-27,2026,6,June,1
O06555,2026-05-11,P006,C0002,WH-West,6,716.9,4301.4,Delivered,2026-05-13,2026,5,May,1
O06556,2026-01-04,P073,C0413,WH-East,11,5286.08,58146.88,Delivered,2026-01-09,2026,1,January,1
O06557,2025-04-09,P035,C0176,WH-West,12,10862.84,130354.08,Delivered,2025-04-15,2025,4,April,1
O06558,2025-11-13,P072,C0125,WH-South,6,7933.68,47602.08,Delivered,2025-11-21,2025,11,November,1
O06559,2025-05-03,P071,C0780,WH-West,10,4401.72,44017.2,Delivered,2025-05-10,2025,5,May,1
O06560,2025-11-16,P068,C0727,WH-West,1,7862.75,7862.75,Delivered,2025-11-21,2025,11,November,1
O06561,2026-05-10,P058,C0882,WH-North,14,3596.21,50346.94,Delivered,2026-05-14,2026,5,May,1
O06562,2026-04-02,P077,C0579,WH-East,14,12073.98,169035.72,Delivered,2026-04-09,2026,4,April,1
O06563,2026-06-06,P019,C0178,WH-East,6,6267.38,37604.28,Delivered,2026-06-12,2026,6,June,1
O06564,2026-06-04,P062,C0779,WH-East,10,11436.7,114367.0,Delivered,2026-06-08,2026,6,June,1
O06565,2025-11-11,P071,C0005,WH-South,2,4401.72,8803.44,Delivered,2025-11-16,2025,11,November,1
O06566,2026-06-26,P010,C0813,WH-East,11,8992.72,98919.92,Delivered,2026-06-29,2026,6,June,1
O06567,2026-04-24,P025,C0714,WH-East,4,2564.25,10257.0,Delivered,2026-05-04,2026,4,April,1
O06568,2025-01-20,P044,C0117,WH-East,6,3533.01,21198.06,Delivered,2025-01-28,2025,1,January,1
O06569,2025-05-10,P099,C0431,WH-North,3,1477.4,4432.2,Delivered,2025-05-14,2025,5,May,1
O06570,2025-10-20,P058,C0390,WH-West,3,3596.21,10788.63,Delivered,2025-10-29,2025,10,October,1
O06571,2025-05-12,P025,C0848,WH-North,12,2564.25,30771.0,Returned,2025-05-21,2025,5,May,0
O06572,2025-12-22,P093,C0479,WH-East,3,11181.17,33543.51,Delivered,2025-12-24,2025,12,December,1
O06573,2025-02-23,P076,C0471,WH-West,4,2781.69,11126.76,Delivered,2025-03-01,2025,2,February,1
O06574,2026-01-22,P040,C0350,WH-North,9,7396.64,66569.76,Delivered,2026-01-28,2026,1,January,1
O06575,2025-09-22,P076,C0744,WH-East,4,2781.69,11126.76,Delivered,2025-09-26,2025,9,September,1
O06576,2025-08-03,P070,C0084,WH-East,13,2886.35,37522.55,Delivered,2025-08-06,2025,8,August,1
O06577,2026-04-05,P010,C0601,WH-North,4,8992.72,35970.88,Delivered,2026-04-07,2026,4,April,1
O06578,2026-04-03,P066,C0227,WH-West,4,9296.31,37185.24,Delivered,2026-04-08,2026,4,April,1
O06579,2025-02-12,P025,C0453,WH-West,7,2564.25,17949.75,Delivered,2025-02-15,2025,2,February,1
O06580,2025-10-05,P071,C0447,WH-North,5,4401.72,22008.6,Delivered,2025-10-11,2025,10,October,1
O06581,2025-05-10,P087,C0111,WH-East,12,6619.57,79434.84,Returned,2025-05-13,2025,5,May,0
O06582,2025-12-16,P011,C0323,WH-West,2,11449.02,22898.04,Delivered,2025-12-18,2025,12,December,1
O06583,2026-06-28,P036,C0943,WH-North,7,9014.91,63104.37,Delivered,2026-07-08,2026,6,June,1
O06584,2025-04-16,P049,C0930,WH-North,3,3014.05,9042.15,Delivered,2025-04-19,2025,4,April,1
O06585,2025-01-01,P048,C0524,WH-North,11,8206.14,90267.54,Delivered,2025-01-06,2025,1,January,1
O06586,2026-03-08,P087,C0539,WH-West,1,6619.57,6619.57,Delivered,2026-03-12,2026,3,March,1
O06587,2025-11-02,P007,C0965,WH-South,9,11389.37,102504.33,Delivered,2025-11-04,2025,11,November,1
O06588,2026-06-11,P091,C0105,WH-South,5,3806.53,19032.65,Delivered,2026-06-20,2026,6,June,1
O06589,2025-02-22,P077,C0086,WH-South,10,12073.98,120739.8,Delivered,2025-02-25,2025,2,February,1
O06590,2026-06-04,P051,C0964,WH-South,1,506.74,506.74,Delivered,2026-06-13,2026,6,June,1
O06591,2025-11-26,P017,C0503,WH-South,11,8360.81,91968.91,Delivered,2025-11-28,2025,11,November,1
O06592,2025-11-21,P032,C0506,WH-East,1,8387.44,8387.44,Delivered,2025-11-28,2025,11,November,1
O06593,2025-04-24,P026,C0885,WH-North,1,8058.43,8058.43,Delivered,2025-04-29,2025,4,April,1
O06594,2025-05-27,P022,C0156,WH-South,12,9065.34,108784.08,Delivered,2025-05-31,2025,5,May,1
O06595,2025-06-15,P013,C0711,WH-West,9,359.86,3238.74,Delivered,2025-06-17,2025,6,June,1
O06596,2026-01-14,P012,C0496,WH-North,13,3219.93,41859.09,Delivered,2026-01-16,2026,1,January,1
O06597,2025-05-19,P071,C0941,WH-West,8,4401.72,35213.76,Delivered,2025-05-27,2025,5,May,1
O06598,2025-10-26,P001,C0994,WH-West,11,2324.33,25567.63,Cancelled,Unknown,2025,10,October,0
O06599,2025-10-03,P033,C0386,WH-West,13,7876.29,102391.77,Delivered,2025-10-07,2025,10,October,1
O06600,2025-06-27,P014,C0649,WH-East,15,8215.45,123231.75,Delivered,2025-06-30,2025,6,June,1
O06601,2025-12-20,P064,C0463,WH-West,13,9772.25,127039.25,Delivered,2025-12-24,2025,12,December,1
O06602,2025-06-03,P043,C0543,WH-North,6,7218.47,43310.82,Delivered,2025-06-12,2025,6,June,1
O06603,2025-07-20,P058,C0676,WH-North,10,3596.21,35962.1,Delivered,2025-07-28,2025,7,July,1
O06604,2025-04-25,P041,C0113,WH-East,15,10031.16,150467.4,Delivered,2025-05-03,2025,4,April,1
O06605,2025-03-09,P081,C0873,WH-East,15,8788.43,131826.45,Cancelled,Unknown,2025,3,March,0
O06606,2026-03-21,P068,C0783,WH-North,6,7862.75,47176.5,Delivered,2026-03-25,2026,3,March,1
O06607,2026-03-21,P039,C0865,WH-North,6,2741.34,16448.04,Cancelled,Unknown,2026,3,March,0
O06608,2025-11-22,P001,C0446,WH-West,4,2324.33,9297.32,Delivered,2025-11-24,2025,11,November,1
O06609,2025-12-25,P041,C0287,WH-West,5,10031.16,50155.8,Delivered,2026-01-01,2025,12,December,1
O06610,2025-05-25,P045,C0923,WH-East,10,11503.77,115037.7,Delivered,2025-05-30,2025,5,May,1
O06611,2025-10-02,P088,C0770,WH-South,3,7327.81,21983.43,Delivered,2025-10-10,2025,10,October,1
O06612,2026-05-24,P098,C0201,WH-West,3,2843.84,8531.52,Delivered,2026-05-26,2026,5,May,1
O06613,2025-06-28,P098,C0811,WH-West,10,2843.84,28438.4,Delivered,2025-07-05,2025,6,June,1
O06614,2026-04-22,P088,C0883,WH-South,7,7327.81,51294.67,Delivered,2026-04-30,2026,4,April,1
O06615,2026-02-18,P079,C0379,WH-West,5,8889.27,44446.35,Returned,2026-02-20,2026,2,February,0
O06616,2025-06-02,P081,C0513,WH-South,8,8788.43,70307.44,Delivered,2025-06-05,2025,6,June,1
O06617,2025-04-14,P013,C0723,WH-South,5,359.86,1799.3,Delivered,2025-04-24,2025,4,April,1
O06618,2025-03-16,P071,C0265,WH-North,12,4401.72,52820.64,Delivered,2025-03-26,2025,3,March,1
O06619,2025-05-08,P009,C0188,WH-South,4,6820.58,27282.32,Returned,2025-05-15,2025,5,May,0
O06620,2025-12-11,P063,C0898,WH-South,14,6119.08,85667.12,Returned,2025-12-16,2025,12,December,0
O06621,2026-06-15,P099,C0357,WH-East,3,1477.4,4432.2,Delivered,2026-06-23,2026,6,June,1
O06622,2025-06-08,P023,C0241,WH-East,12,2561.5,30738.0,Delivered,2025-06-14,2025,6,June,1
O06623,2026-06-22,P054,C0954,WH-East,2,5559.97,11119.94,Delivered,2026-06-26,2026,6,June,1
O06624,2026-03-02,P047,C0193,WH-West,3,9554.1,28662.3,Delivered,2026-03-07,2026,3,March,1
O06625,2025-01-23,P039,C0110,WH-East,7,2741.34,19189.38,Delivered,2025-01-26,2025,1,January,1
O06626,2025-02-16,P087,C0908,WH-North,8,6619.57,52956.56,Delivered,2025-02-23,2025,2,February,1
O06627,2026-06-09,P026,C0951,WH-North,15,8058.43,120876.45,Cancelled,Unknown,2026,6,June,0
O06628,2025-05-24,P001,C0986,WH-North,5,2324.33,11621.65,Cancelled,Unknown,2025,5,May,0
O06629,2026-02-23,P014,C0906,WH-West,11,8215.45,90369.95,Delivered,2026-02-28,2026,2,February,1
O06630,2025-03-26,P096,C0499,WH-South,1,6299.54,6299.54,Delivered,2025-04-04,2025,3,March,1
O06631,2026-02-20,P074,C0623,WH-South,3,8610.83,25832.49,Delivered,2026-02-22,2026,2,February,1
O06632,2026-04-27,P065,C0065,WH-North,4,6932.91,27731.64,Delivered,2026-05-07,2026,4,April,1
O06633,2026-04-01,P069,C0065,WH-South,10,7876.01,78760.1,Cancelled,Unknown,2026,4,April,0
O06634,2025-10-24,P067,C0317,WH-South,13,3626.7,47147.1,Delivered,2025-10-28,2025,10,October,1
O06635,2025-04-22,P049,C0747,WH-South,13,3014.05,39182.65,Delivered,2025-04-28,2025,4,April,1
O06636,2025-08-18,P050,C0095,WH-West,12,1973.84,23686.08,Delivered,2025-08-20,2025,8,August,1
O06637,2025-04-06,P058,C0459,WH-South,4,3596.21,14384.84,Processing,2025-04-10,2025,4,April,0
O06638,2026-01-13,P053,C0709,WH-South,12,8550.49,102605.88,Delivered,2026-01-18,2026,1,January,1
O06639,2025-06-05,P091,C0803,WH-West,1,3806.53,3806.53,Delivered,2025-06-08,2025,6,June,1
O06640,2026-02-25,P057,C0395,WH-East,10,919.99,9199.9,Delivered,2026-03-04,2026,2,February,1
O06641,2025-04-15,P086,C0196,WH-North,9,3132.13,28189.17,Delivered,2025-04-20,2025,4,April,1
O06642,2025-11-26,P018,C0550,WH-West,12,6842.11,82105.32,Delivered,2025-11-28,2025,11,November,1
O06643,2026-03-15,P016,C0882,WH-West,10,6037.0,60370.0,Delivered,2026-03-19,2026,3,March,1
O06644,2025-05-12,P002,C0039,WH-North,15,9662.88,144943.2,Processing,2025-05-20,2025,5,May,0
O06645,2026-01-17,P013,C0149,WH-South,15,359.86,5397.9,Delivered,2026-01-21,2026,1,January,1
O06646,2025-05-18,P045,C0376,WH-South,4,11503.77,46015.08,Delivered,2025-05-25,2025,5,May,1
O06647,2025-09-27,P080,C0676,WH-West,2,6733.38,13466.76,Delivered,2025-10-04,2025,9,September,1
O06648,2026-01-31,P072,C0366,WH-East,13,7933.68,103137.84,Delivered,2026-02-02,2026,1,January,1
O06649,2026-04-09,P043,C0732,WH-North,9,7218.47,64966.23,Delivered,2026-04-12,2026,4,April,1
O06650,2026-03-26,P072,C0456,WH-East,14,7933.68,111071.52,Delivered,2026-04-02,2026,3,March,1
O06651,2025-11-27,P054,C0276,WH-West,4,5559.97,22239.88,Delivered,2025-11-30,2025,11,November,1
O06652,2025-09-10,P074,C0555,WH-East,4,8610.83,34443.32,Delivered,2025-09-13,2025,9,September,1
O06653,2025-10-12,P097,C0510,WH-West,11,7927.96,87207.56,Delivered,2025-10-17,2025,10,October,1
O06654,2025-10-01,P031,C0238,WH-North,6,1882.62,11295.72,Delivered,2025-10-10,2025,10,October,1
O06655,2025-01-20,P076,C0405,WH-East,8,2781.69,22253.52,Delivered,2025-01-27,2025,1,January,1
O06656,2025-08-27,P009,C0163,WH-East,5,6820.58,34102.9,Delivered,2025-09-05,2025,8,August,1
O06657,2025-09-27,P073,C0320,WH-North,12,5286.08,63432.96,Delivered,2025-10-02,2025,9,September,1
O06658,2026-02-22,P048,C0619,WH-North,8,8206.14,65649.12,Delivered,2026-02-26,2026,2,February,1
O06659,2025-11-06,P018,C0800,WH-West,1,6842.11,6842.11,Processing,2025-11-14,2025,11,November,0
O06660,2025-01-31,P094,C0804,WH-West,13,9560.46,124285.98,Delivered,2025-02-08,2025,1,January,1
O06661,2025-04-14,P096,C0617,WH-West,4,6299.54,25198.16,Delivered,2025-04-17,2025,4,April,1
O06662,2025-07-05,P087,C0069,WH-West,1,6619.57,6619.57,Delivered,2025-07-07,2025,7,July,1
O06663,2025-05-08,P011,C0109,WH-West,3,11449.02,34347.06,Delivered,2025-05-17,2025,5,May,1
O06664,2025-07-29,P062,C0180,WH-North,11,11436.7,125803.7,Delivered,2025-08-02,2025,7,July,1
O06665,2026-02-18,P084,C0132,WH-East,7,9567.6,66973.2,Returned,2026-02-25,2026,2,February,0
O06666,2025-10-08,P019,C0519,WH-South,1,6267.38,6267.38,Delivered,2025-10-16,2025,10,October,1
O06667,2025-09-10,P100,C0994,WH-South,5,6160.6,30803.0,Delivered,2025-09-19,2025,9,September,1
O06668,2025-01-19,P090,C0852,WH-West,1,2450.87,2450.87,Delivered,2025-01-26,2025,1,January,1
O06669,2025-05-16,P074,C0455,WH-South,6,8610.83,51664.98,Cancelled,Unknown,2025,5,May,0
O06670,2025-08-11,P024,C0408,WH-East,9,5645.0,50805.0,Delivered,2025-08-17,2025,8,August,1
O06671,2025-01-03,P013,C0661,WH-East,3,359.86,1079.58,Delivered,2025-01-07,2025,1,January,1
O06672,2025-08-24,P046,C0185,WH-West,11,2032.34,22355.74,Delivered,2025-08-27,2025,8,August,1
O06673,2026-04-10,P053,C0457,WH-South,11,8550.49,94055.39,Delivered,2026-04-18,2026,4,April,1
O06674,2025-08-16,P098,C0915,WH-North,14,2843.84,39813.76,Delivered,2025-08-25,2025,8,August,1
O06675,2026-05-14,P029,C0980,WH-North,12,7630.58,91566.96,Delivered,2026-05-23,2026,5,May,1
O06676,2026-06-05,P036,C0505,WH-West,15,9014.91,135223.65,Delivered,2026-06-09,2026,6,June,1
O06677,2025-05-19,P071,C0668,WH-East,6,4401.72,26410.32,Delivered,2025-05-22,2025,5,May,1
O06678,2025-10-03,P094,C0928,WH-South,4,9560.46,38241.84,Delivered,2025-10-13,2025,10,October,1
O06679,2025-10-18,P017,C0510,WH-East,6,8360.81,50164.86,Delivered,2025-10-25,2025,10,October,1
O06680,2025-02-22,P048,C0290,WH-West,2,8206.14,16412.28,Delivered,2025-02-26,2025,2,February,1
O06681,2025-04-20,P077,C0245,WH-East,4,12073.98,48295.92,Delivered,2025-04-26,2025,4,April,1
O06682,2025-01-04,P024,C0784,WH-South,13,5645.0,73385.0,Cancelled,Unknown,2025,1,January,0
O06683,2025-02-16,P054,C0038,WH-East,13,5559.97,72279.61,Delivered,2025-02-19,2025,2,February,1
O06684,2025-04-04,P095,C0115,WH-West,7,5427.18,37990.26,Delivered,2025-04-14,2025,4,April,1
O06685,2025-08-01,P091,C0498,WH-North,11,3806.53,41871.83,Delivered,2025-08-05,2025,8,August,1
O06686,2026-03-12,P085,C0337,WH-North,6,1090.03,6540.18,Delivered,2026-03-21,2026,3,March,1
O06687,2026-05-23,P001,C0459,WH-South,9,2324.33,20918.97,Delivered,2026-06-01,2026,5,May,1
O06688,2025-07-24,P079,C0119,WH-West,11,8889.27,97781.97,Delivered,2025-07-30,2025,7,July,1
O06689,2026-01-16,P067,C0644,WH-West,7,3626.7,25386.9,Delivered,2026-01-25,2026,1,January,1
O06690,2025-03-14,P006,C0056,WH-East,1,716.9,716.9,Delivered,2025-03-17,2025,3,March,1
O06691,2026-05-31,P078,C0424,WH-North,6,8749.35,52496.1,Delivered,2026-06-03,2026,5,May,1
O06692,2025-03-17,P055,C0120,WH-South,11,1487.11,16358.21,Delivered,2025-03-22,2025,3,March,1
O06693,2025-03-18,P038,C0050,WH-South,3,9847.32,29541.96,Delivered,2025-03-27,2025,3,March,1
O06694,2026-02-14,P033,C0365,WH-South,8,7876.29,63010.32,Delivered,2026-02-17,2026,2,February,1
O06695,2025-04-16,P008,C0373,WH-East,13,7685.98,99917.74,Delivered,2025-04-21,2025,4,April,1
O06696,2026-04-21,P090,C0936,WH-West,1,2450.87,2450.87,Delivered,2026-04-30,2026,4,April,1
O06697,2025-10-02,P079,C0362,WH-South,10,8889.27,88892.7,Processing,2025-10-06,2025,10,October,0
O06698,2025-03-29,P078,C0082,WH-East,2,8749.35,17498.7,Delivered,2025-04-07,2025,3,March,1
O06699,2025-03-18,P020,C0882,WH-South,3,2297.9,6893.7,Delivered,2025-03-21,2025,3,March,1
O06700,2025-03-18,P055,C0561,WH-East,14,1487.11,20819.54,Processing,2025-03-20,2025,3,March,0
O06701,2026-03-18,P048,C0048,WH-North,3,8206.14,24618.42,Delivered,2026-03-25,2026,3,March,1
O06702,2026-06-24,P083,C0646,WH-East,7,1377.9,9645.3,Delivered,2026-07-03,2026,6,June,1
O06703,2025-09-02,P056,C0238,WH-West,13,888.53,11550.89,Delivered,2025-09-12,2025,9,September,1
O06704,2026-01-17,P097,C0992,WH-North,8,7927.96,63423.68,Delivered,2026-01-26,2026,1,January,1
O06705,2025-05-22,P100,C0382,WH-North,15,6160.6,92409.0,Delivered,2025-05-25,2025,5,May,1
O06706,2026-01-03,P088,C0389,WH-South,9,7327.81,65950.29,Delivered,2026-01-05,2026,1,January,1
O06707,2025-03-25,P010,C0335,WH-North,7,8992.72,62949.04,Delivered,2025-04-02,2025,3,March,1
O06708,2025-05-23,P052,C0685,WH-East,8,2109.04,16872.32,Cancelled,Unknown,2025,5,May,0
O06709,2025-12-18,P050,C0912,WH-West,11,1973.84,21712.24,Delivered,2025-12-22,2025,12,December,1
O06710,2026-06-29,P034,C0880,WH-North,15,7873.1,118096.5,Delivered,2026-07-06,2026,6,June,1
O06711,2025-06-01,P036,C0657,WH-West,6,9014.91,54089.46,Delivered,2025-06-09,2025,6,June,1
O06712,2025-06-07,P061,C0187,WH-East,2,9046.33,18092.66,Delivered,2025-06-17,2025,6,June,1
O06713,2026-03-22,P100,C0120,WH-East,1,6160.6,6160.6,Delivered,2026-03-24,2026,3,March,1
O06714,2025-10-30,P016,C0696,WH-West,3,6037.0,18111.0,Delivered,2025-11-03,2025,10,October,1
O06715,2026-03-26,P079,C0357,WH-East,9,8889.27,80003.43,Delivered,2026-04-01,2026,3,March,1
O06716,2025-08-12,P018,C0363,WH-West,13,6842.11,88947.43,Delivered,2025-08-16,2025,8,August,1
O06717,2025-02-12,P071,C0591,WH-South,7,4401.72,30812.04,Delivered,2025-02-21,2025,2,February,1
O06718,2025-09-21,P047,C0163,WH-East,2,9554.1,19108.2,Delivered,2025-09-28,2025,9,September,1
O06719,2025-01-03,P086,C0008,WH-South,14,3132.13,43849.82,Processing,2025-01-06,2025,1,January,0
O06720,2025-09-25,P032,C0611,WH-North,1,8387.44,8387.44,Delivered,2025-09-27,2025,9,September,1
O06721,2025-01-16,P043,C0317,WH-North,2,7218.47,14436.94,Returned,2025-01-22,2025,1,January,0
O06722,2025-11-30,P083,C0868,WH-South,15,1377.9,20668.5,Delivered,2025-12-10,2025,11,November,1
O06723,2026-04-09,P040,C0027,WH-North,3,7396.64,22189.92,Delivered,2026-04-19,2026,4,April,1
O06724,2025-02-28,P065,C0974,WH-North,14,6932.91,97060.74,Delivered,2025-03-02,2025,2,February,1
O06725,2025-06-26,P035,C0887,WH-North,6,10862.84,65177.04,Delivered,2025-06-30,2025,6,June,1
O06726,2025-03-04,P069,C0983,WH-North,12,7876.01,94512.12,Delivered,2025-03-11,2025,3,March,1
O06727,2025-11-03,P050,C0276,WH-East,9,1973.84,17764.56,Delivered,2025-11-09,2025,11,November,1
O06728,2025-09-03,P012,C0825,WH-North,8,3219.93,25759.44,Delivered,2025-09-08,2025,9,September,1
O06729,2025-10-16,P076,C0966,WH-East,10,2781.69,27816.9,Delivered,2025-10-19,2025,10,October,1
O06730,2025-11-28,P085,C0472,WH-West,9,1090.03,9810.27,Delivered,2025-12-03,2025,11,November,1
O06731,2026-06-11,P058,C0791,WH-North,11,3596.21,39558.31,Cancelled,Unknown,2026,6,June,0
O06732,2025-09-12,P083,C0868,WH-West,11,1377.9,15156.9,Delivered,2025-09-15,2025,9,September,1
O06733,2026-05-25,P063,C0716,WH-South,8,6119.08,48952.64,Delivered,2026-05-27,2026,5,May,1
O06734,2026-04-08,P073,C0898,WH-South,7,5286.08,37002.56,Delivered,2026-04-16,2026,4,April,1
O06735,2025-07-18,P049,C0923,WH-East,6,3014.05,18084.3,Delivered,2025-07-26,2025,7,July,1
O06736,2025-09-28,P036,C0672,WH-South,8,9014.91,72119.28,Delivered,2025-10-07,2025,9,September,1
O06737,2025-03-05,P054,C0477,WH-East,6,5559.97,33359.82,Delivered,2025-03-12,2025,3,March,1
O06738,2025-08-18,P047,C0178,WH-West,2,9554.1,19108.2,Delivered,2025-08-20,2025,8,August,1
O06739,2025-09-06,P032,C0704,WH-West,13,8387.44,109036.72,Cancelled,Unknown,2025,9,September,0
O06740,2025-09-03,P099,C0552,WH-North,9,1477.4,13296.6,Delivered,2025-09-06,2025,9,September,1
O06741,2025-06-06,P095,C0360,WH-West,9,5427.18,48844.62,Delivered,2025-06-10,2025,6,June,1
O06742,2025-03-29,P053,C0236,WH-South,3,8550.49,25651.47,Delivered,2025-04-07,2025,3,March,1
O06743,2025-11-09,P032,C0033,WH-East,9,8387.44,75486.96,Delivered,2025-11-14,2025,11,November,1
O06744,2025-03-07,P062,C0541,WH-East,2,11436.7,22873.4,Delivered,2025-03-13,2025,3,March,1
O06745,2025-01-20,P037,C0545,WH-North,12,2141.55,25698.6,Processing,2025-01-30,2025,1,January,0
O06746,2025-02-02,P096,C0100,WH-North,14,6299.54,88193.56,Returned,2025-02-10,2025,2,February,0
O06747,2025-03-14,P038,C0657,WH-South,3,9847.32,29541.96,Cancelled,Unknown,2025,3,March,0
O06748,2025-12-09,P030,C0330,WH-East,14,6989.65,97855.1,Processing,2025-12-11,2025,12,December,0
O06749,2025-05-13,P058,C0065,WH-North,6,3596.21,21577.26,Returned,2025-05-15,2025,5,May,0
O06750,2025-02-24,P032,C0122,WH-West,14,8387.44,117424.16,Cancelled,Unknown,2025,2,February,0
O06751,2025-03-02,P066,C0555,WH-South,4,9296.31,37185.24,Delivered,Unknown,2025,3,March,1
O06752,2026-06-04,P051,C0959,WH-West,8,506.74,4053.92,Delivered,2026-06-07,2026,6,June,1
O06753,2025-09-29,P011,C0885,WH-East,1,11449.02,11449.02,Delivered,2025-10-04,2025,9,September,1
O06754,2025-09-03,P059,C0721,WH-North,13,722.03,9386.39,Delivered,2025-09-13,2025,9,September,1
O06755,2025-06-25,P020,C0476,WH-South,6,2297.9,13787.4,Delivered,2025-07-03,2025,6,June,1
O06756,2025-11-13,P037,C0742,WH-South,2,2141.55,4283.1,Delivered,2025-11-21,2025,11,November,1
O06757,2025-05-11,P073,C0127,WH-North,6,5286.08,31716.48,Delivered,2025-05-19,2025,5,May,1
O06758,2025-04-12,P049,C0868,WH-North,14,3014.05,42196.7,Delivered,2025-04-18,2025,4,April,1
O06759,2025-11-06,P019,C0186,WH-East,1,6267.38,6267.38,Delivered,2025-11-08,2025,11,November,1
O06760,2025-10-19,P055,C0749,WH-West,15,1487.11,22306.65,Delivered,2025-10-25,2025,10,October,1
O06761,2026-05-10,P040,C0091,WH-West,2,7396.64,14793.28,Delivered,2026-05-19,2026,5,May,1
O06762,2025-12-27,P007,C0555,WH-West,9,11389.37,102504.33,Delivered,2026-01-04,2025,12,December,1
O06763,2025-12-04,P005,C0933,WH-East,6,5461.2,32767.2,Delivered,2025-12-12,2025,12,December,1
O06764,2025-01-10,P042,C0046,WH-North,8,4932.36,39458.88,Delivered,2025-01-13,2025,1,January,1
O06765,2025-02-18,P088,C0025,WH-South,7,7327.81,51294.67,Delivered,2025-02-20,2025,2,February,1
O06766,2026-05-02,P048,C0866,WH-West,9,8206.14,73855.26,Delivered,2026-05-07,2026,5,May,1
O06767,2025-11-17,P007,C0707,WH-North,9,11389.37,102504.33,Delivered,2025-11-26,2025,11,November,1
O06768,2025-05-13,P011,C0349,WH-West,11,11449.02,125939.22,Delivered,2025-05-15,2025,5,May,1
O06769,2025-03-24,P073,C0611,WH-East,4,5286.08,21144.32,Delivered,2025-03-27,2025,3,March,1
O06770,2025-02-26,P049,C0768,WH-East,7,3014.05,21098.35,Delivered,2025-03-06,2025,2,February,1
O06771,2026-01-11,P030,C0873,WH-North,5,6989.65,34948.25,Delivered,2026-01-17,2026,1,January,1
O06772,2025-12-15,P041,C0435,WH-East,7,10031.16,70218.12,Delivered,2025-12-22,2025,12,December,1
O06773,2025-09-28,P003,Unknown,WH-South,4,8874.43,35497.72,Cancelled,Unknown,2025,9,September,0
O06774,2026-04-28,P086,C0885,WH-East,12,3132.13,37585.56,Delivered,2026-05-08,2026,4,April,1
O06775,2025-04-21,P040,C0294,WH-South,10,7396.64,73966.4,Delivered,2025-04-30,2025,4,April,1
O06776,2025-03-17,P051,C0246,WH-West,11,506.74,5574.14,Processing,2025-03-19,2025,3,March,0
O06777,2025-06-07,P084,C0166,WH-East,11,9567.6,105243.6,Cancelled,Unknown,2025,6,June,0
O06778,2026-06-16,P032,C0257,WH-South,1,8387.44,8387.44,Delivered,2026-06-22,2026,6,June,1
O06779,2025-11-25,P048,C0822,WH-West,4,8206.14,32824.56,Delivered,2025-12-05,2025,11,November,1
O06780,2025-05-02,P071,C0961,WH-West,15,4401.72,66025.8,Delivered,2025-05-09,2025,5,May,1
O06781,2025-02-10,P071,C0352,WH-West,13,4401.72,57222.36,Delivered,2025-02-17,2025,2,February,1
O06782,2025-06-16,P020,C0790,WH-West,10,2297.9,22979.0,Delivered,2025-06-20,2025,6,June,1
O06783,2025-01-23,P089,C0189,WH-North,15,5210.42,78156.3,Delivered,2025-01-26,2025,1,January,1
O06784,2025-10-06,P035,C0698,WH-South,3,10862.84,32588.52,Delivered,2025-10-09,2025,10,October,1
O06785,2026-04-14,P024,C0694,WH-North,9,5645.0,50805.0,Delivered,2026-04-22,2026,4,April,1
O06786,2026-02-04,P040,C0275,WH-West,5,7396.64,36983.2,Delivered,2026-02-10,2026,2,February,1
O06787,2025-01-09,P077,C0739,WH-East,4,12073.98,48295.92,Processing,2025-01-11,2025,1,January,0
O06788,2025-01-13,P052,C0966,WH-South,8,2109.04,16872.32,Delivered,2025-01-19,2025,1,January,1
O06789,2025-02-21,P039,C0034,WH-South,15,2741.34,41120.1,Cancelled,Unknown,2025,2,February,0
O06790,2025-07-28,P068,C0719,WH-West,5,7862.75,39313.75,Delivered,2025-08-07,2025,7,July,1
O06791,2026-02-06,P061,C0556,WH-East,3,9046.33,27138.99,Delivered,2026-02-15,2026,2,February,1
O06792,2025-07-10,P076,C0885,WH-East,2,2781.69,5563.38,Delivered,2025-07-15,2025,7,July,1
O06793,2025-02-20,P081,C0490,WH-South,15,8788.43,131826.45,Delivered,2025-02-22,2025,2,February,1
O06794,2026-01-28,P065,C0499,WH-North,8,6932.91,55463.28,Delivered,2026-02-06,2026,1,January,1
O06795,2025-10-27,P062,C0245,WH-East,12,11436.7,137240.4,Delivered,2025-11-02,2025,10,October,1
O06796,2025-07-15,P081,C0254,WH-South,2,8788.43,17576.86,Delivered,2025-07-17,2025,7,July,1
O06797,2026-02-21,P002,C0109,WH-East,14,9662.88,135280.32,Delivered,2026-02-24,2026,2,February,1
O06798,2026-02-24,P006,C0323,WH-West,8,716.9,5735.2,Delivered,2026-03-02,2026,2,February,1
O06799,2026-06-06,P075,C0114,WH-East,5,4757.22,23786.1,Delivered,2026-06-16,2026,6,June,1
O06800,2025-12-22,P043,C0948,WH-North,8,7218.47,57747.76,Delivered,2025-12-31,2025,12,December,1
O06801,2025-05-28,P082,C0485,WH-North,5,7665.58,38327.9,Delivered,2025-06-06,2025,5,May,1
O06802,2025-12-31,P040,C0278,WH-North,1,7396.64,7396.64,Delivered,2026-01-10,2025,12,December,1
O06803,2025-12-30,P089,C0749,WH-South,12,5210.42,62525.04,Delivered,2026-01-02,2025,12,December,1
O06804,2026-02-06,P039,C0029,WH-East,13,2741.34,35637.42,Delivered,2026-02-14,2026,2,February,1
O06805,2026-05-07,P028,C0398,WH-North,11,1732.59,19058.49,Delivered,2026-05-13,2026,5,May,1
O06806,2025-08-17,P080,C0222,WH-West,14,6733.38,94267.32,Delivered,2025-08-21,2025,8,August,1
O06807,2026-06-21,P063,C0318,WH-West,11,6119.08,67309.88,Delivered,2026-06-30,2026,6,June,1
O06808,2025-09-25,P064,C0271,WH-West,2,9772.25,19544.5,Returned,2025-09-28,2025,9,September,0
O06809,2026-02-09,P012,C0754,WH-South,14,3219.93,45079.02,Delivered,2026-02-14,2026,2,February,1
O06810,2025-01-11,P041,C0989,WH-North,6,10031.16,60186.96,Delivered,2025-01-17,2025,1,January,1
O06811,2025-11-16,P029,C0398,WH-North,3,7630.58,22891.74,Delivered,2025-11-22,2025,11,November,1
O06812,2025-05-06,P023,C0883,WH-East,8,2561.5,20492.0,Delivered,2025-05-11,2025,5,May,1
O06813,2025-11-02,P085,C0451,WH-South,5,1090.03,5450.15,Processing,2025-11-06,2025,11,November,0
O06814,2026-05-26,P080,C0918,WH-West,3,6733.38,20200.14,Delivered,2026-05-30,2026,5,May,1
O06815,2025-03-30,P051,C0609,WH-East,12,506.74,6080.88,Delivered,2025-04-05,2025,3,March,1
O06816,2025-12-21,P045,C0343,WH-West,10,11503.77,115037.7,Cancelled,Unknown,2025,12,December,0
O06817,2025-12-18,P090,C0381,WH-West,7,2450.87,17156.09,Delivered,2025-12-20,2025,12,December,1
O06818,2025-01-14,P022,C0376,WH-North,14,9065.34,126914.76,Delivered,2025-01-19,2025,1,January,1
O06819,2025-09-14,P010,C0775,WH-East,8,8992.72,71941.76,Delivered,2025-09-21,2025,9,September,1
O06820,2025-07-28,P007,C0340,WH-South,4,11389.37,45557.48,Delivered,2025-07-31,2025,7,July,1
O06821,2025-10-08,P073,C0007,WH-West,13,5286.08,68719.04,Delivered,2025-10-14,2025,10,October,1
O06822,2026-03-19,P089,C0273,WH-North,13,5210.42,67735.46,Cancelled,Unknown,2026,3,March,0
O06823,2026-01-24,P015,C0288,WH-North,11,10925.43,120179.73,Delivered,2026-01-28,2026,1,January,1
O06824,2026-04-28,P077,C0893,WH-West,9,12073.98,108665.82,Delivered,2026-05-02,2026,4,April,1
O06825,2025-05-27,P046,C0847,WH-North,6,2032.34,12194.04,Delivered,2025-06-06,2025,5,May,1
O06826,2025-10-06,P090,C0717,WH-North,14,2450.87,34312.18,Delivered,2025-10-10,2025,10,October,1
O06827,2026-06-05,P085,C0184,WH-West,1,1090.03,1090.03,Delivered,2026-06-10,2026,6,June,1
O06828,2026-03-10,P087,C0830,WH-South,5,6619.57,33097.85,Delivered,2026-03-20,2026,3,March,1
O06829,2025-05-24,P061,C0570,WH-West,5,9046.33,45231.65,Delivered,2025-05-29,2025,5,May,1
O06830,2025-10-16,P092,C0623,WH-East,7,9918.59,69430.13,Delivered,2025-10-22,2025,10,October,1
O06831,2026-01-21,P061,C0186,WH-West,7,9046.33,63324.31,Delivered,2026-01-24,2026,1,January,1
O06832,2025-01-14,P051,C0643,WH-West,6,506.74,3040.44,Delivered,2025-01-23,2025,1,January,1
O06833,2025-09-14,P038,C0601,WH-South,15,9847.32,147709.8,Delivered,2025-09-24,2025,9,September,1
O06834,2025-12-12,P012,C0480,WH-West,15,3219.93,48298.95,Delivered,2025-12-17,2025,12,December,1
O06835,2025-12-11,P088,C0848,WH-West,8,7327.81,58622.48,Returned,2025-12-15,2025,12,December,0
O06836,2026-02-04,P077,C0630,WH-North,2,12073.98,24147.96,Delivered,2026-02-09,2026,2,February,1
O06837,2025-07-26,P066,C0257,WH-West,14,9296.31,130148.34,Delivered,2025-08-03,2025,7,July,1
O06838,2025-06-21,P054,C0504,WH-South,13,5559.97,72279.61,Delivered,2025-06-23,2025,6,June,1
O06839,2026-04-09,P039,C0110,WH-North,13,2741.34,35637.42,Delivered,2026-04-12,2026,4,April,1
O06840,2025-09-27,P076,C0579,WH-West,7,2781.69,19471.83,Delivered,2025-10-03,2025,9,September,1
O06841,2025-08-09,P039,C0148,WH-North,10,2741.34,27413.4,Delivered,2025-08-19,2025,8,August,1
O06842,2025-06-01,P078,C0732,WH-East,15,8749.35,131240.25,Delivered,2025-06-08,2025,6,June,1
O06843,2025-07-02,P030,C0214,WH-West,7,6989.65,48927.55,Delivered,2025-07-06,2025,7,July,1
O06844,2026-02-03,P048,C0996,WH-West,4,8206.14,32824.56,Processing,2026-02-07,2026,2,February,0
O06845,2025-03-13,P083,C0574,WH-North,12,1377.9,16534.8,Delivered,2025-03-21,2025,3,March,1
O06846,2026-02-22,P031,C0568,WH-West,10,1882.62,18826.2,Processing,2026-02-26,2026,2,February,0
O06847,2025-10-10,P025,C0437,WH-West,2,2564.25,5128.5,Processing,2025-10-14,2025,10,October,0
O06848,2025-03-15,P068,C0961,WH-South,4,7862.75,31451.0,Delivered,2025-03-23,2025,3,March,1
O06849,2025-12-21,P051,C0824,WH-West,4,506.74,2026.96,Cancelled,Unknown,2025,12,December,0
O06850,2026-05-12,P013,C0334,WH-South,12,359.86,4318.32,Delivered,2026-05-22,2026,5,May,1
O06851,2025-11-24,P100,C0429,WH-East,12,6160.6,73927.2,Returned,2025-11-28,2025,11,November,0
O06852,2026-06-19,P063,C0847,WH-East,6,6119.08,36714.48,Delivered,2026-06-28,2026,6,June,1
O06853,2026-03-23,P042,C0096,WH-North,14,4932.36,69053.04,Delivered,2026-03-25,2026,3,March,1
O06854,2026-01-08,P054,C0658,WH-North,7,5559.97,38919.79,Delivered,2026-01-17,2026,1,January,1
O06855,2025-12-28,P067,C0048,WH-North,3,3626.7,10880.1,Delivered,2025-12-31,2025,12,December,1
O06856,2025-04-03,P080,C0806,WH-North,15,6733.38,101000.7,Delivered,2025-04-08,2025,4,April,1
O06857,2025-11-17,P090,C0278,WH-West,10,2450.87,24508.7,Cancelled,Unknown,2025,11,November,0
O06858,2025-11-20,P056,C0976,WH-South,1,888.53,888.53,Cancelled,Unknown,2025,11,November,0
O06859,2026-01-19,P019,C0203,WH-North,3,6267.38,18802.14,Delivered,2026-01-29,2026,1,January,1
O06860,2025-12-12,P046,C0199,WH-East,9,2032.34,18291.06,Delivered,2025-12-21,2025,12,December,1
O06861,2025-04-13,P015,C0508,WH-West,1,10925.43,10925.43,Delivered,2025-04-16,2025,4,April,1
O06862,2025-08-03,P032,C0329,WH-South,13,8387.44,109036.72,Delivered,2025-08-08,2025,8,August,1
O06863,2025-07-11,P049,C0897,WH-South,8,3014.05,24112.4,Delivered,2025-07-13,2025,7,July,1
O06864,2025-07-13,P021,C0938,WH-North,2,2945.59,5891.18,Delivered,2025-07-21,2025,7,July,1
O06865,2026-01-15,P065,C0893,WH-North,6,6932.91,41597.46,Delivered,2026-01-20,2026,1,January,1
O06866,2026-02-07,P070,C0124,WH-South,3,2886.35,8659.05,Delivered,2026-02-16,2026,2,February,1
O06867,2025-01-11,P027,C0200,WH-East,7,3927.78,27494.46,Delivered,2025-01-14,2025,1,January,1
O06868,2025-07-06,P023,C0075,WH-North,2,2561.5,5123.0,Delivered,2025-07-15,2025,7,July,1
O06869,2025-01-15,P047,C0965,WH-South,4,9554.1,38216.4,Delivered,2025-01-18,2025,1,January,1
O06870,2025-10-24,P095,C0157,WH-West,10,5427.18,54271.8,Delivered,2025-11-02,2025,10,October,1
O06871,2026-02-15,P012,C0134,WH-South,9,3219.93,28979.37,Delivered,2026-02-17,2026,2,February,1
O06872,2025-02-21,P085,C0312,WH-North,6,1090.03,6540.18,Delivered,2025-02-24,2025,2,February,1
O06873,2025-01-28,P066,C0120,WH-West,4,9296.31,37185.24,Delivered,2025-02-03,2025,1,January,1
O06874,2025-01-17,P005,C0012,WH-East,2,5461.2,10922.4,Delivered,2025-01-19,2025,1,January,1
O06875,2025-12-17,P009,C0747,WH-South,10,6820.58,68205.8,Delivered,2025-12-23,2025,12,December,1
O06876,2026-03-04,P020,C0807,WH-South,14,2297.9,32170.6,Delivered,2026-03-10,2026,3,March,1
O06877,2025-08-17,P082,C0967,WH-South,9,7665.58,68990.22,Delivered,2025-08-25,2025,8,August,1
O06878,2025-07-29,P063,C0620,WH-West,15,6119.08,91786.2,Delivered,2025-08-01,2025,7,July,1
O06879,2026-03-07,P086,C0908,WH-North,4,3132.13,12528.52,Delivered,2026-03-10,2026,3,March,1
O06880,2025-10-21,P072,C0545,WH-South,9,7933.68,71403.12,Cancelled,Unknown,2025,10,October,0
O06881,2025-04-14,P098,C0120,WH-West,14,2843.84,39813.76,Delivered,2025-04-18,2025,4,April,1
O06882,2025-07-23,P073,C0768,WH-South,2,5286.08,10572.16,Delivered,2025-08-01,2025,7,July,1
O06883,2025-02-22,P071,C0083,WH-North,7,4401.72,30812.04,Returned,2025-02-26,2025,2,February,0
O06884,2026-01-10,P030,C0693,WH-West,11,6989.65,76886.15,Delivered,2026-01-15,2026,1,January,1
O06885,2025-02-23,P082,C0228,WH-East,11,7665.58,84321.38,Delivered,2025-03-03,2025,2,February,1
O06886,2025-10-03,P091,C0787,WH-South,5,3806.53,19032.65,Delivered,2025-10-05,2025,10,October,1
O06887,2025-12-01,P016,C0186,WH-North,8,6037.0,48296.0,Delivered,2025-12-03,2025,12,December,1
O06888,2025-01-31,P085,C0853,WH-East,11,1090.03,11990.33,Delivered,2025-02-10,2025,1,January,1
O06889,2025-05-15,P005,C0211,WH-North,14,5461.2,76456.8,Delivered,2025-05-22,2025,5,May,1
O06890,2025-02-27,P029,C0761,WH-East,8,7630.58,61044.64,Delivered,2025-03-05,2025,2,February,1
O06891,2025-04-15,P047,C0896,WH-North,14,9554.1,133757.4,Delivered,2025-04-18,2025,4,April,1
O06892,2025-09-23,P022,C0043,WH-East,14,9065.34,126914.76,Delivered,2025-09-26,2025,9,September,1
O06893,2026-06-06,P078,C0509,WH-West,4,8749.35,34997.4,Delivered,2026-06-14,2026,6,June,1
O06894,2026-05-11,P057,C0073,WH-East,13,919.99,11959.87,Delivered,2026-05-18,2026,5,May,1
O06895,2025-09-10,P083,C0941,WH-North,4,1377.9,5511.6,Delivered,2025-09-19,2025,9,September,1
O06896,2025-10-22,P035,C0854,WH-South,15,10862.84,162942.6,Delivered,2025-10-26,2025,10,October,1
O06897,2025-06-07,P088,C0019,WH-East,8,7327.81,58622.48,Delivered,2025-06-11,2025,6,June,1
O06898,2025-03-08,P060,C0165,WH-North,3,1239.87,3719.61,Delivered,2025-03-14,2025,3,March,1
O06899,2025-10-26,P070,C0267,WH-South,7,2886.35,20204.45,Delivered,2025-10-31,2025,10,October,1
O06900,2026-04-08,P060,C0440,WH-West,8,1239.87,9918.96,Delivered,2026-04-17,2026,4,April,1
O06901,2025-04-11,P058,C0128,WH-West,8,3596.21,28769.68,Delivered,2025-04-18,2025,4,April,1
O06902,2025-02-25,P003,C0921,WH-South,11,8874.43,97618.73,Delivered,2025-03-06,2025,2,February,1
O06903,2025-11-28,P034,C0867,WH-North,10,7873.1,78731.0,Delivered,2025-12-06,2025,11,November,1
O06904,2026-01-28,P045,C0453,WH-North,4,11503.77,46015.08,Delivered,2026-01-31,2026,1,January,1
O06905,2026-01-16,P050,C0301,WH-East,9,1973.84,17764.56,Delivered,2026-01-26,2026,1,January,1
O06906,2025-04-02,P002,C0318,WH-West,15,9662.88,144943.2,Delivered,2025-04-09,2025,4,April,1
O06907,2026-03-23,P015,C0863,WH-West,10,10925.43,109254.3,Delivered,2026-03-30,2026,3,March,1
O06908,2025-04-19,P037,C0654,WH-West,4,2141.55,8566.2,Delivered,2025-04-22,2025,4,April,1
O06909,2025-11-13,P015,C0973,WH-West,8,10925.43,87403.44,Returned,2025-11-23,2025,11,November,0
O06910,2025-06-17,P060,C0034,WH-North,6,1239.87,7439.22,Delivered,2025-06-19,2025,6,June,1
O06911,2026-03-11,P096,C0098,WH-West,5,6299.54,31497.7,Delivered,2026-03-18,2026,3,March,1
O06912,2026-03-18,P085,C0210,WH-South,15,1090.03,16350.45,Delivered,2026-03-27,2026,3,March,1
O06913,2025-08-06,P064,C0316,WH-North,4,9772.25,39089.0,Delivered,2025-08-09,2025,8,August,1
O06914,2025-08-10,P081,C0320,WH-South,5,8788.43,43942.15,Delivered,2025-08-14,2025,8,August,1
O06915,2026-06-12,P098,C0710,WH-South,15,2843.84,42657.6,Delivered,2026-06-20,2026,6,June,1
O06916,2025-10-05,P096,C0435,WH-North,13,6299.54,81894.02,Delivered,2025-10-07,2025,10,October,1
O06917,2026-04-11,P052,C0256,WH-South,15,2109.04,31635.6,Delivered,2026-04-17,2026,4,April,1
O06918,2025-01-30,P023,C0554,WH-South,11,2561.5,28176.5,Delivered,2025-02-06,2025,1,January,1
O06919,2025-12-25,P099,C0405,WH-East,1,1477.4,1477.4,Delivered,2026-01-02,2025,12,December,1
O06920,2025-10-15,P037,C0616,WH-West,7,2141.55,14990.85,Delivered,2025-10-23,2025,10,October,1
O06921,2025-03-27,P041,C0901,WH-South,8,10031.16,80249.28,Delivered,2025-03-31,2025,3,March,1
O06922,2025-08-22,P057,C0834,WH-East,12,919.99,11039.88,Delivered,2025-08-30,2025,8,August,1
O06923,2025-11-09,P097,C0454,WH-East,9,7927.96,71351.64,Processing,2025-11-11,2025,11,November,0
O06924,2025-12-31,P025,C0882,WH-West,13,2564.25,33335.25,Processing,2026-01-05,2025,12,December,0
O06925,2025-09-26,P037,C0189,WH-East,3,2141.55,6424.65,Delivered,2025-10-04,2025,9,September,1
O06926,2025-05-11,P040,C0904,WH-East,15,7396.64,110949.6,Delivered,2025-05-19,2025,5,May,1
O06927,2025-12-17,P085,C0834,WH-South,9,1090.03,9810.27,Delivered,2025-12-22,2025,12,December,1
O06928,2025-06-29,P046,C0855,WH-West,10,2032.34,20323.4,Cancelled,Unknown,2025,6,June,0
O06929,2026-04-25,P060,C0574,WH-West,5,1239.87,6199.35,Cancelled,Unknown,2026,4,April,0
O06930,2025-06-12,P098,C0916,WH-South,10,2843.84,28438.4,Delivered,2025-06-17,2025,6,June,1
O06931,2025-04-06,P019,C0388,WH-North,6,6267.38,37604.28,Delivered,2025-04-09,2025,4,April,1
O06932,2026-05-25,P091,C0143,WH-East,1,3806.53,3806.53,Delivered,2026-05-30,2026,5,May,1
O06933,2025-12-31,P009,C0222,WH-South,9,6820.58,61385.22,Delivered,2026-01-09,2025,12,December,1
O06934,2025-12-19,P069,C0440,WH-East,9,7876.01,70884.09,Returned,2025-12-28,2025,12,December,0
O06935,2026-03-12,P005,C0532,WH-West,6,5461.2,32767.2,Delivered,2026-03-18,2026,3,March,1
O06936,2025-03-24,P089,C0280,WH-West,8,5210.42,41683.36,Delivered,2025-03-27,2025,3,March,1
O06937,2025-08-13,P026,C0777,WH-East,4,8058.43,32233.72,Delivered,2025-08-21,2025,8,August,1
O06938,2026-02-16,P019,C0248,WH-West,5,6267.38,31336.9,Delivered,2026-02-20,2026,2,February,1
O06939,2025-04-28,P030,C0116,WH-West,5,6989.65,34948.25,Delivered,2025-05-05,2025,4,April,1
O06940,2026-04-27,P100,C0405,WH-North,7,6160.6,43124.2,Delivered,2026-05-07,2026,4,April,1
O06941,2025-07-11,P048,C0998,WH-West,7,8206.14,57442.98,Delivered,2025-07-17,2025,7,July,1
O06942,2025-04-17,P016,C0255,WH-West,7,6037.0,42259.0,Delivered,2025-04-27,2025,4,April,1
O06943,2026-01-17,P071,C0297,WH-East,5,4401.72,22008.6,Returned,2026-01-22,2026,1,January,0
O06944,2026-01-25,P018,C0525,WH-South,4,6842.11,27368.44,Cancelled,Unknown,2026,1,January,0
O06945,2025-09-01,P056,C0901,WH-West,8,888.53,7108.24,Delivered,2025-09-03,2025,9,September,1
O06946,2026-04-13,P021,C0960,WH-West,1,2945.59,2945.59,Delivered,2026-04-18,2026,4,April,1
O06947,2026-06-22,P031,C0558,WH-South,1,1882.62,1882.62,Delivered,2026-06-24,2026,6,June,1
O06948,2025-07-29,P001,C0334,WH-South,6,2324.33,13945.98,Delivered,2025-08-08,2025,7,July,1
O06949,2025-03-14,P003,C0754,WH-South,2,8874.43,17748.86,Delivered,2025-03-23,2025,3,March,1
O06950,2025-11-05,P095,C0071,WH-East,12,5427.18,65126.16,Delivered,2025-11-14,2025,11,November,1
O06951,2025-07-05,P025,C0966,WH-West,3,2564.25,7692.75,Delivered,2025-07-13,2025,7,July,1
O06952,2025-09-10,P008,C0059,WH-West,4,7685.98,30743.92,Delivered,2025-09-20,2025,9,September,1
O06953,2025-01-13,P065,C0716,WH-South,14,6932.91,97060.74,Delivered,2025-01-17,2025,1,January,1
O06954,2025-10-26,P062,C0051,WH-North,2,11436.7,22873.4,Delivered,2025-11-03,2025,10,October,1
O06955,2025-03-17,P007,C0016,WH-East,10,11389.37,113893.7,Processing,2025-03-24,2025,3,March,0
O06956,2025-02-20,P007,C0504,WH-South,7,11389.37,79725.59,Delivered,2025-02-26,2025,2,February,1
O06957,2025-05-29,P008,C0051,WH-South,15,7685.98,115289.7,Returned,2025-06-08,2025,5,May,0
O06958,2025-05-02,P019,C0736,WH-West,10,6267.38,62673.8,Delivered,2025-05-07,2025,5,May,1
O06959,2025-07-30,P017,C0128,WH-North,1,8360.81,8360.81,Delivered,2025-08-03,2025,7,July,1
O06960,2025-10-07,P011,C0170,WH-East,3,11449.02,34347.06,Delivered,2025-10-11,2025,10,October,1
O06961,2026-06-22,P049,C0779,WH-North,2,3014.05,6028.1,Delivered,2026-06-25,2026,6,June,1
O06962,2025-06-05,P011,C0580,WH-North,13,11449.02,148837.26,Delivered,2025-06-07,2025,6,June,1
O06963,2025-08-26,P041,C0633,WH-West,9,10031.16,90280.44,Delivered,2025-08-30,2025,8,August,1
O06964,2026-01-11,P062,C0989,WH-South,8,11436.7,91493.6,Delivered,2026-01-20,2026,1,January,1
O06965,2025-03-23,P052,C0180,WH-South,3,2109.04,6327.12,Delivered,2025-03-30,2025,3,March,1
O06966,2026-05-07,P066,C0738,WH-North,5,9296.31,46481.55,Delivered,2026-05-10,2026,5,May,1
O06967,2025-12-22,P068,C0969,WH-East,3,7862.75,23588.25,Delivered,2025-12-31,2025,12,December,1
O06968,2025-09-30,P092,C0906,WH-East,14,9918.59,138860.26,Delivered,2025-10-06,2025,9,September,1
O06969,2025-02-13,P097,C0328,WH-West,11,7927.96,87207.56,Returned,2025-02-18,2025,2,February,0
O06970,2025-05-03,P075,C0703,WH-East,13,4757.22,61843.86,Delivered,2025-05-05,2025,5,May,1
O06971,2025-12-15,P067,C0932,WH-West,12,3626.7,43520.4,Delivered,2025-12-17,2025,12,December,1
O06972,2025-11-26,P040,C0992,WH-North,11,7396.64,81363.04,Delivered,2025-12-01,2025,11,November,1
O06973,2026-02-13,P005,C0301,WH-East,12,5461.2,65534.4,Delivered,2026-02-23,2026,2,February,1
O06974,2025-11-19,P085,C0251,WH-South,11,1090.03,11990.33,Delivered,2025-11-26,2025,11,November,1
O06975,2025-04-21,P022,C0518,WH-North,6,9065.34,54392.04,Delivered,2025-04-23,2025,4,April,1
O06976,2025-03-30,P037,C0262,WH-West,5,2141.55,10707.75,Delivered,2025-04-08,2025,3,March,1
O06977,2026-03-09,P011,C0091,WH-North,11,11449.02,125939.22,Delivered,2026-03-19,2026,3,March,1
O06978,2025-04-09,P044,C0194,WH-North,2,3533.01,7066.02,Delivered,2025-04-12,2025,4,April,1
O06979,2026-06-23,P086,C0329,WH-West,14,3132.13,43849.82,Delivered,2026-06-30,2026,6,June,1
O06980,2025-05-26,P053,C0064,WH-East,10,8550.49,85504.9,Delivered,2025-06-03,2025,5,May,1
O06981,2025-09-14,P077,C0294,WH-East,8,12073.98,96591.84,Delivered,2025-09-16,2025,9,September,1
O06982,2025-07-08,P061,C0965,WH-South,6,9046.33,54277.98,Delivered,2025-07-14,2025,7,July,1
O06983,2025-08-28,P067,C0226,WH-East,14,3626.7,50773.8,Returned,2025-09-03,2025,8,August,0
O06984,2026-05-18,P013,C0445,WH-West,15,359.86,5397.9,Delivered,2026-05-22,2026,5,May,1
O06985,2025-09-28,P092,C0334,WH-West,3,9918.59,29755.77,Delivered,2025-10-01,2025,9,September,1
O06986,2026-06-04,P011,C0970,WH-West,13,11449.02,148837.26,Cancelled,Unknown,2026,6,June,0
O06987,2025-04-24,P011,C0063,WH-East,15,11449.02,171735.3,Cancelled,Unknown,2025,4,April,0
O06988,2025-12-05,P085,C0879,WH-West,13,1090.03,14170.39,Delivered,2025-12-13,2025,12,December,1
O06989,2025-12-25,P085,C0497,WH-East,1,1090.03,1090.03,Processing,2025-12-28,2025,12,December,0
O06990,2025-11-30,P007,C0583,WH-West,5,11389.37,56946.85,Delivered,2025-12-03,2025,11,November,1
O06991,2025-06-18,P017,C0532,WH-West,12,8360.81,100329.72,Processing,2025-06-24,2025,6,June,0
O06992,2025-12-05,P048,C0459,WH-East,11,8206.14,90267.54,Delivered,2025-12-11,2025,12,December,1
O06993,2025-09-18,P014,C0333,WH-South,2,8215.45,16430.9,Delivered,2025-09-22,2025,9,September,1
O06994,2025-07-18,P063,C0245,WH-South,13,6119.08,79548.04,Delivered,2025-07-22,2025,7,July,1
O06995,2025-07-30,P064,C0064,WH-South,2,9772.25,19544.5,Returned,2025-08-01,2025,7,July,0
O06996,2025-10-14,P097,C0977,WH-East,9,7927.96,71351.64,Delivered,2025-10-18,2025,10,October,1
O06997,2026-04-17,P075,C0805,WH-West,11,4757.22,52329.42,Delivered,2026-04-27,2026,4,April,1
O06998,2026-04-27,P077,C0876,WH-East,13,12073.98,156961.74,Delivered,2026-04-30,2026,4,April,1
O06999,2025-01-23,P065,C0932,WH-North,15,6932.91,103993.65,Delivered,2025-01-25,2025,1,January,1
O07000,2025-04-19,P034,C0737,WH-North,10,7873.1,78731.0,Delivered,2025-04-29,2025,4,April,1
O07001,2025-10-23,P009,C0266,WH-East,7,6820.58,47744.06,Delivered,2025-10-29,2025,10,October,1
O07002,2025-01-06,P077,C0162,WH-North,6,12073.98,72443.88,Delivered,2025-01-15,2025,1,January,1
O07003,2025-07-22,P037,C0045,WH-South,15,2141.55,32123.25,Delivered,2025-07-27,2025,7,July,1
O07004,2025-11-21,P030,C0831,WH-South,13,6989.65,90865.45,Delivered,2025-11-30,2025,11,November,1
O07005,2025-09-01,P041,C0781,WH-South,1,10031.16,10031.16,Delivered,2025-09-07,2025,9,September,1
O07006,2025-11-23,P045,C0025,WH-North,15,11503.77,172556.55,Returned,2025-11-30,2025,11,November,0
O07007,2025-02-16,P047,C0895,WH-South,14,9554.1,133757.4,Delivered,2025-02-23,2025,2,February,1
O07008,2025-01-13,P007,C0300,WH-South,10,11389.37,113893.7,Delivered,2025-01-20,2025,1,January,1
O07009,2026-01-15,P014,C0225,WH-South,2,8215.45,16430.9,Delivered,2026-01-18,2026,1,January,1
O07010,2025-12-31,P048,C0074,WH-East,11,8206.14,90267.54,Delivered,2026-01-10,2025,12,December,1
O07011,2025-12-08,P006,C0116,WH-West,7,716.9,5018.3,Delivered,2025-12-16,2025,12,December,1
O07012,2025-08-09,P034,C0152,WH-West,15,7873.1,118096.5,Delivered,2025-08-13,2025,8,August,1
O07013,2025-03-14,P080,C0581,WH-East,3,6733.38,20200.14,Delivered,2025-03-17,2025,3,March,1
O07014,2025-02-15,P100,C0714,WH-South,2,6160.6,12321.2,Delivered,2025-02-20,2025,2,February,1
O07015,2026-05-19,P046,C0999,WH-South,6,2032.34,12194.04,Delivered,2026-05-28,2026,5,May,1
O07016,2025-10-01,P059,C0815,WH-East,8,722.03,5776.24,Delivered,2025-10-11,2025,10,October,1
O07017,2025-07-27,P070,C0091,WH-East,15,2886.35,43295.25,Cancelled,Unknown,2025,7,July,0
O07018,2025-05-04,P008,C0562,WH-North,8,7685.98,61487.84,Delivered,2025-05-11,2025,5,May,1
O07019,2025-01-10,P024,C0884,WH-East,11,5645.0,62095.0,Delivered,2025-01-19,2025,1,January,1
O07020,2025-11-25,P067,C0932,WH-South,2,3626.7,7253.4,Processing,2025-11-29,2025,11,November,0
O07021,2025-07-06,P004,C0289,WH-East,6,5647.39,33884.34,Delivered,2025-07-16,2025,7,July,1
O07022,2026-06-27,P096,C0092,WH-South,12,6299.54,75594.48,Delivered,2026-07-02,2026,6,June,1
O07023,2025-03-01,P001,C0872,WH-North,5,2324.33,11621.65,Delivered,2025-03-07,2025,3,March,1
O07024,2026-03-18,P034,C0747,WH-East,7,7873.1,55111.7,Delivered,2026-03-26,2026,3,March,1
O07025,2025-08-05,P009,C0387,WH-North,4,6820.58,27282.32,Delivered,2025-08-11,2025,8,August,1
O07026,2025-01-02,P063,C0415,WH-South,12,6119.08,73428.96,Delivered,2025-01-07,2025,1,January,1
O07027,2026-06-20,P076,C0828,WH-South,13,2781.69,36161.97,Delivered,2026-06-25,2026,6,June,1
O07028,2025-12-22,P010,C0541,WH-South,2,8992.72,17985.44,Delivered,2025-12-28,2025,12,December,1
O07029,2025-06-14,P010,C0172,WH-South,10,8992.72,89927.2,Delivered,2025-06-18,2025,6,June,1
O07030,2025-04-01,P050,C0685,WH-North,3,1973.84,5921.52,Delivered,2025-04-11,2025,4,April,1
O07031,2025-06-16,P044,C0372,WH-East,9,3533.01,31797.09,Delivered,2025-06-19,2025,6,June,1
O07032,2025-07-26,P048,C0498,WH-East,10,8206.14,82061.4,Delivered,2025-08-03,2025,7,July,1
O07033,2025-10-09,P087,C0236,WH-South,8,6619.57,52956.56,Returned,2025-10-14,2025,10,October,0
O07034,2025-03-06,P006,C0042,WH-South,13,716.9,9319.7,Delivered,2025-03-15,2025,3,March,1
O07035,2026-05-31,P088,C0149,WH-North,9,7327.81,65950.29,Delivered,2026-06-08,2026,5,May,1
O07036,2025-06-06,P024,C0800,WH-North,5,5645.0,28225.0,Delivered,2025-06-15,2025,6,June,1
O07037,2025-11-02,P085,C0924,WH-South,13,1090.03,14170.39,Delivered,2025-11-07,2025,11,November,1
O07038,2026-01-30,P095,C0725,WH-South,5,5427.18,27135.9,Cancelled,Unknown,2026,1,January,0
O07039,2025-03-15,P058,C0687,WH-East,7,3596.21,25173.47,Cancelled,Unknown,2025,3,March,0
O07040,2025-07-06,P064,C0611,WH-East,7,9772.25,68405.75,Delivered,2025-07-16,2025,7,July,1
O07041,2025-12-03,P094,C0478,WH-East,1,9560.46,9560.46,Delivered,2025-12-10,2025,12,December,1
O07042,2025-08-28,P056,C0120,WH-South,12,888.53,10662.36,Delivered,2025-09-05,2025,8,August,1
O07043,2026-06-17,P098,C0815,WH-West,15,2843.84,42657.6,Delivered,2026-06-24,2026,6,June,1
O07044,2025-05-21,P082,C0529,WH-North,14,7665.58,107318.12,Delivered,2025-05-24,2025,5,May,1
O07045,2025-09-22,P012,C0541,WH-North,5,3219.93,16099.65,Delivered,2025-10-02,2025,9,September,1
O07046,2025-05-19,P035,C0048,WH-North,8,10862.84,86902.72,Delivered,2025-05-25,2025,5,May,1
O07047,2026-04-04,P071,C0386,WH-South,7,4401.72,30812.04,Cancelled,Unknown,2026,4,April,0
O07048,2025-03-11,P089,C0801,WH-South,11,5210.42,57314.62,Delivered,2025-03-16,2025,3,March,1
O07049,2026-01-20,P006,C0128,WH-North,2,716.9,1433.8,Delivered,2026-01-25,2026,1,January,1
O07050,2025-07-17,P065,C0502,WH-North,14,6932.91,97060.74,Delivered,2025-07-27,2025,7,July,1
O07051,2025-07-24,P080,C0447,WH-North,8,6733.38,53867.04,Delivered,2025-07-30,2025,7,July,1
O07052,2026-03-07,P060,C0580,WH-South,2,1239.87,2479.74,Delivered,2026-03-10,2026,3,March,1
O07053,2025-11-21,P068,C0039,WH-West,10,7862.75,78627.5,Delivered,2025-11-28,2025,11,November,1
O07054,2026-03-18,P029,C0473,WH-West,1,7630.58,7630.58,Delivered,2026-03-26,2026,3,March,1
O07055,2025-10-15,P038,C0133,WH-West,11,9847.32,108320.52,Delivered,2025-10-24,2025,10,October,1
O07056,2025-08-14,P092,C0119,WH-East,11,9918.59,109104.49,Delivered,2025-08-20,2025,8,August,1
O07057,2025-03-05,P022,C0324,WH-East,14,9065.34,126914.76,Delivered,2025-03-14,2025,3,March,1
O07058,2026-05-13,P008,C0052,WH-South,11,7685.98,84545.78,Processing,2026-05-22,2026,5,May,0
O07059,2025-03-01,P063,C0948,WH-West,3,6119.08,18357.24,Delivered,2025-03-06,2025,3,March,1
O07060,2026-02-01,P096,C0925,WH-West,3,6299.54,18898.62,Delivered,2026-02-09,2026,2,February,1
O07061,2025-09-14,P097,C0933,WH-East,6,7927.96,47567.76,Delivered,2025-09-24,2025,9,September,1
O07062,2025-08-27,P013,C0136,WH-West,12,359.86,4318.32,Delivered,2025-09-01,2025,8,August,1
O07063,2025-02-07,P027,C0404,WH-North,3,3927.78,11783.34,Delivered,2025-02-17,2025,2,February,1
O07064,2025-01-25,P018,C0759,WH-East,7,6842.11,47894.77,Processing,2025-01-30,2025,1,January,0
O07065,2026-02-14,P018,C0169,WH-North,8,6842.11,54736.88,Delivered,2026-02-16,2026,2,February,1
O07066,2026-04-06,P077,C0582,WH-West,3,12073.98,36221.94,Delivered,2026-04-11,2026,4,April,1
O07067,2026-02-21,P086,C0548,WH-South,9,3132.13,28189.17,Delivered,2026-02-24,2026,2,February,1
O07068,2025-12-23,P062,C0800,WH-West,1,11436.7,11436.7,Delivered,2025-12-30,2025,12,December,1
O07069,2026-01-18,P014,C0517,WH-South,15,8215.45,123231.75,Delivered,2026-01-27,2026,1,January,1
O07070,2025-06-07,P011,C0360,WH-North,3,11449.02,34347.06,Delivered,2025-06-14,2025,6,June,1
O07071,2026-03-09,P086,C0660,WH-North,12,3132.13,37585.56,Delivered,2026-03-19,2026,3,March,1
O07072,2025-02-17,P100,C0237,WH-West,3,6160.6,18481.8,Delivered,2025-02-24,2025,2,February,1
O07073,2025-11-24,P017,C0068,WH-East,7,8360.81,58525.67,Delivered,2025-12-02,2025,11,November,1
O07074,2026-03-09,P051,C0743,WH-North,11,506.74,5574.14,Cancelled,Unknown,2026,3,March,0
O07075,2026-03-07,P096,C0150,WH-South,11,6299.54,69294.94,Delivered,2026-03-16,2026,3,March,1
O07076,2025-02-25,P014,C0481,WH-South,5,8215.45,41077.25,Delivered,2025-02-28,2025,2,February,1
O07077,2025-09-25,P057,C0415,WH-East,4,919.99,3679.96,Delivered,2025-09-28,2025,9,September,1
O07078,2025-03-10,P093,C0937,WH-West,2,11181.17,22362.34,Processing,2025-03-19,2025,3,March,0
O07079,2026-03-25,P006,C0221,WH-North,7,716.9,5018.3,Delivered,2026-04-01,2026,3,March,1
O07080,2025-09-14,P057,C0261,WH-West,3,919.99,2759.97,Processing,2025-09-17,2025,9,September,0
O07081,2026-05-05,P004,C0266,WH-North,7,5647.39,39531.73,Delivered,2026-05-12,2026,5,May,1
O07082,2025-02-18,P011,C0459,WH-West,10,11449.02,114490.2,Delivered,2025-02-27,2025,2,February,1
O07083,2025-11-12,P074,C0626,WH-East,12,8610.83,103329.96,Delivered,2025-11-19,2025,11,November,1
O07084,2026-02-17,P092,C0677,WH-South,7,9918.59,69430.13,Returned,2026-02-27,2026,2,February,0
O07085,2026-03-10,P011,C0056,WH-West,11,11449.02,125939.22,Delivered,2026-03-17,2026,3,March,1
O07086,2025-01-02,P099,C0854,WH-West,2,1477.4,2954.8,Delivered,2025-01-06,2025,1,January,1
O07087,2025-05-25,P079,C0408,WH-North,7,8889.27,62224.89,Delivered,2025-06-04,2025,5,May,1
O07088,2026-01-01,P008,C0469,WH-West,6,7685.98,46115.88,Delivered,2026-01-07,2026,1,January,1
O07089,2026-02-24,P084,C0868,WH-West,10,9567.6,95676.0,Returned,2026-03-03,2026,2,February,0
O07090,2026-03-20,P059,C0762,WH-East,4,722.03,2888.12,Delivered,2026-03-25,2026,3,March,1
O07091,2026-03-10,P021,C0243,WH-West,11,2945.59,32401.49,Delivered,2026-03-14,2026,3,March,1
O07092,2025-02-26,P065,C0912,WH-East,5,6932.91,34664.55,Delivered,2025-03-04,2025,2,February,1
O07093,2025-06-27,P093,C0514,WH-East,12,11181.17,134174.04,Delivered,2025-07-01,2025,6,June,1
O07094,2025-10-20,P024,C0655,WH-East,8,5645.0,45160.0,Delivered,2025-10-23,2025,10,October,1
O07095,2025-02-15,P030,C0169,WH-North,5,6989.65,34948.25,Delivered,2025-02-22,2025,2,February,1
O07096,2025-06-19,P099,C0575,WH-East,3,1477.4,4432.2,Delivered,2025-06-28,2025,6,June,1
O07097,2025-09-28,P097,C0433,WH-North,2,7927.96,15855.92,Delivered,2025-10-02,2025,9,September,1
O07098,2026-02-21,P084,C0666,WH-South,6,9567.6,57405.6,Delivered,2026-02-28,2026,2,February,1
O07099,2025-05-19,P057,C0862,WH-East,6,919.99,5519.94,Processing,2025-05-29,2025,5,May,0
O07100,2025-09-04,P080,C0767,WH-West,7,6733.38,47133.66,Delivered,2025-09-06,2025,9,September,1
O07101,2025-05-28,P073,C0578,WH-East,8,5286.08,42288.64,Delivered,2025-06-01,2025,5,May,1
O07102,2025-08-18,P095,C0886,WH-South,4,5427.18,21708.72,Processing,2025-08-21,2025,8,August,0
O07103,2026-01-09,P017,C0285,WH-East,12,8360.81,100329.72,Delivered,2026-01-18,2026,1,January,1
O07104,2025-03-21,P059,C0454,WH-North,8,722.03,5776.24,Delivered,2025-03-31,2025,3,March,1
O07105,2025-03-06,P031,C0188,WH-South,12,1882.62,22591.44,Delivered,2025-03-13,2025,3,March,1
O07106,2025-03-29,P064,C0705,WH-South,1,9772.25,9772.25,Delivered,2025-04-02,2025,3,March,1
O07107,2025-03-29,P048,C0296,WH-North,6,8206.14,49236.84,Delivered,2025-04-07,2025,3,March,1
O07108,2025-07-23,P023,C0523,WH-North,6,2561.5,15369.0,Delivered,2025-07-31,2025,7,July,1
O07109,2026-01-17,P070,C0692,WH-West,3,2886.35,8659.05,Delivered,2026-01-20,2026,1,January,1
O07110,2026-04-21,P030,C0382,WH-South,9,6989.65,62906.85,Delivered,2026-04-29,2026,4,April,1
O07111,2026-06-23,P055,C0343,WH-East,12,1487.11,17845.32,Delivered,2026-06-25,2026,6,June,1
O07112,2025-08-02,P007,C0602,WH-North,12,11389.37,136672.44,Delivered,2025-08-11,2025,8,August,1
O07113,2025-03-15,P075,C0223,WH-West,5,4757.22,23786.1,Delivered,2025-03-21,2025,3,March,1
O07114,2025-03-02,P098,C0335,WH-North,15,2843.84,42657.6,Delivered,2025-03-12,2025,3,March,1
O07115,2026-06-27,P012,C0457,WH-North,1,3219.93,3219.93,Processing,2026-07-01,2026,6,June,0
O07116,2025-08-07,P060,C0448,WH-West,7,1239.87,8679.09,Delivered,2025-08-15,2025,8,August,1
O07117,2025-01-12,P052,C0738,WH-South,10,2109.04,21090.4,Delivered,2025-01-21,2025,1,January,1
O07118,2026-02-19,P027,C0615,WH-East,15,3927.78,58916.7,Delivered,2026-02-21,2026,2,February,1
O07119,2025-02-01,P012,C0337,WH-North,14,3219.93,45079.02,Delivered,2025-02-08,2025,2,February,1
O07120,2025-06-09,P013,C0355,WH-South,3,359.86,1079.58,Delivered,2025-06-12,2025,6,June,1
O07121,2025-08-25,P072,C0356,WH-West,10,7933.68,79336.8,Delivered,2025-09-03,2025,8,August,1
O07122,2025-06-30,P080,C0899,WH-West,10,6733.38,67333.8,Delivered,2025-07-07,2025,6,June,1
O07123,2025-12-07,P062,C0232,WH-West,11,11436.7,125803.7,Processing,2025-12-11,2025,12,December,0
O07124,2026-04-03,P029,C0267,WH-South,4,7630.58,30522.32,Delivered,2026-04-08,2026,4,April,1
O07125,2025-03-21,P035,C0796,WH-East,6,10862.84,65177.04,Cancelled,Unknown,2025,3,March,0
O07126,2026-04-18,P060,C0190,WH-South,8,1239.87,9918.96,Returned,2026-04-28,2026,4,April,0
O07127,2025-04-22,P029,C0048,WH-South,13,7630.58,99197.54,Delivered,2025-04-25,2025,4,April,1
O07128,2025-10-19,P031,C0284,WH-West,4,1882.62,7530.48,Processing,2025-10-29,2025,10,October,0
O07129,2026-01-18,P077,C0814,WH-North,15,12073.98,181109.7,Delivered,2026-01-25,2026,1,January,1
O07130,2025-01-17,P076,C0960,WH-North,12,2781.69,33380.28,Delivered,2025-01-20,2025,1,January,1
O07131,2026-05-08,P061,C0055,WH-West,9,9046.33,81416.97,Delivered,2026-05-17,2026,5,May,1
O07132,2025-11-27,P002,C0339,WH-North,8,9662.88,77303.04,Delivered,Unknown,2025,11,November,1
O07133,2026-05-01,P033,C0119,WH-West,10,7876.29,78762.9,Cancelled,Unknown,2026,5,May,0
O07134,2026-02-10,P072,C0002,WH-South,10,7933.68,79336.8,Delivered,2026-02-18,2026,2,February,1
O07135,2025-04-27,P062,C0224,WH-West,6,11436.7,68620.2,Delivered,2025-05-05,2025,4,April,1
O07136,2025-04-25,P059,C0748,WH-East,7,722.03,5054.21,Delivered,2025-05-03,2025,4,April,1
O07137,2025-12-02,P040,C0203,WH-East,8,7396.64,59173.12,Delivered,2025-12-05,2025,12,December,1
O07138,2025-12-02,P049,C0656,WH-East,2,3014.05,6028.1,Delivered,2025-12-11,2025,12,December,1
O07139,2025-05-27,P032,C0011,WH-South,5,8387.44,41937.2,Processing,2025-05-30,2025,5,May,0
O07140,2025-05-02,P038,C0259,WH-North,13,9847.32,128015.16,Processing,2025-05-06,2025,5,May,0
O07141,2025-03-22,P092,C0951,WH-South,7,9918.59,69430.13,Delivered,2025-03-30,2025,3,March,1
O07142,2026-01-10,P079,C0298,WH-North,8,8889.27,71114.16,Delivered,2026-01-18,2026,1,January,1
O07143,2025-03-04,P087,C0669,WH-South,5,6619.57,33097.85,Delivered,2025-03-12,2025,3,March,1
O07144,2026-05-19,P088,C0197,WH-South,3,7327.81,21983.43,Delivered,2026-05-24,2026,5,May,1
O07145,2026-03-25,P013,C0604,WH-East,15,359.86,5397.9,Delivered,2026-03-31,2026,3,March,1
O07146,2026-03-04,P085,C0415,WH-South,6,1090.03,6540.18,Delivered,2026-03-12,2026,3,March,1
O07147,2026-03-03,P054,C0333,WH-East,5,5559.97,27799.85,Delivered,2026-03-12,2026,3,March,1
O07148,2026-02-25,P076,C0153,WH-South,8,2781.69,22253.52,Delivered,2026-03-01,2026,2,February,1
O07149,2025-11-18,P013,C0376,WH-West,9,359.86,3238.74,Delivered,2025-11-25,2025,11,November,1
O07150,2025-06-15,P039,C0134,WH-East,9,2741.34,24672.06,Delivered,2025-06-25,2025,6,June,1
O07151,2026-04-06,P023,C0956,WH-West,12,2561.5,30738.0,Delivered,2026-04-12,2026,4,April,1
O07152,2026-04-04,P092,C0116,WH-South,12,9918.59,119023.08,Returned,2026-04-09,2026,4,April,0
O07153,2025-07-08,P014,C0067,WH-South,6,8215.45,49292.7,Delivered,2025-07-18,2025,7,July,1
O07154,2026-04-09,P017,C0662,WH-West,15,8360.81,125412.15,Delivered,2026-04-14,2026,4,April,1
O07155,2026-01-14,P024,C0256,WH-North,4,5645.0,22580.0,Delivered,2026-01-18,2026,1,January,1
O07156,2025-01-02,P058,C0553,WH-North,4,3596.21,14384.84,Delivered,2025-01-10,2025,1,January,1
O07157,2025-12-30,P063,C0693,WH-North,9,6119.08,55071.72,Delivered,2026-01-05,2025,12,December,1
O07158,2025-03-13,P034,C0188,WH-South,4,7873.1,31492.4,Delivered,2025-03-15,2025,3,March,1
O07159,2026-03-03,P051,C0039,WH-North,8,506.74,4053.92,Delivered,2026-03-12,2026,3,March,1
O07160,2025-06-19,P086,C0823,WH-North,9,3132.13,28189.17,Delivered,2025-06-21,2025,6,June,1
O07161,2025-07-24,P010,C0480,WH-South,5,8992.72,44963.6,Delivered,2025-08-03,2025,7,July,1
O07162,2025-12-03,P072,C0926,WH-South,13,7933.68,103137.84,Cancelled,Unknown,2025,12,December,0
O07163,2026-04-17,P021,C0327,WH-North,6,2945.59,17673.54,Delivered,2026-04-22,2026,4,April,1
O07164,2025-07-14,P037,C0729,WH-North,3,2141.55,6424.65,Delivered,2025-07-19,2025,7,July,1
O07165,2025-10-02,P007,C0130,WH-West,12,11389.37,136672.44,Delivered,2025-10-12,2025,10,October,1
O07166,2025-01-07,P090,C0776,WH-South,5,2450.87,12254.35,Delivered,2025-01-09,2025,1,January,1
O07167,2025-06-27,P013,C0626,WH-South,5,359.86,1799.3,Delivered,2025-07-07,2025,6,June,1
O07168,2025-08-30,P080,C0063,WH-West,15,6733.38,101000.7,Delivered,2025-09-04,2025,8,August,1
O07169,2025-07-22,P030,C0955,WH-East,14,6989.65,97855.1,Delivered,2025-07-30,2025,7,July,1
O07170,2026-06-27,P031,C0097,WH-East,2,1882.62,3765.24,Delivered,2026-07-07,2026,6,June,1
O07171,2026-04-07,P005,C0412,WH-South,10,5461.2,54612.0,Processing,2026-04-15,2026,4,April,0
O07172,2025-03-21,P032,C0842,WH-South,6,8387.44,50324.64,Delivered,2025-03-24,2025,3,March,1
O07173,2026-06-07,P016,C0934,WH-North,9,6037.0,54333.0,Delivered,2026-06-14,2026,6,June,1
O07174,2026-02-21,P073,C0530,WH-East,11,5286.08,58146.88,Delivered,2026-02-28,2026,2,February,1
O07175,2026-01-19,P022,C0446,WH-North,15,9065.34,135980.1,Delivered,2026-01-23,2026,1,January,1
O07176,2026-01-26,P064,C0717,WH-East,7,9772.25,68405.75,Delivered,2026-01-31,2026,1,January,1
O07177,2025-05-06,P044,C0725,WH-West,14,3533.01,49462.14,Delivered,2025-05-13,2025,5,May,1
O07178,2026-05-09,P040,C0609,WH-North,8,7396.64,59173.12,Delivered,2026-05-16,2026,5,May,1
O07179,2025-02-16,P037,C0791,WH-West,2,2141.55,4283.1,Delivered,2025-02-18,2025,2,February,1
O07180,2026-04-21,P078,C0961,WH-West,11,8749.35,96242.85,Delivered,2026-04-30,2026,4,April,1
O07181,2026-04-09,P016,C0236,WH-East,13,6037.0,78481.0,Delivered,2026-04-19,2026,4,April,1
O07182,2025-05-03,P043,C0892,WH-South,14,7218.47,101058.58,Delivered,2025-05-06,2025,5,May,1
O07183,2026-04-19,P084,C0680,WH-South,9,9567.6,86108.4,Processing,2026-04-24,2026,4,April,0
O07184,2025-05-14,P063,C0572,WH-West,3,6119.08,18357.24,Delivered,2025-05-21,2025,5,May,1
O07185,2025-01-23,P015,C0085,WH-South,10,10925.43,109254.3,Delivered,2025-01-26,2025,1,January,1
O07186,2025-08-23,P044,C0773,WH-North,5,3533.01,17665.05,Delivered,2025-08-31,2025,8,August,1
O07187,2025-02-28,P090,C0355,WH-East,14,2450.87,34312.18,Delivered,2025-03-07,2025,2,February,1
O07188,2025-06-13,P009,C0402,WH-North,7,6820.58,47744.06,Delivered,2025-06-22,2025,6,June,1
O07189,2025-08-04,P065,C0166,WH-South,4,6932.91,27731.64,Delivered,2025-08-12,2025,8,August,1
O07190,2025-07-02,P099,C0228,WH-West,7,1477.4,10341.8,Cancelled,Unknown,2025,7,July,0
O07191,2025-03-31,P044,C0367,WH-East,8,3533.01,28264.08,Delivered,2025-04-06,2025,3,March,1
O07192,2025-11-07,P020,C0925,WH-West,15,2297.9,34468.5,Delivered,2025-11-14,2025,11,November,1
O07193,2025-09-14,P070,C0410,WH-East,13,2886.35,37522.55,Delivered,2025-09-22,2025,9,September,1
O07194,2026-06-17,P074,C0060,WH-North,10,8610.83,86108.3,Processing,2026-06-22,2026,6,June,0
O07195,2026-06-17,P033,C0164,WH-South,14,7876.29,110268.06,Delivered,2026-06-27,2026,6,June,1
O07196,2025-02-21,P080,C0230,WH-North,10,6733.38,67333.8,Delivered,2025-02-23,2025,2,February,1
O07197,2025-12-04,P100,C0882,WH-West,4,6160.6,24642.4,Delivered,2025-12-08,2025,12,December,1
O07198,2025-06-20,P006,C0594,WH-North,15,716.9,10753.5,Delivered,2025-06-23,2025,6,June,1
O07199,2025-03-08,P083,C0157,WH-South,5,1377.9,6889.5,Delivered,2025-03-11,2025,3,March,1
O07200,2025-10-27,P031,C0927,WH-South,11,1882.62,20708.82,Delivered,2025-10-29,2025,10,October,1
O07201,2025-08-20,P066,C0703,WH-North,3,9296.31,27888.93,Delivered,2025-08-24,2025,8,August,1
O07202,2025-03-09,P018,C0874,WH-East,5,6842.11,34210.55,Cancelled,Unknown,2025,3,March,0
O07203,2026-05-21,P028,C0909,WH-South,8,1732.59,13860.72,Delivered,2026-05-28,2026,5,May,1
O07204,2025-01-28,P068,C0756,WH-South,3,7862.75,23588.25,Delivered,2025-02-06,2025,1,January,1
O07205,2025-02-20,P065,C0374,WH-South,15,6932.91,103993.65,Delivered,2025-02-25,2025,2,February,1
O07206,2025-09-17,P080,C0242,WH-South,14,6733.38,94267.32,Delivered,2025-09-19,2025,9,September,1
O07207,2025-07-03,P045,C0734,WH-East,13,11503.77,149549.01,Delivered,2025-07-13,2025,7,July,1
O07208,2025-01-23,P058,C0967,WH-East,5,3596.21,17981.05,Delivered,2025-01-27,2025,1,January,1
O07209,2025-05-09,P047,C0891,WH-West,10,9554.1,95541.0,Processing,2025-05-18,2025,5,May,0
O07210,2025-10-18,P066,C0168,WH-West,1,9296.31,9296.31,Delivered,2025-10-23,2025,10,October,1
O07211,2026-05-16,P052,C0121,WH-West,2,2109.04,4218.08,Delivered,2026-05-20,2026,5,May,1
O07212,2025-07-05,P036,C0966,WH-North,3,9014.91,27044.73,Delivered,2025-07-09,2025,7,July,1
O07213,2026-04-24,P001,C0002,WH-North,1,2324.33,2324.33,Delivered,2026-04-29,2026,4,April,1
O07214,2026-05-07,P039,C0118,WH-West,13,2741.34,35637.42,Delivered,2026-05-12,2026,5,May,1
O07215,2026-05-28,P087,C0648,WH-South,11,6619.57,72815.27,Delivered,2026-06-05,2026,5,May,1
O07216,2025-03-08,P090,C0842,WH-West,12,2450.87,29410.44,Delivered,2025-03-11,2025,3,March,1
O07217,2026-04-12,P075,C0639,WH-North,11,4757.22,52329.42,Delivered,2026-04-21,2026,4,April,1
O07218,2025-10-12,P001,C0753,WH-East,9,2324.33,20918.97,Delivered,2025-10-15,2025,10,October,1
O07219,2026-02-21,P075,C0507,WH-South,9,4757.22,42814.98,Delivered,2026-02-23,2026,2,February,1
O07220,2025-04-10,P088,C0374,WH-South,5,7327.81,36639.05,Delivered,2025-04-19,2025,4,April,1
O07221,2025-07-08,P074,C0108,WH-South,14,8610.83,120551.62,Processing,2025-07-13,2025,7,July,0
O07222,2026-01-23,P014,C0299,WH-North,4,8215.45,32861.8,Delivered,2026-01-30,2026,1,January,1
O07223,2025-08-29,P078,C0433,WH-South,5,8749.35,43746.75,Returned,2025-08-31,2025,8,August,0
O07224,2026-02-21,P071,C0112,WH-South,4,4401.72,17606.88,Delivered,2026-02-25,2026,2,February,1
O07225,2025-06-25,P023,C0406,WH-East,12,2561.5,30738.0,Cancelled,Unknown,2025,6,June,0
O07226,2026-01-22,P043,C0970,WH-South,5,7218.47,36092.35,Delivered,2026-01-30,2026,1,January,1
O07227,2026-04-16,P022,C0500,WH-North,7,9065.34,63457.38,Delivered,2026-04-25,2026,4,April,1
O07228,2025-08-21,P060,C0675,WH-South,11,1239.87,13638.57,Returned,2025-08-24,2025,8,August,0
O07229,2026-03-28,P100,Unknown,WH-North,8,6160.6,49284.8,Delivered,2026-04-05,2026,3,March,1
O07230,2025-10-04,P027,C0900,WH-East,2,3927.78,7855.56,Delivered,2025-10-09,2025,10,October,1
O07231,2025-08-17,P056,C0019,WH-East,4,888.53,3554.12,Processing,2025-08-24,2025,8,August,0
O07232,2025-06-20,P002,C0745,WH-South,8,9662.88,77303.04,Delivered,2025-06-25,2025,6,June,1
O07233,2025-08-01,P039,C0020,WH-West,7,2741.34,19189.38,Delivered,2025-08-11,2025,8,August,1
O07234,2025-10-09,P051,C0753,WH-East,9,506.74,4560.66,Delivered,2025-10-11,2025,10,October,1
O07235,2025-02-10,P019,C0772,WH-South,5,6267.38,31336.9,Delivered,2025-02-12,2025,2,February,1
O07236,2025-05-02,P062,C0561,WH-East,6,11436.7,68620.2,Processing,2025-05-08,2025,5,May,0
O07237,2025-08-15,P071,C0506,WH-East,15,4401.72,66025.8,Delivered,2025-08-21,2025,8,August,1
O07238,2025-10-21,P076,C0154,WH-North,11,2781.69,30598.59,Delivered,2025-10-30,2025,10,October,1
O07239,2025-09-24,P067,C0515,WH-West,8,3626.7,29013.6,Delivered,2025-10-02,2025,9,September,1
O07240,2026-06-25,P063,C0820,WH-North,15,6119.08,91786.2,Returned,2026-06-29,2026,6,June,0
O07241,2026-03-27,P005,C0478,WH-South,12,5461.2,65534.4,Delivered,2026-04-05,2026,3,March,1
O07242,2026-03-25,P072,C0384,WH-South,14,7933.68,111071.52,Delivered,2026-03-30,2026,3,March,1
O07243,2025-03-02,P078,C0804,WH-North,15,8749.35,131240.25,Delivered,2025-03-06,2025,3,March,1
O07244,2026-05-17,P061,C0681,WH-West,11,9046.33,99509.63,Processing,2026-05-20,2026,5,May,0
O07245,2025-05-27,P100,C0198,WH-West,15,6160.6,92409.0,Delivered,2025-06-06,2025,5,May,1
O07246,2025-11-30,P071,C0179,WH-West,5,4401.72,22008.6,Processing,2025-12-08,2025,11,November,0
O07247,2025-05-22,P007,C0615,WH-East,14,11389.37,159451.18,Returned,2025-05-28,2025,5,May,0
O07248,2025-02-13,P050,C0731,WH-South,9,1973.84,17764.56,Delivered,2025-02-23,2025,2,February,1
O07249,2025-05-24,P046,C0528,WH-East,4,2032.34,8129.36,Delivered,2025-05-28,2025,5,May,1
O07250,2025-11-29,P096,C0047,WH-North,8,6299.54,50396.32,Delivered,2025-12-06,2025,11,November,1
O07251,2026-05-12,P072,C0848,WH-West,12,7933.68,95204.16,Delivered,2026-05-21,2026,5,May,1
O07252,2026-01-31,P076,C0558,WH-East,14,2781.69,38943.66,Delivered,2026-02-10,2026,1,January,1
O07253,2025-02-24,P074,Unknown,WH-West,3,8610.83,25832.49,Delivered,2025-03-01,2025,2,February,1
O07254,2025-11-03,P014,C0183,WH-East,5,8215.45,41077.25,Delivered,2025-11-05,2025,11,November,1
O07255,2026-02-27,P073,C0354,WH-South,15,5286.08,79291.2,Returned,2026-03-08,2026,2,February,0
O07256,2026-02-21,P094,C0487,WH-West,8,9560.46,76483.68,Delivered,2026-02-25,2026,2,February,1
O07257,2025-11-21,P069,C0216,WH-East,15,7876.01,118140.15,Delivered,2025-11-28,2025,11,November,1
O07258,2025-03-21,P065,C0892,WH-North,10,6932.91,69329.1,Delivered,2025-03-26,2025,3,March,1
O07259,2025-01-31,P065,C0423,WH-East,12,6932.91,83194.92,Delivered,2025-02-07,2025,1,January,1
O07260,2025-04-22,P057,C0646,WH-North,7,919.99,6439.93,Delivered,2025-04-26,2025,4,April,1
O07261,2026-04-17,P062,C0852,WH-North,1,11436.7,11436.7,Delivered,2026-04-25,2026,4,April,1
O07262,2025-03-15,P020,C0829,WH-West,12,2297.9,27574.8,Processing,2025-03-18,2025,3,March,0
O07263,2026-04-24,P075,C0009,WH-South,4,4757.22,19028.88,Delivered,2026-04-30,2026,4,April,1
O07264,2026-01-22,P026,C0213,WH-North,2,8058.43,16116.86,Delivered,2026-01-26,2026,1,January,1
O07265,2026-03-09,P044,C0139,WH-North,2,3533.01,7066.02,Returned,2026-03-15,2026,3,March,0
O07266,2026-02-16,P067,C0734,WH-South,13,3626.7,47147.1,Delivered,2026-02-20,2026,2,February,1
O07267,2026-04-12,P070,C0321,WH-South,15,2886.35,43295.25,Delivered,2026-04-22,2026,4,April,1
O07268,2025-09-05,P062,C0091,WH-South,7,11436.7,80056.9,Delivered,2025-09-14,2025,9,September,1
O07269,2025-04-30,P045,C0890,WH-North,12,11503.77,138045.24,Delivered,2025-05-03,2025,4,April,1
O07270,2025-03-08,P011,C0315,WH-South,12,11449.02,137388.24,Delivered,2025-03-17,2025,3,March,1
O07271,2025-11-23,P072,C0112,WH-North,3,7933.68,23801.04,Delivered,2025-12-02,2025,11,November,1
O07272,2026-04-15,P093,C0113,WH-North,3,11181.17,33543.51,Processing,2026-04-19,2026,4,April,0
O07273,2026-05-08,P074,C0710,WH-North,15,8610.83,129162.45,Delivered,2026-05-14,2026,5,May,1
O07274,2025-10-13,P034,C0374,WH-South,6,7873.1,47238.6,Delivered,2025-10-16,2025,10,October,1
O07275,2025-11-08,P088,C0263,WH-North,6,7327.81,43966.86,Delivered,2025-11-15,2025,11,November,1
O07276,2025-11-05,P046,C0368,WH-West,1,2032.34,2032.34,Delivered,2025-11-08,2025,11,November,1
O07277,2025-04-07,P081,C0378,WH-North,15,8788.43,131826.45,Delivered,2025-04-12,2025,4,April,1
O07278,2025-04-23,P032,C0829,WH-South,15,8387.44,125811.6,Delivered,2025-04-27,2025,4,April,1
O07279,2026-04-01,P075,C0825,WH-South,15,4757.22,71358.3,Delivered,2026-04-03,2026,4,April,1
O07280,2026-04-08,P098,C0854,WH-North,1,2843.84,2843.84,Delivered,2026-04-17,2026,4,April,1
O07281,2025-05-12,P088,C0674,WH-North,11,7327.81,80605.91,Delivered,2025-05-21,2025,5,May,1
O07282,2025-05-01,P005,C0596,WH-North,6,5461.2,32767.2,Delivered,2025-05-03,2025,5,May,1
O07283,2025-07-16,P063,C0557,WH-West,7,6119.08,42833.56,Delivered,2025-07-23,2025,7,July,1
O07284,2026-04-27,P029,C0045,WH-South,9,7630.58,68675.22,Delivered,2026-04-29,2026,4,April,1
O07285,2025-02-08,P048,C0271,WH-West,4,8206.14,32824.56,Delivered,2025-02-18,2025,2,February,1
O07286,2026-05-27,P098,C0495,WH-South,14,2843.84,39813.76,Delivered,2026-05-29,2026,5,May,1
O07287,2026-04-19,P016,C0905,WH-East,10,6037.0,60370.0,Delivered,2026-04-23,2026,4,April,1
O07288,2025-06-10,P025,C0722,WH-South,6,2564.25,15385.5,Delivered,2025-06-20,2025,6,June,1
O07289,2025-10-16,P072,C0686,WH-North,12,7933.68,95204.16,Delivered,2025-10-18,2025,10,October,1
O07290,2025-07-19,P029,C0247,WH-South,3,7630.58,22891.74,Delivered,2025-07-22,2025,7,July,1
O07291,2026-06-12,P052,C0174,WH-South,13,2109.04,27417.52,Delivered,2026-06-17,2026,6,June,1
O07292,2026-05-18,P046,C0036,WH-East,13,2032.34,26420.42,Delivered,2026-05-26,2026,5,May,1
O07293,2025-09-05,P025,C0302,WH-East,11,2564.25,28206.75,Delivered,2025-09-14,2025,9,September,1
O07294,2026-01-18,P023,C0810,WH-West,4,2561.5,10246.0,Delivered,2026-01-20,2026,1,January,1
O07295,2025-08-06,P034,C0158,WH-West,9,7873.1,70857.9,Delivered,2025-08-08,2025,8,August,1
O07296,2025-03-28,P067,C0651,WH-North,14,3626.7,50773.8,Processing,2025-04-03,2025,3,March,0
O07297,2025-03-23,P094,C0886,WH-West,14,9560.46,133846.44,Processing,2025-04-01,2025,3,March,0
O07298,2025-03-03,P034,C0033,WH-West,1,7873.1,7873.1,Delivered,2025-03-05,2025,3,March,1
O07299,2026-05-15,P032,C0763,WH-East,5,8387.44,41937.2,Delivered,2026-05-19,2026,5,May,1
O07300,2025-02-11,P029,C0382,WH-North,15,7630.58,114458.7,Delivered,2025-02-18,2025,2,February,1
O07301,2025-01-12,P009,C0878,WH-North,15,6820.58,102308.7,Delivered,2025-01-14,2025,1,January,1
O07302,2025-04-25,P066,C0424,WH-West,11,9296.31,102259.41,Cancelled,Unknown,2025,4,April,0
O07303,2025-08-06,P057,C0838,WH-North,7,919.99,6439.93,Delivered,2025-08-08,2025,8,August,1
O07304,2025-04-16,P039,C0683,WH-North,3,2741.34,8224.02,Delivered,2025-04-21,2025,4,April,1
O07305,2026-06-12,P007,C0622,WH-East,15,11389.37,170840.55,Delivered,2026-06-22,2026,6,June,1
O07306,2026-04-17,P069,C0679,WH-West,2,7876.01,15752.02,Delivered,2026-04-23,2026,4,April,1
O07307,2026-01-22,P008,C0637,WH-North,13,7685.98,99917.74,Delivered,2026-01-26,2026,1,January,1
O07308,2025-08-14,P096,C0726,WH-West,11,6299.54,69294.94,Delivered,2025-08-22,2025,8,August,1
O07309,2026-04-26,P018,C0295,WH-West,2,6842.11,13684.22,Delivered,2026-05-03,2026,4,April,1
O07310,2026-02-12,P082,C0693,WH-North,1,7665.58,7665.58,Returned,2026-02-22,2026,2,February,0
O07311,2026-04-02,P049,C0595,WH-South,5,3014.05,15070.25,Delivered,2026-04-07,2026,4,April,1
O07312,2025-01-21,P016,C0982,WH-North,13,6037.0,78481.0,Processing,2025-01-26,2025,1,January,0
O07313,2025-07-22,P021,C0415,WH-South,3,2945.59,8836.77,Delivered,2025-08-01,2025,7,July,1
O07314,2026-02-21,P010,C0874,WH-East,11,8992.72,98919.92,Delivered,2026-02-24,2026,2,February,1
O07315,2026-02-20,P004,C0319,WH-West,12,5647.39,67768.68,Delivered,2026-02-23,2026,2,February,1
O07316,2026-03-24,P044,C0025,WH-South,7,3533.01,24731.07,Delivered,2026-04-03,2026,3,March,1
O07317,2026-05-27,P008,C0758,WH-West,1,7685.98,7685.98,Delivered,2026-06-04,2026,5,May,1
O07318,2025-03-26,P055,C0553,WH-East,9,1487.11,13383.99,Returned,2025-04-01,2025,3,March,0
O07319,2025-06-16,P019,C0434,WH-East,14,6267.38,87743.32,Processing,2025-06-22,2025,6,June,0
O07320,2026-01-19,P064,C0059,WH-South,2,9772.25,19544.5,Delivered,2026-01-29,2026,1,January,1
O07321,2026-04-13,P040,C0177,WH-East,8,7396.64,59173.12,Delivered,2026-04-19,2026,4,April,1
O07322,2025-03-13,P051,C0542,WH-West,10,506.74,5067.4,Delivered,2025-03-23,2025,3,March,1
O07323,2026-06-05,P009,C0045,WH-East,4,6820.58,27282.32,Delivered,2026-06-14,2026,6,June,1
O07324,2026-04-18,P030,C0452,WH-East,6,6989.65,41937.9,Delivered,2026-04-25,2026,4,April,1
O07325,2025-09-15,P056,C0309,WH-South,9,888.53,7996.77,Delivered,2025-09-21,2025,9,September,1
O07326,2025-10-02,P081,C0154,WH-East,7,8788.43,61519.01,Delivered,2025-10-08,2025,10,October,1
O07327,2025-01-20,P044,C0967,WH-North,15,3533.01,52995.15,Delivered,2025-01-26,2025,1,January,1
O07328,2026-05-05,P059,C0552,WH-West,8,722.03,5776.24,Delivered,2026-05-07,2026,5,May,1
O07329,2026-05-05,P015,C0140,WH-South,15,10925.43,163881.45,Delivered,2026-05-11,2026,5,May,1
O07330,2025-11-22,P068,C0769,WH-North,7,7862.75,55039.25,Delivered,2025-11-26,2025,11,November,1
O07331,2026-06-13,P070,C0582,WH-South,2,2886.35,5772.7,Processing,2026-06-20,2026,6,June,0
O07332,2025-03-30,P061,C0385,WH-North,9,9046.33,81416.97,Delivered,2025-04-09,2025,3,March,1
O07333,2026-05-01,P080,C0648,WH-East,15,6733.38,101000.7,Delivered,2026-05-05,2026,5,May,1
O07334,2025-12-16,P090,C0748,WH-North,1,2450.87,2450.87,Delivered,2025-12-18,2025,12,December,1
O07335,2025-03-25,P023,C0624,WH-North,14,2561.5,35861.0,Delivered,2025-04-03,2025,3,March,1
O07336,2026-01-22,P077,C0033,WH-North,2,12073.98,24147.96,Delivered,2026-02-01,2026,1,January,1
O07337,2025-03-28,P047,C0708,WH-West,3,9554.1,28662.3,Delivered,2025-04-02,2025,3,March,1
O07338,2025-11-03,P017,C0371,WH-South,3,8360.81,25082.43,Delivered,2025-11-09,2025,11,November,1
O07339,2025-06-03,P057,C0178,WH-East,14,919.99,12879.86,Delivered,2025-06-07,2025,6,June,1
O07340,2026-03-16,P054,C0360,WH-East,10,5559.97,55599.7,Delivered,2026-03-25,2026,3,March,1
O07341,2025-09-21,P091,C0646,WH-West,4,3806.53,15226.12,Delivered,2025-09-25,2025,9,September,1
O07342,2026-02-25,P052,C0956,WH-West,5,2109.04,10545.2,Delivered,2026-03-02,2026,2,February,1
O07343,2026-05-08,P022,C0703,WH-West,6,9065.34,54392.04,Delivered,2026-05-16,2026,5,May,1
O07344,2026-02-15,P083,C0436,WH-North,1,1377.9,1377.9,Delivered,2026-02-18,2026,2,February,1
O07345,2025-06-22,P039,C0899,WH-West,14,2741.34,38378.76,Delivered,2025-06-24,2025,6,June,1
O07346,2025-01-04,P099,C0847,WH-West,13,1477.4,19206.2,Delivered,2025-01-09,2025,1,January,1
O07347,2026-04-17,P013,C0966,WH-North,8,359.86,2878.88,Delivered,2026-04-26,2026,4,April,1
O07348,2025-04-20,P078,C0006,WH-South,6,8749.35,52496.1,Delivered,2025-04-22,2025,4,April,1
O07349,2025-02-06,P095,C0805,WH-West,10,5427.18,54271.8,Delivered,2025-02-10,2025,2,February,1
O07350,2025-01-31,P066,C0691,WH-West,9,9296.31,83666.79,Delivered,2025-02-05,2025,1,January,1
O07351,2026-01-16,P052,C0795,WH-North,5,2109.04,10545.2,Processing,2026-01-21,2026,1,January,0
O07352,2025-09-25,P014,C0618,WH-North,7,8215.45,57508.15,Delivered,2025-09-29,2025,9,September,1
O07353,2025-01-11,P073,C0942,WH-North,11,5286.08,58146.88,Delivered,2025-01-15,2025,1,January,1
O07354,2025-12-10,P074,C0758,WH-South,4,8610.83,34443.32,Delivered,2025-12-18,2025,12,December,1
O07355,2026-06-28,P063,C0837,WH-West,6,6119.08,36714.48,Delivered,2026-07-07,2026,6,June,1
O07356,2025-06-15,P071,C0891,WH-West,6,4401.72,26410.32,Delivered,2025-06-20,2025,6,June,1
O07357,2025-12-08,P028,C0231,WH-North,13,1732.59,22523.67,Delivered,2025-12-17,2025,12,December,1
O07358,2026-04-27,P089,C0401,WH-North,4,5210.42,20841.68,Delivered,2026-05-06,2026,4,April,1
O07359,2025-01-19,P046,C0727,WH-West,6,2032.34,12194.04,Delivered,2025-01-26,2025,1,January,1
O07360,2025-07-03,P028,C0785,WH-West,8,1732.59,13860.72,Delivered,2025-07-05,2025,7,July,1
O07361,2026-06-29,P002,C0617,WH-West,11,9662.88,106291.68,Delivered,2026-07-07,2026,6,June,1
O07362,2025-01-10,P017,C0886,WH-North,5,8360.81,41804.05,Delivered,2025-01-18,2025,1,January,1
O07363,2025-07-11,P059,C0023,WH-South,2,722.03,1444.06,Cancelled,Unknown,2025,7,July,0
O07364,2025-11-16,P052,C0807,WH-South,9,2109.04,18981.36,Delivered,2025-11-23,2025,11,November,1
O07365,2026-04-20,P004,C0161,WH-West,11,5647.39,62121.29,Delivered,2026-04-30,2026,4,April,1
O07366,2026-03-03,P077,C0194,WH-East,4,12073.98,48295.92,Delivered,2026-03-07,2026,3,March,1
O07367,2025-02-28,P082,C0266,WH-South,4,7665.58,30662.32,Returned,2025-03-05,2025,2,February,0
O07368,2026-03-12,P003,C0083,WH-East,11,8874.43,97618.73,Delivered,2026-03-22,2026,3,March,1
O07369,2025-04-07,P037,C0168,WH-East,7,2141.55,14990.85,Returned,2025-04-10,2025,4,April,0
O07370,2026-05-11,P097,C0841,WH-West,10,7927.96,79279.6,Delivered,2026-05-21,2026,5,May,1
O07371,2025-10-05,P024,C0655,WH-North,14,5645.0,79030.0,Delivered,2025-10-11,2025,10,October,1
O07372,2025-09-22,P072,C0555,WH-East,10,7933.68,79336.8,Delivered,2025-09-26,2025,9,September,1
O07373,2025-01-09,P035,C0344,WH-West,6,10862.84,65177.04,Delivered,2025-01-18,2025,1,January,1
O07374,2026-04-02,P002,C0012,WH-North,14,9662.88,135280.32,Delivered,2026-04-12,2026,4,April,1
O07375,2025-09-30,P033,C0534,WH-South,4,7876.29,31505.16,Delivered,2025-10-02,2025,9,September,1
O07376,2025-01-08,P076,C0530,WH-West,6,2781.69,16690.14,Delivered,2025-01-14,2025,1,January,1
O07377,2025-07-27,P086,C0450,WH-South,3,3132.13,9396.39,Delivered,2025-08-06,2025,7,July,1
O07378,2025-05-03,P077,C0574,WH-West,7,12073.98,84517.86,Delivered,2025-05-06,2025,5,May,1
O07379,2025-02-02,P010,C0701,WH-East,6,8992.72,53956.32,Delivered,2025-02-04,2025,2,February,1
O07380,2026-05-28,P081,C0956,WH-North,3,8788.43,26365.29,Delivered,2026-06-06,2026,5,May,1
O07381,2025-07-23,P062,C0591,WH-East,1,11436.7,11436.7,Delivered,2025-07-30,2025,7,July,1
O07382,2026-06-02,P043,C0490,WH-West,12,7218.47,86621.64,Delivered,2026-06-05,2026,6,June,1
O07383,2026-06-01,P069,C0167,WH-West,10,7876.01,78760.1,Delivered,2026-06-05,2026,6,June,1
O07384,2026-03-19,P059,C0969,WH-East,5,722.03,3610.15,Delivered,2026-03-25,2026,3,March,1
O07385,2025-12-05,P009,C0662,WH-West,10,6820.58,68205.8,Delivered,2025-12-07,2025,12,December,1
O07386,2026-03-14,P077,C0465,WH-South,2,12073.98,24147.96,Delivered,2026-03-17,2026,3,March,1
O07387,2026-03-21,P060,C0910,WH-East,7,1239.87,8679.09,Delivered,2026-03-23,2026,3,March,1
O07388,2025-05-16,P063,C0735,WH-North,13,6119.08,79548.04,Delivered,2025-05-24,2025,5,May,1
O07389,2026-01-22,P052,C0617,WH-South,7,2109.04,14763.28,Delivered,2026-01-30,2026,1,January,1
O07390,2025-01-25,P023,C0766,WH-South,4,2561.5,10246.0,Cancelled,Unknown,2025,1,January,0
O07391,2026-05-21,P030,C0007,WH-West,6,6989.65,41937.9,Delivered,2026-05-28,2026,5,May,1
O07392,2025-11-21,P043,C0163,WH-East,1,7218.47,7218.47,Delivered,2025-11-25,2025,11,November,1
O07393,2025-12-04,P068,C0802,WH-West,2,7862.75,15725.5,Delivered,2025-12-07,2025,12,December,1
O07394,2025-04-05,P021,C0195,WH-East,15,2945.59,44183.85,Delivered,2025-04-15,2025,4,April,1
O07395,2026-06-29,P043,C0319,WH-East,6,7218.47,43310.82,Delivered,2026-07-02,2026,6,June,1
O07396,2025-05-26,P073,C0130,WH-North,2,5286.08,10572.16,Processing,2025-05-28,2025,5,May,0
O07397,2025-08-19,P007,C0109,WH-West,12,11389.37,136672.44,Processing,2025-08-29,2025,8,August,0
O07398,2026-05-10,P016,C0219,WH-East,12,6037.0,72444.0,Delivered,2026-05-19,2026,5,May,1
O07399,2025-02-07,P023,C0506,WH-North,11,2561.5,28176.5,Delivered,2025-02-16,2025,2,February,1
O07400,2026-03-01,P058,C0429,WH-East,4,3596.21,14384.84,Delivered,2026-03-09,2026,3,March,1
O07401,2026-03-13,P087,C0831,WH-West,4,6619.57,26478.28,Delivered,2026-03-23,2026,3,March,1
O07402,2026-01-03,P031,C0642,WH-East,10,1882.62,18826.2,Delivered,2026-01-07,2026,1,January,1
O07403,2025-12-11,P069,C0244,WH-South,9,7876.01,70884.09,Delivered,2025-12-20,2025,12,December,1
O07404,2025-06-09,P006,C0438,WH-West,15,716.9,10753.5,Delivered,2025-06-11,2025,6,June,1
O07405,2026-06-25,P065,C0307,WH-South,10,6932.91,69329.1,Delivered,2026-06-27,2026,6,June,1
O07406,2025-05-24,P059,C0809,WH-North,7,722.03,5054.21,Delivered,2025-05-31,2025,5,May,1
O07407,2025-12-11,P028,C0901,WH-East,14,1732.59,24256.26,Delivered,2025-12-20,2025,12,December,1
O07408,2025-09-26,P018,C0597,WH-West,7,6842.11,47894.77,Delivered,2025-10-05,2025,9,September,1
O07409,2025-09-25,P088,C0255,WH-North,12,7327.81,87933.72,Delivered,2025-09-27,2025,9,September,1
O07410,2025-06-18,P077,C0327,WH-South,11,12073.98,132813.78,Delivered,2025-06-20,2025,6,June,1
O07411,2025-02-02,P097,C0409,WH-South,1,7927.96,7927.96,Delivered,2025-02-12,2025,2,February,1
O07412,2026-01-12,P010,C0749,WH-South,11,8992.72,98919.92,Delivered,2026-01-22,2026,1,January,1
O07413,2025-08-02,P007,C0001,WH-South,5,11389.37,56946.85,Delivered,2025-08-10,2025,8,August,1
O07414,2026-03-16,P037,C0777,WH-North,3,2141.55,6424.65,Delivered,2026-03-18,2026,3,March,1
O07415,2026-05-07,P096,C0194,WH-East,3,6299.54,18898.62,Delivered,2026-05-10,2026,5,May,1
O07416,2026-01-28,P045,C0963,WH-North,6,11503.77,69022.62,Delivered,2026-02-06,2026,1,January,1
O07417,2026-05-04,P086,C0364,WH-East,4,3132.13,12528.52,Delivered,2026-05-13,2026,5,May,1
O07418,2025-01-29,P016,C0869,WH-West,8,6037.0,48296.0,Delivered,2025-02-04,2025,1,January,1
O07419,2025-02-08,P088,C0122,WH-South,14,7327.81,102589.34,Delivered,2025-02-11,2025,2,February,1
O07420,2025-06-22,P014,C0364,WH-North,4,8215.45,32861.8,Delivered,2025-06-26,2025,6,June,1
O07421,2025-01-17,P011,C0004,WH-West,8,11449.02,91592.16,Delivered,2025-01-23,2025,1,January,1
O07422,2025-02-25,P083,C0149,WH-East,14,1377.9,19290.6,Cancelled,Unknown,2025,2,February,0
O07423,2025-08-14,P087,C0061,WH-West,12,6619.57,79434.84,Delivered,2025-08-16,2025,8,August,1
O07424,2025-03-08,P034,C0794,WH-West,15,7873.1,118096.5,Delivered,2025-03-15,2025,3,March,1
O07425,2025-07-16,P060,C0117,WH-East,12,1239.87,14878.44,Delivered,2025-07-22,2025,7,July,1
O07426,2025-01-23,P013,C0684,WH-West,4,359.86,1439.44,Delivered,2025-01-27,2025,1,January,1
O07427,2025-08-25,P039,C0933,WH-South,3,2741.34,8224.02,Processing,2025-09-04,2025,8,August,0
O07428,2025-05-18,P044,C0846,WH-East,5,3533.01,17665.05,Cancelled,Unknown,2025,5,May,0
O07429,2026-04-18,P028,C0238,WH-East,12,1732.59,20791.08,Delivered,2026-04-26,2026,4,April,1
O07430,2025-08-17,P040,C0138,WH-North,13,7396.64,96156.32,Delivered,2025-08-20,2025,8,August,1
O07431,2025-11-13,P016,C0730,WH-West,5,6037.0,30185.0,Delivered,2025-11-19,2025,11,November,1
O07432,2025-07-20,P050,C0458,WH-South,10,1973.84,19738.4,Delivered,2025-07-26,2025,7,July,1
O07433,2025-09-15,P028,C0485,WH-South,10,1732.59,17325.9,Delivered,2025-09-22,2025,9,September,1
O07434,2026-04-25,P068,C0082,WH-East,1,7862.75,7862.75,Delivered,2026-05-02,2026,4,April,1
O07435,2025-06-27,P092,C0731,WH-West,15,9918.59,148778.85,Delivered,2025-07-01,2025,6,June,1
O07436,2025-05-03,P060,C0849,WH-East,8,1239.87,9918.96,Delivered,2025-05-08,2025,5,May,1
O07437,2025-12-08,P012,C0714,WH-South,8,3219.93,25759.44,Delivered,2025-12-10,2025,12,December,1
O07438,2025-06-20,P016,C0587,WH-South,8,6037.0,48296.0,Delivered,2025-06-22,2025,6,June,1
O07439,2025-02-28,P053,C0047,WH-South,14,8550.49,119706.86,Delivered,2025-03-06,2025,2,February,1
O07440,2026-04-10,P054,C0344,WH-East,10,5559.97,55599.7,Delivered,2026-04-15,2026,4,April,1
O07441,2025-09-17,P049,C0339,WH-West,4,3014.05,12056.2,Delivered,2025-09-25,2025,9,September,1
O07442,2026-01-08,P036,C0236,WH-West,13,9014.91,117193.83,Delivered,2026-01-16,2026,1,January,1
O07443,2025-04-05,P062,C0464,WH-East,14,11436.7,160113.8,Delivered,2025-04-10,2025,4,April,1
O07444,2025-05-05,P084,C0663,WH-South,9,9567.6,86108.4,Delivered,2025-05-08,2025,5,May,1
O07445,2025-02-10,P026,C0376,WH-West,10,8058.43,80584.3,Returned,2025-02-15,2025,2,February,0
O07446,2025-09-11,P056,C0123,WH-South,3,888.53,2665.59,Delivered,2025-09-20,2025,9,September,1
O07447,2025-01-07,P090,C0972,WH-East,7,2450.87,17156.09,Delivered,2025-01-10,2025,1,January,1
O07448,2026-04-16,P022,C0246,WH-West,6,9065.34,54392.04,Processing,2026-04-22,2026,4,April,0
O07449,2026-05-26,P073,C0254,WH-West,9,5286.08,47574.72,Delivered,2026-06-03,2026,5,May,1
O07450,2025-03-10,P069,C0566,WH-East,12,7876.01,94512.12,Delivered,2025-03-17,2025,3,March,1
O07451,2025-03-22,P081,C0699,WH-East,14,8788.43,123038.02,Delivered,2025-04-01,2025,3,March,1
O07452,2026-06-26,P049,C0915,WH-West,13,3014.05,39182.65,Delivered,2026-06-29,2026,6,June,1
O07453,2025-09-19,P098,C0281,WH-North,4,2843.84,11375.36,Delivered,2025-09-24,2025,9,September,1
O07454,2025-03-30,P002,C0067,WH-South,4,9662.88,38651.52,Delivered,2025-04-07,2025,3,March,1
O07455,2025-07-27,P053,C0653,WH-North,6,8550.49,51302.94,Delivered,2025-08-05,2025,7,July,1
O07456,2025-08-01,P007,C0533,WH-West,8,11389.37,91114.96,Delivered,2025-08-07,2025,8,August,1
O07457,2025-09-23,P100,C0534,WH-North,3,6160.6,18481.8,Delivered,2025-09-29,2025,9,September,1
O07458,2025-10-20,P077,C0175,WH-East,11,12073.98,132813.78,Delivered,2025-10-25,2025,10,October,1
O07459,2025-07-26,P020,C0191,WH-South,8,2297.9,18383.2,Delivered,2025-08-05,2025,7,July,1
O07460,2025-11-29,P094,C0285,WH-East,14,9560.46,133846.44,Delivered,2025-12-04,2025,11,November,1
O07461,2025-03-18,P030,C0305,WH-East,8,6989.65,55917.2,Delivered,2025-03-22,2025,3,March,1
O07462,2025-10-15,P075,C0875,WH-East,14,4757.22,66601.08,Delivered,2025-10-25,2025,10,October,1
O07463,2025-02-16,P095,C0793,WH-East,14,5427.18,75980.52,Delivered,2025-02-24,2025,2,February,1
O07464,2025-07-19,P067,C0407,WH-South,7,3626.7,25386.9,Delivered,2025-07-29,2025,7,July,1
O07465,2026-03-03,P059,C0332,WH-West,7,722.03,5054.21,Delivered,2026-03-08,2026,3,March,1
O07466,2025-07-29,P066,C0305,WH-West,5,9296.31,46481.55,Delivered,2025-08-02,2025,7,July,1
O07467,2026-02-24,P003,C0919,WH-South,2,8874.43,17748.86,Delivered,2026-03-05,2026,2,February,1
O07468,2025-06-03,P056,C0773,WH-East,12,888.53,10662.36,Processing,2025-06-08,2025,6,June,0
O07469,2026-06-06,P079,C0669,WH-North,14,8889.27,124449.78,Delivered,2026-06-10,2026,6,June,1
O07470,2026-02-19,P017,C0773,WH-West,15,8360.81,125412.15,Delivered,2026-02-24,2026,2,February,1
O07471,2025-12-19,P052,C0551,WH-East,2,2109.04,4218.08,Delivered,2025-12-22,2025,12,December,1
O07472,2025-06-06,P007,C0995,WH-North,13,11389.37,148061.81,Delivered,2025-06-11,2025,6,June,1
O07473,2025-09-18,P005,C0931,WH-North,12,5461.2,65534.4,Delivered,2025-09-26,2025,9,September,1
O07474,2025-03-18,P098,C0337,WH-East,10,2843.84,28438.4,Delivered,2025-03-22,2025,3,March,1
O07475,2026-05-03,P097,C0030,WH-South,12,7927.96,95135.52,Delivered,2026-05-05,2026,5,May,1
O07476,2025-05-11,P054,C0440,WH-East,8,5559.97,44479.76,Cancelled,Unknown,2025,5,May,0
O07477,2026-03-31,P061,C0258,WH-South,11,9046.33,99509.63,Delivered,2026-04-07,2026,3,March,1
O07478,2025-06-12,P016,C0783,WH-North,6,6037.0,36222.0,Delivered,2025-06-16,2025,6,June,1
O07479,2025-01-15,P067,C0563,WH-West,8,3626.7,29013.6,Delivered,2025-01-24,2025,1,January,1
O07480,2025-08-20,P059,C0791,WH-South,3,722.03,2166.09,Delivered,2025-08-27,2025,8,August,1
O07481,2025-07-14,P047,C0234,WH-South,1,9554.1,9554.1,Delivered,2025-07-16,2025,7,July,1
O07482,2026-06-26,P048,C0026,WH-South,13,8206.14,106679.82,Returned,2026-07-06,2026,6,June,0
O07483,2025-12-25,P064,C0523,WH-West,6,9772.25,58633.5,Delivered,2026-01-04,2025,12,December,1
O07484,2025-11-27,P050,C0384,WH-East,2,1973.84,3947.68,Delivered,2025-12-07,2025,11,November,1
O07485,2026-03-03,P085,C0536,WH-North,12,1090.03,13080.36,Delivered,2026-03-10,2026,3,March,1
O07486,2026-05-12,P041,C0393,WH-North,15,10031.16,150467.4,Delivered,2026-05-19,2026,5,May,1
O07487,2026-05-01,P072,C0462,WH-South,9,7933.68,71403.12,Returned,2026-05-06,2026,5,May,0
O07488,2026-03-25,P022,C0728,WH-North,5,9065.34,45326.7,Cancelled,Unknown,2026,3,March,0
O07489,2026-02-17,P054,C0839,WH-South,5,5559.97,27799.85,Delivered,2026-02-27,2026,2,February,1
O07490,2025-11-26,P005,C0138,WH-West,13,5461.2,70995.6,Delivered,2025-12-04,2025,11,November,1
O07491,2025-05-27,P017,C0737,WH-South,10,8360.81,83608.1,Delivered,2025-06-04,2025,5,May,1
O07492,2025-09-16,P078,C0865,WH-West,8,8749.35,69994.8,Delivered,2025-09-19,2025,9,September,1
O07493,2025-10-19,P041,C0110,WH-South,6,10031.16,60186.96,Delivered,2025-10-22,2025,10,October,1
O07494,2025-05-23,P092,C0475,WH-South,3,9918.59,29755.77,Delivered,2025-05-26,2025,5,May,1
O07495,2025-12-31,P095,C0328,WH-West,9,5427.18,48844.62,Processing,2026-01-05,2025,12,December,0
O07496,2025-03-31,P081,C0206,WH-East,10,8788.43,87884.3,Delivered,2025-04-10,2025,3,March,1
O07497,2025-06-13,P035,C0071,WH-West,4,10862.84,43451.36,Delivered,2025-06-19,2025,6,June,1
O07498,2026-04-26,P040,C0210,WH-South,10,7396.64,73966.4,Delivered,2026-04-29,2026,4,April,1
O07499,2025-03-25,P022,C0185,WH-North,4,9065.34,36261.36,Delivered,2025-03-30,2025,3,March,1
O07500,2025-03-18,P048,C0602,WH-East,12,8206.14,98473.68,Delivered,2025-03-26,2025,3,March,1
O07501,2026-06-01,P053,C0759,WH-North,13,8550.49,111156.37,Delivered,2026-06-07,2026,6,June,1
O07502,2026-04-30,P093,C0383,WH-East,2,11181.17,22362.34,Delivered,2026-05-09,2026,4,April,1
O07503,2025-04-14,P010,C0745,WH-South,3,8992.72,26978.16,Delivered,2025-04-16,2025,4,April,1
O07504,2026-03-28,P018,C0891,WH-East,4,6842.11,27368.44,Delivered,2026-04-03,2026,3,March,1
O07505,2026-05-02,P099,C0399,WH-North,7,1477.4,10341.8,Cancelled,Unknown,2026,5,May,0
O07506,2025-12-05,P080,C0545,WH-West,13,6733.38,87533.94,Delivered,2025-12-09,2025,12,December,1
O07507,2026-04-23,P049,C0907,WH-East,3,3014.05,9042.15,Delivered,2026-05-01,2026,4,April,1
O07508,2025-08-11,P071,C0659,WH-East,8,4401.72,35213.76,Delivered,2025-08-13,2025,8,August,1
O07509,2025-01-09,P030,C0682,WH-South,8,6989.65,55917.2,Delivered,2025-01-16,2025,1,January,1
O07510,2025-02-22,P019,C0978,WH-South,10,6267.38,62673.8,Delivered,2025-03-03,2025,2,February,1
O07511,2025-03-18,P055,C0726,WH-East,11,1487.11,16358.21,Cancelled,Unknown,2025,3,March,0
O07512,2026-05-18,P060,C0314,WH-South,2,1239.87,2479.74,Delivered,2026-05-25,2026,5,May,1
O07513,2025-11-12,P087,C0228,WH-South,4,6619.57,26478.28,Delivered,2025-11-14,2025,11,November,1
O07514,2025-06-14,P072,C0658,WH-West,8,7933.68,63469.44,Delivered,2025-06-21,2025,6,June,1
O07515,2025-10-06,P081,C0146,WH-East,1,8788.43,8788.43,Delivered,2025-10-13,2025,10,October,1
O07516,2025-01-27,P021,C0022,WH-North,1,2945.59,2945.59,Delivered,2025-02-02,2025,1,January,1
O07517,2025-03-11,P026,C0601,WH-West,14,8058.43,112818.02,Processing,2025-03-19,2025,3,March,0
O07518,2025-08-06,P028,C0886,WH-South,14,1732.59,24256.26,Delivered,2025-08-12,2025,8,August,1
O07519,2025-12-31,P039,C0692,WH-West,4,2741.34,10965.36,Delivered,2026-01-09,2025,12,December,1
O07520,2025-11-02,P033,C0300,WH-East,11,7876.29,86639.19,Delivered,2025-11-05,2025,11,November,1
O07521,2025-05-04,P040,C0927,WH-East,2,7396.64,14793.28,Delivered,2025-05-11,2025,5,May,1
O07522,2025-01-19,P083,C0265,WH-East,1,1377.9,1377.9,Delivered,2025-01-25,2025,1,January,1
O07523,2025-09-14,P029,C0050,WH-North,8,7630.58,61044.64,Delivered,2025-09-17,2025,9,September,1
O07524,2025-10-23,P020,C0742,WH-North,2,2297.9,4595.8,Processing,2025-10-31,2025,10,October,0
O07525,2025-01-22,P020,C0375,WH-North,4,2297.9,9191.6,Delivered,2025-01-27,2025,1,January,1
O07526,2026-03-26,P074,C0061,WH-South,3,8610.83,25832.49,Delivered,2026-04-02,2026,3,March,1
O07527,2025-02-17,P012,C0019,WH-East,15,3219.93,48298.95,Delivered,2025-02-23,2025,2,February,1
O07528,2025-07-02,P097,C0308,WH-East,2,7927.96,15855.92,Delivered,2025-07-07,2025,7,July,1
O07529,2026-03-11,P025,C0823,WH-North,8,2564.25,20514.0,Delivered,2026-03-14,2026,3,March,1
O07530,2025-04-17,P025,C0537,WH-West,3,2564.25,7692.75,Processing,2025-04-25,2025,4,April,0
O07531,2025-07-07,P004,C0207,WH-West,15,5647.39,84710.85,Delivered,2025-07-13,2025,7,July,1
O07532,2025-03-27,P004,C0325,WH-South,9,5647.39,50826.51,Processing,2025-03-31,2025,3,March,0
O07533,2026-04-01,P009,C0075,WH-West,10,6820.58,68205.8,Delivered,2026-04-08,2026,4,April,1
O07534,2025-05-17,P015,C0653,WH-South,5,10925.43,54627.15,Returned,2025-05-26,2025,5,May,0
O07535,2025-12-02,P026,C0418,WH-West,9,8058.43,72525.87,Delivered,2025-12-05,2025,12,December,1
O07536,2026-04-14,P079,C0328,WH-West,3,8889.27,26667.81,Delivered,2026-04-19,2026,4,April,1
O07537,2026-02-07,P090,C0281,WH-West,12,2450.87,29410.44,Delivered,2026-02-11,2026,2,February,1
O07538,2026-06-24,P092,C0603,WH-East,5,9918.59,49592.95,Cancelled,Unknown,2026,6,June,0
O07539,2025-03-13,P071,C0075,WH-North,14,4401.72,61624.08,Delivered,2025-03-22,2025,3,March,1
O07540,2025-01-24,P032,C0576,WH-East,10,8387.44,83874.4,Delivered,2025-02-02,2025,1,January,1
O07541,2026-04-30,P076,C0594,WH-North,6,2781.69,16690.14,Delivered,2026-05-05,2026,4,April,1
O07542,2025-02-25,P099,C0762,WH-West,9,1477.4,13296.6,Delivered,2025-02-28,2025,2,February,1
O07543,2025-08-11,P052,C0650,WH-North,8,2109.04,16872.32,Delivered,2025-08-18,2025,8,August,1
O07544,2025-06-28,P032,C0609,WH-East,2,8387.44,16774.88,Delivered,2025-07-02,2025,6,June,1
O07545,2026-03-10,P009,C0612,WH-North,2,6820.58,13641.16,Delivered,2026-03-19,2026,3,March,1
O07546,2026-03-26,P078,C0785,WH-North,13,8749.35,113741.55,Delivered,2026-03-30,2026,3,March,1
O07547,2026-05-07,P013,C0241,WH-North,5,359.86,1799.3,Delivered,2026-05-10,2026,5,May,1
O07548,2025-07-08,P056,C0005,WH-West,5,888.53,4442.65,Cancelled,Unknown,2025,7,July,0
O07549,2026-02-24,P044,C0215,WH-North,5,3533.01,17665.05,Delivered,2026-03-06,2026,2,February,1
O07550,2025-09-06,P097,C0579,WH-West,4,7927.96,31711.84,Delivered,2025-09-16,2025,9,September,1
O07551,2025-06-13,P096,C0487,WH-West,8,6299.54,50396.32,Returned,2025-06-17,2025,6,June,0
O07552,2025-09-12,P083,C0357,WH-South,11,1377.9,15156.9,Delivered,2025-09-15,2025,9,September,1
O07553,2026-04-21,P030,C0394,WH-North,5,6989.65,34948.25,Delivered,2026-04-26,2026,4,April,1
O07554,2026-02-21,P016,C0155,WH-West,1,6037.0,6037.0,Delivered,2026-02-24,2026,2,February,1
O07555,2025-06-19,P012,C0952,WH-North,10,3219.93,32199.3,Delivered,2025-06-28,2025,6,June,1
O07556,2025-11-13,P074,C0391,WH-North,14,8610.83,120551.62,Delivered,2025-11-15,2025,11,November,1
O07557,2025-06-23,P066,C0369,WH-East,5,9296.31,46481.55,Delivered,2025-06-26,2025,6,June,1
O07558,2026-04-15,P018,C0029,WH-South,1,6842.11,6842.11,Delivered,2026-04-22,2026,4,April,1
O07559,2025-12-11,P013,C0817,WH-North,4,359.86,1439.44,Delivered,2025-12-21,2025,12,December,1
O07560,2026-03-21,P093,C0423,WH-North,1,11181.17,11181.17,Delivered,2026-03-27,2026,3,March,1
O07561,2025-01-18,P024,C0966,WH-West,6,5645.0,33870.0,Delivered,2025-01-24,2025,1,January,1
O07562,2025-03-11,P012,C0009,WH-West,6,3219.93,19319.58,Delivered,2025-03-15,2025,3,March,1
O07563,2025-12-04,P060,C0200,WH-East,1,1239.87,1239.87,Cancelled,Unknown,2025,12,December,0
O07564,2026-06-11,P060,C0445,WH-South,12,1239.87,14878.44,Returned,2026-06-18,2026,6,June,0
O07565,2026-04-01,P093,C0334,WH-South,8,11181.17,89449.36,Delivered,2026-04-04,2026,4,April,1
O07566,2025-09-26,P086,C0950,WH-South,14,3132.13,43849.82,Returned,2025-10-02,2025,9,September,0
O07567,2025-07-07,P100,C0230,WH-North,4,6160.6,24642.4,Delivered,2025-07-12,2025,7,July,1
O07568,2026-06-13,P001,C0393,WH-South,2,2324.33,4648.66,Delivered,2026-06-23,2026,6,June,1
O07569,2026-03-10,P043,C0828,WH-East,13,7218.47,93840.11,Delivered,2026-03-15,2026,3,March,1
O07570,2025-10-15,P055,C0308,WH-East,14,1487.11,20819.54,Delivered,2025-10-24,2025,10,October,1
O07571,2026-05-14,P040,C0889,WH-North,1,7396.64,7396.64,Delivered,2026-05-16,2026,5,May,1
O07572,2026-03-17,P064,C0331,WH-North,11,9772.25,107494.75,Delivered,2026-03-23,2026,3,March,1
O07573,2025-10-30,P034,C0779,WH-North,3,7873.1,23619.3,Delivered,2025-11-09,2025,10,October,1
O07574,2025-03-28,P034,C0360,WH-West,7,7873.1,55111.7,Delivered,2025-04-01,2025,3,March,1
O07575,2026-03-14,P048,C0675,WH-North,10,8206.14,82061.4,Delivered,2026-03-21,2026,3,March,1
O07576,2026-06-25,P033,C0587,WH-East,11,7876.29,86639.19,Delivered,2026-07-02,2026,6,June,1
O07577,2025-01-22,P068,C0804,WH-North,10,7862.75,78627.5,Delivered,2025-01-29,2025,1,January,1
O07578,2026-06-01,P030,C0183,WH-West,8,6989.65,55917.2,Delivered,2026-06-06,2026,6,June,1
O07579,2026-05-18,P084,C0387,WH-North,5,9567.6,47838.0,Delivered,2026-05-26,2026,5,May,1
O07580,2026-04-12,P090,C0109,WH-West,7,2450.87,17156.09,Delivered,2026-04-16,2026,4,April,1
O07581,2025-04-11,P079,C0339,WH-West,2,8889.27,17778.54,Delivered,2025-04-18,2025,4,April,1
O07582,2025-05-21,P071,C0200,WH-West,12,4401.72,52820.64,Delivered,2025-05-27,2025,5,May,1
O07583,2025-05-18,P071,C0181,WH-North,12,4401.72,52820.64,Delivered,2025-05-22,2025,5,May,1
O07584,2025-08-16,P029,C0540,WH-North,15,7630.58,114458.7,Cancelled,Unknown,2025,8,August,0
O07585,2025-10-08,P023,C0565,WH-East,4,2561.5,10246.0,Delivered,2025-10-10,2025,10,October,1
O07586,2026-03-07,P034,C0760,WH-South,6,7873.1,47238.6,Delivered,2026-03-16,2026,3,March,1
O07587,2025-02-09,P084,C0822,WH-North,12,9567.6,114811.2,Delivered,2025-02-11,2025,2,February,1
O07588,2026-06-03,P015,C0437,WH-East,12,10925.43,131105.16,Delivered,2026-06-09,2026,6,June,1
O07589,2025-07-30,P097,C0833,WH-South,12,7927.96,95135.52,Delivered,2025-08-05,2025,7,July,1
O07590,2025-10-29,P053,C0821,WH-East,12,8550.49,102605.88,Delivered,2025-10-31,2025,10,October,1
O07591,2025-03-27,P017,C0040,WH-South,14,8360.81,117051.34,Delivered,2025-04-06,2025,3,March,1
O07592,2026-02-01,P064,C0222,WH-East,12,9772.25,117267.0,Delivered,2026-02-07,2026,2,February,1
O07593,2025-09-10,P084,C0297,WH-North,12,9567.6,114811.2,Delivered,2025-09-20,2025,9,September,1
O07594,2026-06-17,P061,C0678,WH-South,5,9046.33,45231.65,Delivered,2026-06-24,2026,6,June,1
O07595,2026-01-16,P057,C0843,WH-West,6,919.99,5519.94,Delivered,2026-01-24,2026,1,January,1
O07596,2026-03-20,P077,C0029,WH-East,12,12073.98,144887.76,Processing,2026-03-28,2026,3,March,0
O07597,2025-02-02,P088,C0927,WH-North,2,7327.81,14655.62,Delivered,2025-02-05,2025,2,February,1
O07598,2025-09-17,P037,C0701,WH-North,7,2141.55,14990.85,Delivered,2025-09-23,2025,9,September,1
O07599,2025-08-22,P007,C0202,WH-South,8,11389.37,91114.96,Delivered,2025-08-25,2025,8,August,1
O07600,2026-05-30,P008,C0995,WH-East,13,7685.98,99917.74,Processing,2026-06-04,2026,5,May,0
O07601,2025-11-04,P087,C0808,WH-North,14,6619.57,92673.98,Delivered,2025-11-08,2025,11,November,1
O07602,2025-03-11,P078,C0989,WH-West,11,8749.35,96242.85,Returned,2025-03-18,2025,3,March,0
O07603,2026-03-30,P068,C0485,WH-East,9,7862.75,70764.75,Delivered,2026-04-05,2026,3,March,1
O07604,2026-03-15,P021,C0130,WH-North,6,2945.59,17673.54,Cancelled,Unknown,2026,3,March,0
O07605,2025-12-30,P061,C0048,WH-North,7,9046.33,63324.31,Delivered,2026-01-02,2025,12,December,1
O07606,2026-04-26,P074,C0769,WH-West,13,8610.83,111940.79,Processing,2026-05-04,2026,4,April,0
O07607,2025-05-24,P086,C0827,WH-North,12,3132.13,37585.56,Delivered,2025-06-03,2025,5,May,1
O07608,2025-01-24,P094,C0416,WH-South,13,9560.46,124285.98,Delivered,2025-01-26,2025,1,January,1
O07609,2026-03-01,P094,C0600,WH-East,1,9560.46,9560.46,Delivered,2026-03-06,2026,3,March,1
O07610,2025-06-24,P080,C0770,WH-South,9,6733.38,60600.42,Delivered,2025-06-28,2025,6,June,1
O07611,2025-11-21,P075,C0571,WH-South,6,4757.22,28543.32,Delivered,2025-11-27,2025,11,November,1
O07612,2025-12-14,P086,C0899,WH-West,12,3132.13,37585.56,Delivered,2025-12-20,2025,12,December,1
O07613,2025-01-18,P029,C0457,WH-South,4,7630.58,30522.32,Returned,2025-01-21,2025,1,January,0
O07614,2025-02-13,P025,C0049,WH-South,10,2564.25,25642.5,Delivered,2025-02-19,2025,2,February,1
O07615,2025-06-04,P058,C0728,WH-South,9,3596.21,32365.89,Delivered,2025-06-09,2025,6,June,1
O07616,2026-01-12,P014,C0076,WH-North,12,8215.45,98585.4,Delivered,2026-01-14,2026,1,January,1
O07617,2026-02-06,P078,C0546,WH-West,1,8749.35,8749.35,Delivered,2026-02-08,2026,2,February,1
O07618,2025-08-13,P066,C0248,WH-North,2,9296.31,18592.62,Delivered,2025-08-15,2025,8,August,1
O07619,2025-08-05,P054,C0830,WH-North,3,5559.97,16679.91,Delivered,2025-08-14,2025,8,August,1
O07620,2025-01-31,P077,C0290,WH-South,1,12073.98,12073.98,Delivered,2025-02-04,2025,1,January,1
O07621,2025-02-28,P067,C0535,WH-North,2,3626.7,7253.4,Delivered,2025-03-10,2025,2,February,1
O07622,2025-12-19,P030,C0531,WH-North,2,6989.65,13979.3,Delivered,2025-12-22,2025,12,December,1
O07623,2026-03-21,P018,C0436,WH-North,7,6842.11,47894.77,Delivered,2026-03-31,2026,3,March,1
O07624,2025-08-23,P054,C0828,WH-South,10,5559.97,55599.7,Delivered,2025-09-02,2025,8,August,1
O07625,2025-04-17,P100,C0383,WH-East,13,6160.6,80087.8,Cancelled,Unknown,2025,4,April,0
O07626,2025-07-10,P021,C0096,WH-East,6,2945.59,17673.54,Delivered,2025-07-15,2025,7,July,1
O07627,2026-06-14,P053,C0251,WH-North,12,8550.49,102605.88,Delivered,2026-06-19,2026,6,June,1
O07628,2025-09-02,P083,C0241,WH-South,9,1377.9,12401.1,Delivered,2025-09-04,2025,9,September,1
O07629,2025-03-17,P016,C0924,WH-West,14,6037.0,84518.0,Cancelled,Unknown,2025,3,March,0
O07630,2025-09-24,P028,C0858,WH-East,5,1732.59,8662.95,Returned,2025-10-01,2025,9,September,0
O07631,2025-11-13,P004,C0305,WH-North,9,5647.39,50826.51,Delivered,2025-11-18,2025,11,November,1
O07632,2025-05-01,P055,C0557,WH-South,14,1487.11,20819.54,Delivered,2025-05-10,2025,5,May,1
O07633,2025-01-25,P015,C0588,WH-East,13,10925.43,142030.59,Delivered,2025-01-29,2025,1,January,1
O07634,2026-03-08,P064,C0619,WH-East,12,9772.25,117267.0,Delivered,2026-03-18,2026,3,March,1
O07635,2025-06-09,P065,C0991,WH-South,10,6932.91,69329.1,Delivered,2025-06-17,2025,6,June,1
O07636,2025-04-24,P016,C0572,WH-East,14,6037.0,84518.0,Delivered,2025-05-03,2025,4,April,1
O07637,2026-05-17,P020,C0971,WH-North,14,2297.9,32170.6,Delivered,2026-05-25,2026,5,May,1
O07638,2025-06-15,P064,C0440,WH-North,9,9772.25,87950.25,Delivered,2025-06-25,2025,6,June,1
O07639,2025-06-24,P033,C0488,WH-South,2,7876.29,15752.58,Delivered,2025-06-27,2025,6,June,1
O07640,2025-01-01,P081,C0498,WH-South,15,8788.43,131826.45,Delivered,2025-01-06,2025,1,January,1
O07641,2025-03-27,P069,C0132,WH-West,12,7876.01,94512.12,Delivered,2025-03-30,2025,3,March,1
O07642,2025-11-16,P069,C0402,WH-West,9,7876.01,70884.09,Delivered,2025-11-25,2025,11,November,1
O07643,2026-02-05,P058,C0669,WH-North,3,3596.21,10788.63,Delivered,2026-02-08,2026,2,February,1
O07644,2026-01-17,P039,C0376,WH-South,11,2741.34,30154.74,Delivered,2026-01-26,2026,1,January,1
O07645,2025-11-14,P077,C0935,WH-West,3,12073.98,36221.94,Delivered,2025-11-21,2025,11,November,1
O07646,2025-09-07,P036,C0567,WH-West,12,9014.91,108178.92,Delivered,2025-09-15,2025,9,September,1
O07647,2026-06-09,P094,C0698,WH-East,11,9560.46,105165.06,Delivered,2026-06-16,2026,6,June,1
O07648,2025-09-13,P068,C0687,WH-East,14,7862.75,110078.5,Delivered,2025-09-23,2025,9,September,1
O07649,2025-11-03,P087,C0543,WH-West,15,6619.57,99293.55,Delivered,2025-11-08,2025,11,November,1
O07650,2025-05-24,P021,C0371,WH-East,9,2945.59,26510.31,Delivered,2025-05-26,2025,5,May,1
O07651,2026-01-26,P063,C0412,WH-West,15,6119.08,91786.2,Delivered,2026-02-05,2026,1,January,1
O07652,2025-06-18,P085,C0155,WH-East,7,1090.03,7630.21,Delivered,2025-06-27,2025,6,June,1
O07653,2025-10-25,P006,C0245,WH-South,15,716.9,10753.5,Delivered,2025-10-27,2025,10,October,1
O07654,2025-08-21,P024,C0542,WH-East,14,5645.0,79030.0,Delivered,2025-08-28,2025,8,August,1
O07655,2025-09-28,P053,C0561,WH-South,11,8550.49,94055.39,Delivered,2025-10-03,2025,9,September,1
O07656,2025-03-01,P095,C0682,WH-North,15,5427.18,81407.7,Delivered,2025-03-04,2025,3,March,1
O07657,2025-10-23,P083,C0075,WH-East,8,1377.9,11023.2,Delivered,2025-10-27,2025,10,October,1
O07658,2026-04-12,P076,C0206,WH-South,7,2781.69,19471.83,Delivered,2026-04-22,2026,4,April,1
O07659,2025-08-23,P078,C0836,WH-West,9,8749.35,78744.15,Delivered,2025-08-29,2025,8,August,1
O07660,2025-08-22,P050,C0868,WH-North,8,1973.84,15790.72,Delivered,2025-08-30,2025,8,August,1
O07661,2026-01-03,P012,C0897,WH-East,14,3219.93,45079.02,Delivered,2026-01-06,2026,1,January,1
O07662,2025-08-20,P056,C0428,WH-West,4,888.53,3554.12,Delivered,2025-08-29,2025,8,August,1
O07663,2026-05-06,P015,C0871,WH-West,2,10925.43,21850.86,Delivered,2026-05-10,2026,5,May,1
O07664,2026-05-18,P083,C0421,WH-East,14,1377.9,19290.6,Delivered,2026-05-20,2026,5,May,1
O07665,2026-01-16,P092,C0673,WH-East,13,9918.59,128941.67,Delivered,2026-01-25,2026,1,January,1
O07666,2026-03-04,P040,C0149,WH-South,11,7396.64,81363.04,Processing,2026-03-14,2026,3,March,0
O07667,2025-12-30,P041,C0088,WH-South,5,10031.16,50155.8,Delivered,2026-01-08,2025,12,December,1
O07668,2025-07-21,P069,C0506,WH-North,2,7876.01,15752.02,Delivered,2025-07-23,2025,7,July,1
O07669,2025-05-26,P069,C0168,WH-East,4,7876.01,31504.04,Delivered,2025-06-03,2025,5,May,1
O07670,2026-04-02,P006,C0189,WH-North,14,716.9,10036.6,Delivered,2026-04-10,2026,4,April,1
O07671,2025-05-15,P087,C0114,WH-South,12,6619.57,79434.84,Delivered,2025-05-20,2025,5,May,1
O07672,2025-09-21,P067,C0013,WH-East,2,3626.7,7253.4,Delivered,2025-09-30,2025,9,September,1
O07673,2025-03-05,P033,C0881,WH-West,5,7876.29,39381.45,Delivered,2025-03-11,2025,3,March,1
O07674,2026-05-06,P043,C0994,WH-North,6,7218.47,43310.82,Delivered,2026-05-11,2026,5,May,1
O07675,2025-02-10,P021,C0678,WH-East,11,2945.59,32401.49,Delivered,2025-02-16,2025,2,February,1
O07676,2025-10-23,P084,C0157,WH-West,1,9567.6,9567.6,Delivered,2025-10-26,2025,10,October,1
O07677,2025-01-03,P065,C0181,WH-South,15,6932.91,103993.65,Delivered,2025-01-08,2025,1,January,1
O07678,2025-04-20,P017,C0320,WH-West,12,8360.81,100329.72,Delivered,2025-04-29,2025,4,April,1
O07679,2025-08-09,P093,C0292,WH-North,8,11181.17,89449.36,Delivered,2025-08-17,2025,8,August,1
O07680,2026-01-05,P008,C0616,WH-East,2,7685.98,15371.96,Delivered,2026-01-14,2026,1,January,1
O07681,2026-01-03,P064,C0623,WH-West,14,9772.25,136811.5,Delivered,2026-01-11,2026,1,January,1
O07682,2026-03-12,P090,C0773,WH-East,5,2450.87,12254.35,Delivered,2026-03-20,2026,3,March,1
O07683,2025-01-04,P028,C0660,WH-West,11,1732.59,19058.49,Delivered,2025-01-12,2025,1,January,1
O07684,2025-09-01,P098,C0477,WH-East,8,2843.84,22750.72,Delivered,2025-09-04,2025,9,September,1
O07685,2025-06-15,P090,C0651,WH-North,5,2450.87,12254.35,Delivered,2025-06-19,2025,6,June,1
O07686,2025-01-26,P013,C0840,WH-South,3,359.86,1079.58,Delivered,2025-01-28,2025,1,January,1
O07687,2026-01-30,P013,C0924,WH-South,6,359.86,2159.16,Delivered,2026-02-02,2026,1,January,1
O07688,2026-04-19,P038,C0433,WH-West,1,9847.32,9847.32,Delivered,2026-04-26,2026,4,April,1
O07689,2025-01-17,P025,C0169,WH-North,1,2564.25,2564.25,Delivered,2025-01-20,2025,1,January,1
O07690,2025-04-02,P062,C0402,WH-East,8,11436.7,91493.6,Delivered,2025-04-04,2025,4,April,1
O07691,2026-04-28,P023,C0158,WH-North,7,2561.5,17930.5,Delivered,2026-05-07,2026,4,April,1
O07692,2026-06-27,P086,C0384,WH-North,10,3132.13,31321.3,Delivered,2026-07-07,2026,6,June,1
O07693,2025-07-24,P021,C0398,WH-West,10,2945.59,29455.9,Delivered,2025-08-01,2025,7,July,1
O07694,2026-05-17,P054,C0056,WH-South,11,5559.97,61159.67,Delivered,2026-05-21,2026,5,May,1
O07695,2026-02-04,P063,C0073,WH-North,11,6119.08,67309.88,Delivered,2026-02-06,2026,2,February,1
O07696,2025-07-26,P030,C0970,WH-West,3,6989.65,20968.95,Delivered,2025-07-31,2025,7,July,1
O07697,2025-05-26,P075,C0760,WH-East,8,4757.22,38057.76,Delivered,2025-05-30,2025,5,May,1
O07698,2025-04-11,P068,C0473,WH-South,11,7862.75,86490.25,Delivered,2025-04-15,2025,4,April,1
O07699,2025-08-29,P097,C0180,WH-South,15,7927.96,118919.4,Delivered,2025-09-01,2025,8,August,1
O07700,2025-06-12,P076,C0603,WH-East,8,2781.69,22253.52,Delivered,2025-06-16,2025,6,June,1
O07701,2025-06-22,P073,C0194,WH-North,14,5286.08,74005.12,Delivered,2025-06-28,2025,6,June,1
O07702,2026-05-17,P032,C0707,WH-South,14,8387.44,117424.16,Delivered,2026-05-22,2026,5,May,1
O07703,2025-10-11,P075,C0797,WH-North,1,4757.22,4757.22,Delivered,2025-10-13,2025,10,October,1
O07704,2025-12-25,P024,C0384,WH-West,10,5645.0,56450.0,Delivered,2025-12-27,2025,12,December,1
O07705,2026-01-16,P007,C0760,WH-East,7,11389.37,79725.59,Delivered,2026-01-18,2026,1,January,1
O07706,2026-06-17,P072,C0229,WH-South,2,7933.68,15867.36,Cancelled,Unknown,2026,6,June,0
O07707,2025-06-12,P097,C0795,WH-East,12,7927.96,95135.52,Cancelled,Unknown,2025,6,June,0
O07708,2025-11-03,P089,C0836,WH-South,2,5210.42,10420.84,Delivered,2025-11-13,2025,11,November,1
O07709,2025-12-05,P001,C0675,WH-East,2,2324.33,4648.66,Delivered,2025-12-10,2025,12,December,1
O07710,2025-02-24,P003,C0603,WH-West,13,8874.43,115367.59,Delivered,2025-03-01,2025,2,February,1
O07711,2025-11-29,P028,C0723,WH-West,5,1732.59,8662.95,Cancelled,Unknown,2025,11,November,0
O07712,2025-05-07,P043,C0266,WH-North,7,7218.47,50529.29,Delivered,2025-05-11,2025,5,May,1
O07713,2025-08-31,P097,C0639,WH-West,4,7927.96,31711.84,Delivered,2025-09-04,2025,8,August,1
O07714,2026-02-13,P046,C0794,WH-East,11,2032.34,22355.74,Delivered,2026-02-18,2026,2,February,1
O07715,2026-05-18,P001,C0071,WH-East,12,2324.33,27891.96,Delivered,2026-05-25,2026,5,May,1
O07716,2025-10-30,P038,C0091,WH-West,4,9847.32,39389.28,Delivered,2025-11-01,2025,10,October,1
O07717,2026-04-09,P091,C0606,WH-East,9,3806.53,34258.77,Delivered,2026-04-13,2026,4,April,1
O07718,2025-08-23,P035,C0076,WH-East,14,10862.84,152079.76,Delivered,2025-08-29,2025,8,August,1
O07719,2025-02-07,P074,C0616,WH-East,10,8610.83,86108.3,Delivered,2025-02-12,2025,2,February,1
O07720,2025-05-19,P076,C0445,WH-North,9,2781.69,25035.21,Delivered,2025-05-28,2025,5,May,1
O07721,2025-07-14,P074,C0197,WH-North,7,8610.83,60275.81,Delivered,2025-07-24,2025,7,July,1
O07722,2026-06-11,P054,C0184,WH-South,14,5559.97,77839.58,Processing,2026-06-20,2026,6,June,0
O07723,2025-01-01,P098,C0077,WH-East,15,2843.84,42657.6,Delivered,2025-01-11,2025,1,January,1
O07724,2025-04-06,P024,C0448,WH-North,10,5645.0,56450.0,Delivered,2025-04-15,2025,4,April,1
O07725,2026-02-17,P028,C0297,WH-West,15,1732.59,25988.85,Delivered,2026-02-19,2026,2,February,1
O07726,2026-06-22,P022,C0388,WH-East,4,9065.34,36261.36,Delivered,2026-06-30,2026,6,June,1
O07727,2026-03-05,P016,C0322,WH-East,8,6037.0,48296.0,Delivered,2026-03-15,2026,3,March,1
O07728,2025-08-23,P013,C0421,WH-South,10,359.86,3598.6,Delivered,2025-08-25,2025,8,August,1
O07729,2025-12-15,P100,C0546,WH-West,3,6160.6,18481.8,Delivered,2025-12-17,2025,12,December,1
O07730,2026-04-26,P100,C0634,WH-West,3,6160.6,18481.8,Delivered,2026-04-29,2026,4,April,1
O07731,2026-01-31,P062,C0306,WH-East,12,11436.7,137240.4,Delivered,2026-02-06,2026,1,January,1
O07732,2025-12-17,P043,C0966,WH-North,7,7218.47,50529.29,Delivered,2025-12-26,2025,12,December,1
O07733,2026-02-20,P087,C0346,WH-South,13,6619.57,86054.41,Delivered,2026-03-01,2026,2,February,1
O07734,2025-02-20,P078,C0715,WH-South,11,8749.35,96242.85,Delivered,2025-02-25,2025,2,February,1
O07735,2025-03-22,P032,C0810,WH-South,12,8387.44,100649.28,Delivered,2025-03-30,2025,3,March,1
O07736,2025-02-05,P067,C0641,WH-East,9,3626.7,32640.3,Delivered,2025-02-13,2025,2,February,1
O07737,2025-03-08,P091,C0802,WH-South,13,3806.53,49484.89,Processing,2025-03-18,2025,3,March,0
O07738,2026-04-26,P083,C0725,WH-North,11,1377.9,15156.9,Delivered,2026-05-06,2026,4,April,1
O07739,2026-04-13,P086,C0650,WH-West,4,3132.13,12528.52,Delivered,2026-04-17,2026,4,April,1
O07740,2025-05-22,P057,C0261,WH-North,4,919.99,3679.96,Cancelled,Unknown,2025,5,May,0
O07741,2025-12-22,P065,C0346,WH-South,1,6932.91,6932.91,Delivered,2025-12-28,2025,12,December,1
O07742,2026-04-16,P069,C0684,WH-West,1,7876.01,7876.01,Delivered,2026-04-22,2026,4,April,1
O07743,2026-03-15,P049,C0659,WH-South,13,3014.05,39182.65,Delivered,2026-03-24,2026,3,March,1
O07744,2026-06-15,P033,C0149,WH-South,14,7876.29,110268.06,Delivered,2026-06-22,2026,6,June,1
O07745,2025-05-07,P019,C0889,WH-East,3,6267.38,18802.14,Delivered,2025-05-09,2025,5,May,1
O07746,2025-07-24,P036,C0418,WH-West,12,9014.91,108178.92,Processing,2025-07-29,2025,7,July,0
O07747,2025-01-29,P070,C0029,WH-South,13,2886.35,37522.55,Delivered,2025-02-08,2025,1,January,1
O07748,2026-03-21,P015,C0614,WH-South,7,10925.43,76478.01,Delivered,2026-03-27,2026,3,March,1
O07749,2026-04-09,P100,C0463,WH-East,13,6160.6,80087.8,Delivered,2026-04-14,2026,4,April,1
O07750,2025-10-07,P097,C0808,WH-West,15,7927.96,118919.4,Delivered,2025-10-09,2025,10,October,1
O07751,2025-05-31,P024,C0976,WH-South,9,5645.0,50805.0,Processing,2025-06-10,2025,5,May,0
O07752,2025-08-28,P027,C0883,WH-South,4,3927.78,15711.12,Delivered,2025-09-06,2025,8,August,1
O07753,2025-09-23,P049,C0766,WH-North,2,3014.05,6028.1,Delivered,2025-09-27,2025,9,September,1
O07754,2025-04-15,P075,C0786,WH-North,6,4757.22,28543.32,Delivered,2025-04-25,2025,4,April,1
O07755,2026-03-09,P023,C0891,WH-North,6,2561.5,15369.0,Delivered,2026-03-11,2026,3,March,1
O07756,2026-05-12,P033,C0561,WH-East,9,7876.29,70886.61,Delivered,2026-05-17,2026,5,May,1
O07757,2026-03-16,P041,C0189,WH-North,15,10031.16,150467.4,Delivered,2026-03-22,2026,3,March,1
O07758,2025-06-07,P056,C0065,WH-North,4,888.53,3554.12,Delivered,2025-06-12,2025,6,June,1
O07759,2025-06-21,P029,C0459,WH-South,8,7630.58,61044.64,Returned,2025-06-26,2025,6,June,0
O07760,2026-05-09,P031,C0676,WH-East,13,1882.62,24474.06,Delivered,2026-05-19,2026,5,May,1
O07761,2025-11-07,P065,C0224,WH-West,14,6932.91,97060.74,Delivered,2025-11-13,2025,11,November,1
O07762,2026-02-07,P098,C0476,WH-South,13,2843.84,36969.92,Delivered,2026-02-09,2026,2,February,1
O07763,2026-04-08,P018,C0326,WH-South,3,6842.11,20526.33,Delivered,2026-04-16,2026,4,April,1
O07764,2026-01-02,P082,C0519,WH-East,2,7665.58,15331.16,Processing,2026-01-09,2026,1,January,0
O07765,2025-09-12,P006,C0573,WH-East,9,716.9,6452.1,Delivered,2025-09-22,2025,9,September,1
O07766,2025-07-27,P052,C0192,WH-South,15,2109.04,31635.6,Delivered,2025-08-01,2025,7,July,1
O07767,2026-03-26,P040,C0872,WH-South,6,7396.64,44379.84,Delivered,2026-04-02,2026,3,March,1
O07768,2025-04-05,P065,C0088,WH-South,11,6932.91,76262.01,Delivered,2025-04-13,2025,4,April,1
O07769,2026-04-23,P042,C0458,WH-East,8,4932.36,39458.88,Delivered,2026-04-28,2026,4,April,1
O07770,2025-07-09,P094,C0158,WH-South,11,9560.46,105165.06,Processing,2025-07-19,2025,7,July,0
O07771,2026-04-29,P068,C0273,WH-South,10,7862.75,78627.5,Processing,2026-05-01,2026,4,April,0
O07772,2026-06-20,P032,C0940,WH-West,9,8387.44,75486.96,Delivered,2026-06-22,2026,6,June,1
O07773,2026-02-27,P010,C0968,WH-North,1,8992.72,8992.72,Delivered,2026-03-03,2026,2,February,1
O07774,2025-05-13,P069,C0332,WH-North,13,7876.01,102388.13,Delivered,2025-05-23,2025,5,May,1
O07775,2025-02-24,P009,C0282,WH-North,1,6820.58,6820.58,Delivered,2025-03-02,2025,2,February,1
O07776,2026-05-25,P069,C0657,WH-North,11,7876.01,86636.11,Delivered,2026-05-27,2026,5,May,1
O07777,2026-06-25,P061,C0163,WH-North,5,9046.33,45231.65,Delivered,2026-07-01,2026,6,June,1
O07778,2026-02-14,P011,C0174,WH-South,9,11449.02,103041.18,Delivered,2026-02-21,2026,2,February,1
O07779,2025-07-30,P099,C0108,WH-South,7,1477.4,10341.8,Delivered,2025-08-04,2025,7,July,1
O07780,2025-10-20,P091,C0901,WH-West,7,3806.53,26645.71,Delivered,2025-10-28,2025,10,October,1
O07781,2025-04-25,P068,C0301,WH-East,2,7862.75,15725.5,Delivered,2025-04-29,2025,4,April,1
O07782,2025-09-16,P074,C0331,WH-West,3,8610.83,25832.49,Delivered,2025-09-22,2025,9,September,1
O07783,2025-05-02,P097,C0144,WH-East,4,7927.96,31711.84,Delivered,2025-05-09,2025,5,May,1
O07784,2025-10-26,P008,C0058,WH-East,2,7685.98,15371.96,Delivered,2025-11-03,2025,10,October,1
O07785,2026-01-16,P049,C0298,WH-West,10,3014.05,30140.5,Delivered,2026-01-19,2026,1,January,1
O07786,2026-05-16,P024,C0862,WH-South,9,5645.0,50805.0,Delivered,2026-05-22,2026,5,May,1
O07787,2025-10-24,P033,C0188,WH-West,5,7876.29,39381.45,Delivered,2025-11-01,2025,10,October,1
O07788,2025-12-28,P019,C0440,WH-North,13,6267.38,81475.94,Cancelled,Unknown,2025,12,December,0
O07789,2026-04-08,P002,C0488,WH-West,7,9662.88,67640.16,Delivered,2026-04-12,2026,4,April,1
O07790,2026-03-14,P055,C0390,WH-South,11,1487.11,16358.21,Delivered,2026-03-23,2026,3,March,1
O07791,2025-05-07,P011,C0020,WH-South,9,11449.02,103041.18,Delivered,2025-05-09,2025,5,May,1
O07792,2025-07-16,P099,C0212,WH-East,5,1477.4,7387.0,Delivered,2025-07-21,2025,7,July,1
O07793,2025-08-09,P017,C0536,WH-East,15,8360.81,125412.15,Delivered,2025-08-13,2025,8,August,1
O07794,2025-04-01,P042,C0603,WH-West,6,4932.36,29594.16,Cancelled,Unknown,2025,4,April,0
O07795,2026-02-15,P061,C0963,WH-East,4,9046.33,36185.32,Delivered,2026-02-25,2026,2,February,1
O07796,2025-01-08,P003,C0728,WH-West,14,8874.43,124242.02,Delivered,2025-01-17,2025,1,January,1
O07797,2026-06-28,P086,C0564,WH-East,8,3132.13,25057.04,Returned,2026-07-03,2026,6,June,0
O07798,2026-04-13,P035,C0650,WH-South,1,10862.84,10862.84,Delivered,2026-04-22,2026,4,April,1
O07799,2025-11-16,P085,C0665,WH-East,1,1090.03,1090.03,Cancelled,Unknown,2025,11,November,0
O07800,2026-01-29,P089,C0220,WH-North,5,5210.42,26052.1,Cancelled,Unknown,2026,1,January,0
O07801,2025-09-26,P066,C0978,WH-South,10,9296.31,92963.1,Cancelled,Unknown,2025,9,September,0
O07802,2025-07-10,P001,C0874,WH-North,9,2324.33,20918.97,Delivered,2025-07-17,2025,7,July,1
O07803,2025-03-02,P007,C0173,WH-South,2,11389.37,22778.74,Delivered,2025-03-09,2025,3,March,1
O07804,2026-03-14,P020,C0974,WH-West,11,2297.9,25276.9,Delivered,2026-03-18,2026,3,March,1
O07805,2025-09-21,P043,C0001,WH-South,15,7218.47,108277.05,Delivered,2025-09-27,2025,9,September,1
O07806,2025-04-05,P006,C0468,WH-East,3,716.9,2150.7,Returned,2025-04-08,2025,4,April,0
O07807,2026-04-15,P055,C0025,WH-North,8,1487.11,11896.88,Delivered,2026-04-24,2026,4,April,1
O07808,2026-05-29,P100,C0204,WH-South,5,6160.6,30803.0,Delivered,2026-06-07,2026,5,May,1
O07809,2025-07-13,P021,C0880,WH-West,3,2945.59,8836.77,Delivered,2025-07-19,2025,7,July,1
O07810,2026-04-27,P051,C0871,WH-North,6,506.74,3040.44,Delivered,2026-05-05,2026,4,April,1
O07811,2025-12-02,P046,C0201,WH-South,6,2032.34,12194.04,Delivered,2025-12-11,2025,12,December,1
O07812,2026-03-11,P035,C0905,WH-West,14,10862.84,152079.76,Cancelled,Unknown,2026,3,March,0
O07813,2025-07-15,P100,C0938,WH-South,5,6160.6,30803.0,Delivered,2025-07-18,2025,7,July,1
O07814,2025-09-06,P008,C0191,WH-South,5,7685.98,38429.9,Delivered,2025-09-12,2025,9,September,1
O07815,2026-05-13,P068,C0873,WH-North,6,7862.75,47176.5,Delivered,2026-05-21,2026,5,May,1
O07816,2025-07-31,P016,C0409,WH-South,2,6037.0,12074.0,Delivered,2025-08-05,2025,7,July,1
O07817,2026-04-11,P067,C0478,WH-North,6,3626.7,21760.2,Delivered,2026-04-16,2026,4,April,1
O07818,2025-08-09,P071,C0304,WH-North,2,4401.72,8803.44,Delivered,2025-08-14,2025,8,August,1
O07819,2025-09-30,P064,C0951,WH-East,3,9772.25,29316.75,Delivered,2025-10-10,2025,9,September,1
O07820,2025-06-03,P002,C0744,WH-North,2,9662.88,19325.76,Delivered,2025-06-13,2025,6,June,1
O07821,2025-09-06,P001,C0732,WH-South,1,2324.33,2324.33,Delivered,2025-09-15,2025,9,September,1
O07822,2025-10-06,P058,C0578,WH-South,12,3596.21,43154.52,Delivered,2025-10-15,2025,10,October,1
O07823,2026-03-16,P001,C0985,WH-South,1,2324.33,2324.33,Delivered,2026-03-24,2026,3,March,1
O07824,2025-10-03,P007,C0978,WH-South,9,11389.37,102504.33,Delivered,2025-10-05,2025,10,October,1
O07825,2026-05-29,P088,C0536,WH-North,13,7327.81,95261.53,Delivered,2026-06-07,2026,5,May,1
O07826,2025-03-29,P069,C0082,WH-East,4,7876.01,31504.04,Delivered,2025-04-03,2025,3,March,1
O07827,2026-05-20,P085,C0603,WH-North,5,1090.03,5450.15,Delivered,2026-05-22,2026,5,May,1
O07828,2025-08-29,P092,C0684,WH-South,10,9918.59,99185.9,Delivered,2025-08-31,2025,8,August,1
O07829,2025-08-24,P018,C0952,WH-North,14,6842.11,95789.54,Delivered,2025-08-28,2025,8,August,1
O07830,2025-05-08,P088,C0547,WH-East,15,7327.81,109917.15,Delivered,2025-05-12,2025,5,May,1
O07831,2026-05-18,P032,C0546,WH-West,7,8387.44,58712.08,Delivered,2026-05-20,2026,5,May,1
O07832,2025-07-19,P045,C0998,WH-East,15,11503.77,172556.55,Processing,2025-07-28,2025,7,July,0
O07833,2026-06-27,P033,C0262,WH-East,2,7876.29,15752.58,Delivered,2026-07-02,2026,6,June,1
O07834,2026-05-17,P074,C0177,WH-West,12,8610.83,103329.96,Cancelled,Unknown,2026,5,May,0
O07835,2026-05-07,P073,C0656,WH-East,11,5286.08,58146.88,Delivered,2026-05-14,2026,5,May,1
O07836,2025-01-21,P049,C0215,WH-East,10,3014.05,30140.5,Delivered,2025-01-31,2025,1,January,1
O07837,2025-08-22,P033,C0988,WH-North,9,7876.29,70886.61,Delivered,2025-09-01,2025,8,August,1
O07838,2026-02-20,P097,C0141,WH-East,12,7927.96,95135.52,Delivered,2026-03-01,2026,2,February,1
O07839,2025-05-28,P071,C0268,WH-East,4,4401.72,17606.88,Delivered,2025-05-30,2025,5,May,1
O07840,2025-01-29,P068,C0139,WH-South,10,7862.75,78627.5,Delivered,2025-02-01,2025,1,January,1
O07841,2025-12-27,P028,C0047,WH-East,10,1732.59,17325.9,Delivered,2025-12-31,2025,12,December,1
O07842,2025-11-04,P087,C0060,WH-North,13,6619.57,86054.41,Delivered,2025-11-10,2025,11,November,1
O07843,2025-06-11,P053,C0561,WH-West,13,8550.49,111156.37,Delivered,2025-06-17,2025,6,June,1
O07844,2025-03-02,P096,C0564,WH-South,1,6299.54,6299.54,Delivered,2025-03-11,2025,3,March,1
O07845,2025-05-05,P044,C0061,WH-North,8,3533.01,28264.08,Processing,2025-05-08,2025,5,May,0
O07846,2026-04-01,P080,C0726,WH-South,4,6733.38,26933.52,Cancelled,Unknown,2026,4,April,0
O07847,2025-03-12,P055,C0095,WH-East,7,1487.11,10409.77,Delivered,2025-03-21,2025,3,March,1
O07848,2026-04-11,P010,C0632,WH-North,3,8992.72,26978.16,Delivered,2026-04-13,2026,4,April,1
O07849,2025-08-31,P014,C0475,WH-South,11,8215.45,90369.95,Returned,2025-09-10,2025,8,August,0
O07850,2026-05-05,P036,C0731,WH-North,12,9014.91,108178.92,Delivered,2026-05-08,2026,5,May,1
O07851,2025-08-09,P034,C0040,WH-South,9,7873.1,70857.9,Cancelled,Unknown,2025,8,August,0
O07852,2026-04-18,P088,C0346,WH-East,15,7327.81,109917.15,Delivered,2026-04-22,2026,4,April,1
O07853,2026-06-17,P018,C0327,WH-West,13,6842.11,88947.43,Delivered,2026-06-23,2026,6,June,1
O07854,2026-05-09,P016,C0971,WH-West,5,6037.0,30185.0,Delivered,2026-05-18,2026,5,May,1
O07855,2025-03-23,P037,C0437,WH-North,5,2141.55,10707.75,Delivered,2025-04-01,2025,3,March,1
O07856,2026-06-06,P041,C0829,WH-West,3,10031.16,30093.48,Delivered,2026-06-13,2026,6,June,1
O07857,2025-01-12,P025,C0406,WH-North,11,2564.25,28206.75,Delivered,2025-01-22,2025,1,January,1
O07858,2025-09-20,P008,C0744,WH-North,9,7685.98,69173.82,Delivered,2025-09-28,2025,9,September,1
O07859,2026-03-25,P088,C0211,WH-East,3,7327.81,21983.43,Processing,2026-03-28,2026,3,March,0
O07860,2025-07-11,P084,C0038,WH-East,2,9567.6,19135.2,Processing,2025-07-13,2025,7,July,0
O07861,2025-04-24,P094,C0468,WH-South,11,9560.46,105165.06,Delivered,2025-05-03,2025,4,April,1
O07862,2025-01-26,P084,C0317,WH-North,13,9567.6,124378.8,Delivered,2025-01-28,2025,1,January,1
O07863,2026-05-14,P018,C0211,WH-South,9,6842.11,61578.99,Delivered,2026-05-23,2026,5,May,1
O07864,2026-05-23,P068,C0083,WH-South,12,7862.75,94353.0,Delivered,2026-06-02,2026,5,May,1
O07865,2026-06-29,P048,C0356,WH-East,12,8206.14,98473.68,Delivered,2026-07-01,2026,6,June,1
O07866,2025-03-03,P100,C0630,WH-North,9,6160.6,55445.4,Delivered,2025-03-11,2025,3,March,1
O07867,2025-08-17,P070,C0815,WH-East,10,2886.35,28863.5,Delivered,2025-08-23,2025,8,August,1
O07868,2025-02-04,P067,C0539,WH-North,12,3626.7,43520.4,Delivered,2025-02-13,2025,2,February,1
O07869,2026-04-01,P018,C0209,WH-West,13,6842.11,88947.43,Delivered,2026-04-06,2026,4,April,1
O07870,2026-05-17,P018,C0914,WH-West,4,6842.11,27368.44,Delivered,2026-05-20,2026,5,May,1
O07871,2025-01-25,P056,C0637,WH-South,4,888.53,3554.12,Delivered,2025-02-02,2025,1,January,1
O07872,2025-02-01,P023,C0276,WH-East,13,2561.5,33299.5,Returned,2025-02-09,2025,2,February,0
O07873,2025-01-12,P035,C0492,WH-East,11,10862.84,119491.24,Delivered,2025-01-21,2025,1,January,1
O07874,2025-11-15,P006,C0298,WH-North,10,716.9,7169.0,Delivered,2025-11-25,2025,11,November,1
O07875,2025-01-01,P026,C0809,WH-South,15,8058.43,120876.45,Delivered,2025-01-08,2025,1,January,1
O07876,2026-03-11,P085,C0584,WH-East,13,1090.03,14170.39,Delivered,2026-03-15,2026,3,March,1
O07877,2025-05-16,P061,C0058,WH-South,13,9046.33,117602.29,Delivered,2025-05-22,2025,5,May,1
O07878,2025-07-15,P088,C0296,WH-East,6,7327.81,43966.86,Processing,2025-07-19,2025,7,July,0
O07879,2025-05-13,P015,C0459,WH-West,9,10925.43,98328.87,Delivered,2025-05-23,2025,5,May,1
O07880,2025-03-27,P091,C0631,WH-East,8,3806.53,30452.24,Cancelled,Unknown,2025,3,March,0
O07881,2026-04-21,P032,C0926,WH-East,10,8387.44,83874.4,Delivered,2026-04-29,2026,4,April,1
O07882,2025-11-20,P012,C0396,WH-West,3,3219.93,9659.79,Delivered,2025-11-28,2025,11,November,1
O07883,2025-06-29,P005,C0374,WH-South,6,5461.2,32767.2,Delivered,2025-07-07,2025,6,June,1
O07884,2026-05-31,P064,C0062,WH-South,15,9772.25,146583.75,Delivered,2026-06-05,2026,5,May,1
O07885,2025-06-24,P071,C0446,WH-South,13,4401.72,57222.36,Delivered,2025-06-29,2025,6,June,1
O07886,2025-01-21,P086,C0087,WH-West,7,3132.13,21924.91,Delivered,2025-01-25,2025,1,January,1
O07887,2025-04-15,P027,C0838,WH-West,15,3927.78,58916.7,Delivered,2025-04-20,2025,4,April,1
O07888,2026-03-19,P079,C0611,WH-West,15,8889.27,133339.05,Cancelled,Unknown,2026,3,March,0
O07889,2025-02-18,P045,C0399,WH-South,6,11503.77,69022.62,Delivered,2025-02-24,2025,2,February,1
O07890,2026-06-12,P035,C0124,WH-South,3,10862.84,32588.52,Delivered,2026-06-19,2026,6,June,1
O07891,2025-05-25,P026,C0998,WH-South,14,8058.43,112818.02,Delivered,2025-05-30,2025,5,May,1
O07892,2025-12-06,P023,C0988,WH-South,14,2561.5,35861.0,Delivered,2025-12-08,2025,12,December,1
O07893,2025-12-20,P013,C0519,WH-North,14,359.86,5038.04,Delivered,2025-12-28,2025,12,December,1
O07894,2025-03-16,P090,C0646,WH-West,13,2450.87,31861.31,Cancelled,Unknown,2025,3,March,0
O07895,2025-11-15,P003,C0283,WH-West,13,8874.43,115367.59,Delivered,2025-11-22,2025,11,November,1
O07896,2025-03-28,P029,C0514,WH-West,9,7630.58,68675.22,Delivered,2025-04-02,2025,3,March,1
O07897,2025-02-11,P066,C0902,WH-South,4,9296.31,37185.24,Delivered,2025-02-20,2025,2,February,1
O07898,2025-04-03,P064,C0829,WH-South,2,9772.25,19544.5,Delivered,2025-04-12,2025,4,April,1
O07899,2026-05-22,P028,C0672,WH-North,9,1732.59,15593.31,Delivered,2026-05-24,2026,5,May,1
O07900,2026-06-13,P087,C0157,WH-North,3,6619.57,19858.71,Returned,2026-06-23,2026,6,June,0
O07901,2025-09-22,P036,C0226,WH-South,6,9014.91,54089.46,Delivered,2025-10-01,2025,9,September,1
O07902,2025-10-19,P006,C0833,WH-South,5,716.9,3584.5,Delivered,2025-10-22,2025,10,October,1
O07903,2026-04-09,P011,C0655,WH-South,14,11449.02,160286.28,Delivered,2026-04-19,2026,4,April,1
O07904,2025-04-07,P038,C0394,WH-West,13,9847.32,128015.16,Delivered,2025-04-12,2025,4,April,1
O07905,2025-04-05,P034,C0266,WH-North,15,7873.1,118096.5,Delivered,2025-04-12,2025,4,April,1
O07906,2025-11-22,P081,C0266,WH-West,2,8788.43,17576.86,Delivered,2025-11-25,2025,11,November,1
O07907,2025-03-15,P067,C0549,WH-East,1,3626.7,3626.7,Delivered,2025-03-20,2025,3,March,1
O07908,2025-12-02,P046,C0288,WH-East,9,2032.34,18291.06,Delivered,2025-12-05,2025,12,December,1
O07909,2025-03-09,P098,C0292,WH-East,3,2843.84,8531.52,Delivered,2025-03-19,2025,3,March,1
O07910,2025-03-18,P086,C0320,WH-East,7,3132.13,21924.91,Delivered,2025-03-28,2025,3,March,1
O07911,2025-07-27,P029,C0473,WH-West,9,7630.58,68675.22,Delivered,2025-08-02,2025,7,July,1
O07912,2025-08-09,P060,C0399,WH-East,9,1239.87,11158.83,Delivered,2025-08-13,2025,8,August,1
O07913,2025-09-19,P054,C0073,WH-South,12,5559.97,66719.64,Delivered,2025-09-23,2025,9,September,1
O07914,2026-02-14,P093,C0528,WH-East,10,11181.17,111811.7,Delivered,2026-02-16,2026,2,February,1
O07915,2025-11-27,P069,C0873,WH-South,6,7876.01,47256.06,Delivered,2025-12-06,2025,11,November,1
O07916,2025-12-10,P074,C0083,WH-West,8,8610.83,68886.64,Delivered,2025-12-14,2025,12,December,1
O07917,2025-03-15,P074,C0174,WH-North,9,8610.83,77497.47,Delivered,2025-03-20,2025,3,March,1
O07918,2025-09-11,P009,C0890,WH-North,3,6820.58,20461.74,Delivered,2025-09-14,2025,9,September,1
O07919,2025-11-28,P085,C0428,WH-East,6,1090.03,6540.18,Delivered,2025-12-07,2025,11,November,1
O07920,2026-02-02,P077,C0588,WH-North,5,12073.98,60369.9,Delivered,2026-02-06,2026,2,February,1
O07921,2025-12-11,P010,C0291,WH-South,7,8992.72,62949.04,Delivered,2025-12-14,2025,12,December,1
O07922,2026-03-31,P075,C0381,WH-East,7,4757.22,33300.54,Delivered,2026-04-02,2026,3,March,1
O07923,2025-04-25,P068,C0563,WH-East,9,7862.75,70764.75,Delivered,2025-04-28,2025,4,April,1
O07924,2025-11-09,P058,C0363,WH-South,1,3596.21,3596.21,Delivered,2025-11-12,2025,11,November,1
O07925,2025-08-16,P095,C0186,WH-South,6,5427.18,32563.08,Delivered,2025-08-21,2025,8,August,1
O07926,2025-09-02,P052,C0005,WH-West,5,2109.04,10545.2,Delivered,2025-09-04,2025,9,September,1
O07927,2026-06-10,P034,C0934,WH-South,4,7873.1,31492.4,Delivered,2026-06-12,2026,6,June,1
O07928,2026-06-12,P035,C0262,WH-West,10,10862.84,108628.4,Delivered,2026-06-19,2026,6,June,1
O07929,2026-03-03,P033,C0179,WH-East,12,7876.29,94515.48,Returned,2026-03-09,2026,3,March,0
O07930,2025-02-11,P072,C0142,WH-North,11,7933.68,87270.48,Delivered,2025-02-13,2025,2,February,1
O07931,2026-04-10,P032,C0944,WH-North,14,8387.44,117424.16,Delivered,2026-04-17,2026,4,April,1
O07932,2025-10-05,P055,C0268,WH-West,1,1487.11,1487.11,Cancelled,Unknown,2025,10,October,0
O07933,2025-01-19,P097,C0626,WH-North,4,7927.96,31711.84,Delivered,2025-01-25,2025,1,January,1
O07934,2025-03-07,P008,C0470,WH-North,10,7685.98,76859.8,Delivered,2025-03-11,2025,3,March,1
O07935,2025-06-16,P046,C0692,WH-East,11,2032.34,22355.74,Delivered,2025-06-20,2025,6,June,1
O07936,2026-02-07,P014,C0882,WH-West,7,8215.45,57508.15,Cancelled,Unknown,2026,2,February,0
O07937,2026-02-13,P098,C0068,WH-South,4,2843.84,11375.36,Delivered,2026-02-23,2026,2,February,1
O07938,2025-04-22,P008,C0107,WH-North,1,7685.98,7685.98,Delivered,2025-05-02,2025,4,April,1
O07939,2025-10-01,P071,C0571,WH-East,10,4401.72,44017.2,Delivered,2025-10-09,2025,10,October,1
O07940,2026-02-11,P077,C0786,WH-East,1,12073.98,12073.98,Delivered,2026-02-13,2026,2,February,1
O07941,2026-01-08,P054,C0437,WH-North,1,5559.97,5559.97,Delivered,2026-01-10,2026,1,January,1
O07942,2025-02-08,P021,C0031,WH-South,11,2945.59,32401.49,Delivered,2025-02-13,2025,2,February,1
O07943,2025-04-15,P096,C0547,WH-South,10,6299.54,62995.4,Delivered,2025-04-18,2025,4,April,1
O07944,2025-11-20,P075,C0772,WH-West,5,4757.22,23786.1,Delivered,2025-11-24,2025,11,November,1
O07945,2026-02-18,P014,C0521,WH-West,7,8215.45,57508.15,Processing,2026-02-21,2026,2,February,0
O07946,2026-03-05,P075,C0621,WH-West,9,4757.22,42814.98,Delivered,2026-03-07,2026,3,March,1
O07947,2025-03-02,P002,C0655,WH-East,8,9662.88,77303.04,Delivered,2025-03-06,2025,3,March,1
O07948,2025-11-03,P098,C0042,WH-South,2,2843.84,5687.68,Delivered,2025-11-11,2025,11,November,1
O07949,2025-12-20,P061,C0187,WH-West,9,9046.33,81416.97,Delivered,2025-12-30,2025,12,December,1
O07950,2026-01-28,P017,C0597,WH-East,4,8360.81,33443.24,Delivered,2026-02-07,2026,1,January,1
O07951,2025-07-23,P078,C0864,WH-South,12,8749.35,104992.2,Delivered,2025-08-01,2025,7,July,1
O07952,2025-09-15,P089,C0713,WH-North,10,5210.42,52104.2,Delivered,2025-09-22,2025,9,September,1
O07953,2026-05-01,P048,C0880,WH-West,15,8206.14,123092.1,Delivered,2026-05-03,2026,5,May,1
O07954,2026-06-01,P091,C0800,WH-West,11,3806.53,41871.83,Delivered,2026-06-10,2026,6,June,1
O07955,2026-03-22,P008,C0848,WH-South,5,7685.98,38429.9,Delivered,2026-03-31,2026,3,March,1
O07956,2025-06-29,P056,C0301,WH-North,12,888.53,10662.36,Delivered,2025-07-09,2025,6,June,1
O07957,2025-12-08,P017,C0261,WH-North,11,8360.81,91968.91,Delivered,2025-12-15,2025,12,December,1
O07958,2025-05-13,P069,C0490,WH-East,5,7876.01,39380.05,Delivered,2025-05-17,2025,5,May,1
O07959,2026-03-19,P012,C0671,WH-West,4,3219.93,12879.72,Delivered,2026-03-26,2026,3,March,1
O07960,2025-09-10,P038,C0665,WH-North,13,9847.32,128015.16,Cancelled,Unknown,2025,9,September,0
O07961,2025-09-22,P018,C0696,WH-East,6,6842.11,41052.66,Delivered,2025-09-30,2025,9,September,1
O07962,2025-04-03,P026,C0257,WH-West,1,8058.43,8058.43,Delivered,2025-04-12,2025,4,April,1
O07963,2026-02-15,P095,C0829,WH-West,2,5427.18,10854.36,Delivered,2026-02-19,2026,2,February,1
O07964,2025-05-18,P037,C0067,WH-West,4,2141.55,8566.2,Delivered,2025-05-27,2025,5,May,1
O07965,2025-07-27,P070,C0725,WH-West,4,2886.35,11545.4,Delivered,2025-08-02,2025,7,July,1
O07966,2025-11-03,P041,C0220,WH-North,8,10031.16,80249.28,Delivered,2025-11-11,2025,11,November,1
O07967,2025-09-23,P079,C0323,WH-North,9,8889.27,80003.43,Delivered,2025-09-28,2025,9,September,1
O07968,2025-11-14,P042,C0938,WH-North,12,4932.36,59188.32,Cancelled,Unknown,2025,11,November,0
O07969,2025-04-23,P090,C0864,WH-South,4,2450.87,9803.48,Cancelled,Unknown,2025,4,April,0
O07970,2026-01-13,P076,C0736,WH-South,6,2781.69,16690.14,Delivered,2026-01-23,2026,1,January,1
O07971,2026-03-30,P041,C0606,WH-West,4,10031.16,40124.64,Delivered,2026-04-04,2026,3,March,1
O07972,2025-07-10,P047,C0059,WH-North,4,9554.1,38216.4,Delivered,2025-07-20,2025,7,July,1
O07973,2026-03-16,P014,C0178,WH-East,12,8215.45,98585.4,Delivered,2026-03-20,2026,3,March,1
O07974,2025-07-06,P001,C0461,WH-North,11,2324.33,25567.63,Delivered,2025-07-13,2025,7,July,1
O07975,2026-01-02,P017,C0290,WH-East,12,8360.81,100329.72,Delivered,2026-01-08,2026,1,January,1
O07976,2025-03-30,P097,C0112,WH-West,9,7927.96,71351.64,Delivered,2025-04-09,2025,3,March,1
O07977,2025-07-06,P055,C0324,WH-West,14,1487.11,20819.54,Delivered,2025-07-13,2025,7,July,1
O07978,2025-05-12,P093,C0182,WH-West,4,11181.17,44724.68,Delivered,2025-05-15,2025,5,May,1
O07979,2026-01-11,P053,C0466,WH-North,13,8550.49,111156.37,Delivered,2026-01-16,2026,1,January,1
O07980,2025-04-09,P031,C0224,WH-North,6,1882.62,11295.72,Delivered,2025-04-15,2025,4,April,1
O07981,2025-02-03,P062,C0398,WH-East,14,11436.7,160113.8,Delivered,2025-02-13,2025,2,February,1
O07982,2025-06-20,P008,C0160,WH-East,13,7685.98,99917.74,Delivered,2025-06-22,2025,6,June,1
O07983,2026-01-01,P030,C0454,WH-South,9,6989.65,62906.85,Delivered,2026-01-11,2026,1,January,1
O07984,2025-02-28,P077,C0363,WH-West,3,12073.98,36221.94,Delivered,2025-03-02,2025,2,February,1
O07985,2025-06-30,P080,C0849,WH-East,7,6733.38,47133.66,Delivered,2025-07-02,2025,6,June,1
O07986,2025-01-19,P066,C0776,WH-North,7,9296.31,65074.17,Delivered,2025-01-24,2025,1,January,1
O07987,2025-08-14,P045,C0675,WH-East,1,11503.77,11503.77,Delivered,2025-08-21,2025,8,August,1
O07988,2026-04-18,P018,C0792,WH-South,11,6842.11,75263.21,Delivered,2026-04-21,2026,4,April,1
O07989,2025-04-05,P099,C0003,WH-North,2,1477.4,2954.8,Returned,2025-04-07,2025,4,April,0
O07990,2025-10-24,P045,C0593,WH-North,5,11503.77,57518.85,Delivered,2025-10-29,2025,10,October,1
O07991,2025-06-24,P019,C0804,WH-North,8,6267.38,50139.04,Delivered,2025-07-03,2025,6,June,1
O07992,2025-08-10,P077,C0691,WH-East,6,12073.98,72443.88,Delivered,2025-08-17,2025,8,August,1
O07993,2025-02-23,P068,C0360,WH-West,14,7862.75,110078.5,Delivered,2025-03-01,2025,2,February,1
O07994,2026-02-07,P083,C0849,WH-West,14,1377.9,19290.6,Delivered,2026-02-09,2026,2,February,1
O07995,2025-11-14,P050,C0953,WH-West,13,1973.84,25659.92,Delivered,2025-11-18,2025,11,November,1
O07996,2025-12-15,P025,C0315,WH-West,13,2564.25,33335.25,Delivered,2025-12-23,2025,12,December,1
O07997,2026-03-19,P038,C0606,WH-West,7,9847.32,68931.24,Delivered,2026-03-23,2026,3,March,1
O07998,2026-06-24,P095,C0729,WH-North,15,5427.18,81407.7,Delivered,2026-06-30,2026,6,June,1
O07999,2025-10-09,P036,C0022,WH-North,15,9014.91,135223.65,Delivered,2025-10-16,2025,10,October,1
O08000,2025-12-26,P068,C0421,WH-East,3,7862.75,23588.25,Delivered,2026-01-05,2025,12,December,1
O08001,2025-01-08,P056,C0971,WH-North,6,888.53,5331.18,Delivered,2025-01-12,2025,1,January,1
O08002,2026-05-06,P039,C0126,WH-East,9,2741.34,24672.06,Delivered,2026-05-13,2026,5,May,1
O08003,2025-12-07,P063,C0780,WH-East,3,6119.08,18357.24,Delivered,2025-12-10,2025,12,December,1
O08004,2026-04-17,P007,C0405,WH-South,14,11389.37,159451.18,Delivered,2026-04-27,2026,4,April,1
O08005,2025-09-06,P058,C0655,WH-North,13,3596.21,46750.73,Delivered,2025-09-16,2025,9,September,1
O08006,2025-08-23,P080,C0268,WH-East,13,6733.38,87533.94,Delivered,2025-08-31,2025,8,August,1
O08007,2025-03-24,P059,C0854,WH-West,13,722.03,9386.39,Delivered,2025-04-03,2025,3,March,1
O08008,2025-04-03,P048,C0615,WH-West,6,8206.14,49236.84,Delivered,2025-04-08,2025,4,April,1
O08009,2026-01-29,P005,C0568,WH-South,7,5461.2,38228.4,Delivered,2026-01-31,2026,1,January,1
O08010,2025-09-25,P087,C0739,WH-East,5,6619.57,33097.85,Delivered,2025-09-27,2025,9,September,1
O08011,2026-02-21,P036,C0106,WH-North,10,9014.91,90149.1,Delivered,2026-02-24,2026,2,February,1
O08012,2026-06-13,P096,C0656,WH-West,13,6299.54,81894.02,Delivered,2026-06-17,2026,6,June,1
O08013,2025-09-10,P088,C0545,WH-West,8,7327.81,58622.48,Delivered,2025-09-13,2025,9,September,1
O08014,2025-05-02,P025,C0629,WH-South,8,2564.25,20514.0,Delivered,2025-05-07,2025,5,May,1
O08015,2025-01-10,P045,C0171,WH-West,6,11503.77,69022.62,Delivered,2025-01-19,2025,1,January,1
O08016,2025-11-12,P092,C0305,WH-East,7,9918.59,69430.13,Delivered,2025-11-16,2025,11,November,1
O08017,2025-09-30,P019,C0334,WH-South,3,6267.38,18802.14,Delivered,2025-10-05,2025,9,September,1
O08018,2025-11-02,P007,C0018,WH-West,13,11389.37,148061.81,Returned,2025-11-05,2025,11,November,0
O08019,2025-07-29,P058,C0748,WH-North,7,3596.21,25173.47,Delivered,2025-07-31,2025,7,July,1
O08020,2026-04-09,P081,C0400,WH-East,7,8788.43,61519.01,Delivered,2026-04-18,2026,4,April,1
O08021,2026-02-20,P066,C0168,WH-West,4,9296.31,37185.24,Delivered,2026-02-28,2026,2,February,1
O08022,2025-08-04,P080,C0963,WH-North,10,6733.38,67333.8,Delivered,2025-08-07,2025,8,August,1
O08023,2025-03-21,P039,C0875,WH-East,14,2741.34,38378.76,Returned,2025-03-30,2025,3,March,0
O08024,2026-04-25,P018,C0958,WH-West,13,6842.11,88947.43,Delivered,2026-04-29,2026,4,April,1
O08025,2025-01-18,P001,C0858,WH-South,4,2324.33,9297.32,Cancelled,Unknown,2025,1,January,0
O08026,2025-06-14,P063,C0335,WH-North,14,6119.08,85667.12,Delivered,2025-06-16,2025,6,June,1
O08027,2026-06-09,P003,C0868,WH-West,3,8874.43,26623.29,Delivered,2026-06-13,2026,6,June,1
O08028,2025-07-21,P021,C0155,WH-South,10,2945.59,29455.9,Delivered,2025-07-31,2025,7,July,1
O08029,2025-12-12,P030,C0752,WH-East,7,6989.65,48927.55,Cancelled,Unknown,2025,12,December,0
O08030,2026-01-01,P011,C0630,WH-East,5,11449.02,57245.1,Cancelled,Unknown,2026,1,January,0
O08031,2026-03-24,P022,C0376,WH-North,3,9065.34,27196.02,Processing,2026-03-31,2026,3,March,0
O08032,2026-05-28,P057,C0895,WH-North,6,919.99,5519.94,Delivered,2026-05-30,2026,5,May,1
O08033,2025-11-15,P089,C0081,WH-East,12,5210.42,62525.04,Delivered,2025-11-17,2025,11,November,1
O08034,2025-08-05,P003,C0910,WH-South,6,8874.43,53246.58,Delivered,2025-08-08,2025,8,August,1
O08035,2025-02-03,P030,C0450,WH-East,6,6989.65,41937.9,Delivered,2025-02-07,2025,2,February,1
O08036,2025-09-23,P088,C0923,WH-West,2,7327.81,14655.62,Delivered,2025-09-26,2025,9,September,1
O08037,2025-03-21,P045,C0310,WH-West,13,11503.77,149549.01,Delivered,2025-03-30,2025,3,March,1
O08038,2026-02-17,P036,C0856,WH-South,11,9014.91,99164.01,Delivered,2026-02-24,2026,2,February,1
O08039,2025-09-09,P087,C0956,WH-West,10,6619.57,66195.7,Delivered,2025-09-11,2025,9,September,1
O08040,2025-01-12,P072,C0680,WH-West,12,7933.68,95204.16,Returned,2025-01-19,2025,1,January,0
O08041,2026-02-05,P064,C0685,WH-North,7,9772.25,68405.75,Delivered,2026-02-07,2026,2,February,1
O08042,2025-10-09,P054,C0355,WH-West,13,5559.97,72279.61,Delivered,2025-10-19,2025,10,October,1
O08043,2025-04-22,P068,C0324,WH-South,7,7862.75,55039.25,Delivered,2025-04-26,2025,4,April,1
O08044,2026-01-13,P050,C0730,WH-East,10,1973.84,19738.4,Delivered,2026-01-15,2026,1,January,1
O08045,2025-09-25,P031,C0228,WH-South,12,1882.62,22591.44,Delivered,2025-09-27,2025,9,September,1
O08046,2025-10-25,P029,C0964,WH-North,4,7630.58,30522.32,Delivered,2025-10-28,2025,10,October,1
O08047,2025-11-13,P059,C0191,WH-South,11,722.03,7942.33,Delivered,2025-11-20,2025,11,November,1
O08048,2026-05-24,P036,C0738,WH-East,6,9014.91,54089.46,Delivered,2026-05-26,2026,5,May,1
O08049,2026-06-30,P077,C0973,WH-East,4,12073.98,48295.92,Delivered,2026-07-08,2026,6,June,1
O08050,2025-12-31,P073,C0680,WH-South,4,5286.08,21144.32,Delivered,2026-01-05,2025,12,December,1
O08051,2025-09-28,P085,C0297,WH-East,6,1090.03,6540.18,Delivered,2025-10-06,2025,9,September,1
O08052,2026-04-19,P067,C0189,WH-North,9,3626.7,32640.3,Delivered,2026-04-24,2026,4,April,1
O08053,2026-06-21,P089,C0193,WH-South,12,5210.42,62525.04,Delivered,2026-06-26,2026,6,June,1
O08054,2025-08-22,P089,C0513,WH-West,13,5210.42,67735.46,Delivered,2025-08-27,2025,8,August,1
O08055,2025-02-28,P076,C0009,WH-South,15,2781.69,41725.35,Delivered,2025-03-09,2025,2,February,1
O08056,2025-09-08,P093,C0587,WH-West,7,11181.17,78268.19,Delivered,2025-09-11,2025,9,September,1
O08057,2025-03-27,P011,C0848,WH-West,2,11449.02,22898.04,Delivered,2025-04-05,2025,3,March,1
O08058,2026-01-25,P011,C0861,WH-South,14,11449.02,160286.28,Cancelled,Unknown,2026,1,January,0
O08059,2025-06-29,P026,C0996,WH-East,6,8058.43,48350.58,Delivered,2025-07-07,2025,6,June,1
O08060,2025-05-29,P053,C0143,WH-West,14,8550.49,119706.86,Returned,2025-06-06,2025,5,May,0
O08061,2025-05-01,P014,C0827,WH-West,5,8215.45,41077.25,Cancelled,Unknown,2025,5,May,0
O08062,2025-09-13,P064,C0487,WH-South,6,9772.25,58633.5,Delivered,2025-09-18,2025,9,September,1
O08063,2025-11-05,P080,C0194,WH-West,13,6733.38,87533.94,Delivered,2025-11-11,2025,11,November,1
O08064,2025-02-28,P010,C0522,WH-South,8,8992.72,71941.76,Delivered,2025-03-02,2025,2,February,1
O08065,2025-03-10,P031,C0433,WH-West,8,1882.62,15060.96,Delivered,2025-03-13,2025,3,March,1
O08066,2026-03-22,P095,C0139,WH-West,15,5427.18,81407.7,Delivered,2026-03-30,2026,3,March,1
O08067,2026-01-23,P036,C0030,WH-South,3,9014.91,27044.73,Delivered,2026-01-26,2026,1,January,1
O08068,2025-03-27,P010,C0279,WH-South,9,8992.72,80934.48,Cancelled,Unknown,2025,3,March,0
O08069,2025-08-15,P026,C0790,WH-North,6,8058.43,48350.58,Delivered,2025-08-23,2025,8,August,1
O08070,2025-07-03,P020,C0947,WH-East,7,2297.9,16085.3,Delivered,2025-07-12,2025,7,July,1
O08071,2025-11-18,P044,C0042,WH-North,9,3533.01,31797.09,Delivered,2025-11-23,2025,11,November,1
O08072,2025-11-14,P062,C0228,WH-South,15,11436.7,171550.5,Processing,2025-11-16,2025,11,November,0
O08073,2026-02-03,P073,C0797,WH-West,14,5286.08,74005.12,Delivered,2026-02-11,2026,2,February,1
O08074,2025-10-20,P079,C0941,WH-East,13,8889.27,115560.51,Delivered,2025-10-22,2025,10,October,1
O08075,2025-10-20,P009,C0480,WH-South,7,6820.58,47744.06,Delivered,2025-10-28,2025,10,October,1
O08076,2026-04-30,P071,C0417,WH-North,10,4401.72,44017.2,Delivered,2026-05-10,2026,4,April,1
O08077,2026-03-23,P090,C0935,WH-West,9,2450.87,22057.83,Returned,2026-03-29,2026,3,March,0
O08078,2026-02-16,P024,C0201,WH-West,1,5645.0,5645.0,Delivered,2026-02-19,2026,2,February,1
O08079,2026-05-23,P012,C0321,WH-South,13,3219.93,41859.09,Delivered,2026-05-25,2026,5,May,1
O08080,2025-09-01,P060,C0722,WH-West,1,1239.87,1239.87,Delivered,2025-09-10,2025,9,September,1
O08081,2026-02-24,P084,C0690,WH-North,3,9567.6,28702.8,Cancelled,Unknown,2026,2,February,0
O08082,2025-06-03,P078,C0368,WH-West,13,8749.35,113741.55,Delivered,2025-06-12,2025,6,June,1
O08083,2026-02-28,P086,C0598,WH-North,9,3132.13,28189.17,Delivered,2026-03-03,2026,2,February,1
O08084,2025-09-30,P016,C0560,WH-West,1,6037.0,6037.0,Delivered,2025-10-04,2025,9,September,1
O08085,2026-06-04,P029,C0805,WH-East,1,7630.58,7630.58,Delivered,2026-06-08,2026,6,June,1
O08086,2025-05-08,P032,C0718,WH-South,5,8387.44,41937.2,Delivered,2025-05-13,2025,5,May,1
O08087,2026-01-08,P083,C0854,WH-South,8,1377.9,11023.2,Delivered,2026-01-18,2026,1,January,1
O08088,2025-06-08,P035,C0929,WH-West,2,10862.84,21725.68,Delivered,2025-06-18,2025,6,June,1
O08089,2025-06-25,P043,C0902,WH-South,4,7218.47,28873.88,Delivered,2025-07-01,2025,6,June,1
O08090,2025-07-30,P096,C0859,WH-East,15,6299.54,94493.1,Delivered,2025-08-07,2025,7,July,1
O08091,2026-03-23,P053,C0326,WH-North,6,8550.49,51302.94,Delivered,2026-04-02,2026,3,March,1
O08092,2025-06-16,P020,C0823,WH-East,15,2297.9,34468.5,Delivered,2025-06-18,2025,6,June,1
O08093,2026-04-05,P084,C0940,WH-East,1,9567.6,9567.6,Delivered,2026-04-08,2026,4,April,1
O08094,2025-12-23,P008,C0818,WH-North,15,7685.98,115289.7,Delivered,2025-12-30,2025,12,December,1
O08095,2025-10-31,P099,C0310,WH-South,4,1477.4,5909.6,Delivered,2025-11-04,2025,10,October,1
O08096,2025-08-21,P042,C0703,WH-North,4,4932.36,19729.44,Delivered,2025-08-29,2025,8,August,1
O08097,2025-11-23,P077,C0361,WH-North,9,12073.98,108665.82,Delivered,2025-11-29,2025,11,November,1
O08098,2025-07-01,P070,C0528,WH-North,9,2886.35,25977.15,Delivered,2025-07-10,2025,7,July,1
O08099,2025-11-30,P016,C0640,WH-South,6,6037.0,36222.0,Delivered,2025-12-02,2025,11,November,1
O08100,2025-01-29,P069,C0303,WH-North,8,7876.01,63008.08,Delivered,2025-02-08,2025,1,January,1
O08101,2025-04-03,P053,C0697,WH-East,12,8550.49,102605.88,Delivered,2025-04-10,2025,4,April,1
O08102,2025-11-26,P045,C0642,WH-North,10,11503.77,115037.7,Returned,2025-12-02,2025,11,November,0
O08103,2025-07-03,P051,C0677,WH-North,4,506.74,2026.96,Processing,2025-07-12,2025,7,July,0
O08104,2025-04-05,P098,C0605,WH-West,10,2843.84,28438.4,Processing,2025-04-10,2025,4,April,0
O08105,2025-12-19,P006,C0279,WH-West,8,716.9,5735.2,Delivered,2025-12-29,2025,12,December,1
O08106,2025-09-22,P033,C0725,WH-East,15,7876.29,118144.35,Returned,2025-09-28,2025,9,September,0
O08107,2025-01-19,P079,C0653,WH-South,3,8889.27,26667.81,Delivered,2025-01-21,2025,1,January,1
O08108,2026-05-14,P015,C0627,WH-West,2,10925.43,21850.86,Delivered,2026-05-23,2026,5,May,1
O08109,2025-05-19,P014,C0321,WH-East,6,8215.45,49292.7,Delivered,2025-05-29,2025,5,May,1
O08110,2026-06-09,P039,C0477,WH-West,5,2741.34,13706.7,Delivered,2026-06-15,2026,6,June,1
O08111,2025-09-12,P063,C0304,WH-West,8,6119.08,48952.64,Processing,2025-09-18,2025,9,September,0
O08112,2025-03-26,P005,C0519,WH-South,15,5461.2,81918.0,Delivered,2025-04-02,2025,3,March,1
O08113,2026-04-03,P090,C0927,WH-South,1,2450.87,2450.87,Returned,2026-04-13,2026,4,April,0
O08114,2026-06-16,P081,C0959,WH-West,11,8788.43,96672.73,Delivered,2026-06-22,2026,6,June,1
O08115,2025-04-02,P052,C0941,WH-West,12,2109.04,25308.48,Returned,2025-04-05,2025,4,April,0
O08116,2025-03-10,P016,C0056,WH-South,10,6037.0,60370.0,Delivered,2025-03-14,2025,3,March,1
O08117,2025-02-06,P099,C0192,WH-South,3,1477.4,4432.2,Delivered,2025-02-10,2025,2,February,1
O08118,2025-05-20,P038,C0022,WH-East,7,9847.32,68931.24,Delivered,2025-05-30,2025,5,May,1
O08119,2025-06-27,P053,C0831,WH-West,13,8550.49,111156.37,Delivered,2025-07-06,2025,6,June,1
O08120,2025-05-17,P087,C0080,WH-South,10,6619.57,66195.7,Delivered,2025-05-24,2025,5,May,1
O08121,2025-07-09,P077,C0284,WH-West,14,12073.98,169035.72,Delivered,2025-07-15,2025,7,July,1
O08122,2025-12-08,P097,C0428,WH-East,12,7927.96,95135.52,Delivered,2025-12-11,2025,12,December,1
O08123,2025-01-05,P093,C0103,WH-North,4,11181.17,44724.68,Delivered,2025-01-15,2025,1,January,1
O08124,2025-09-14,P053,C0729,WH-West,10,8550.49,85504.9,Delivered,2025-09-23,2025,9,September,1
O08125,2025-08-31,P046,C0142,WH-East,5,2032.34,10161.7,Delivered,2025-09-06,2025,8,August,1
O08126,2026-02-19,P098,C0597,WH-North,8,2843.84,22750.72,Delivered,2026-02-26,2026,2,February,1
O08127,2025-12-09,P098,C0403,WH-West,1,2843.84,2843.84,Delivered,2025-12-19,2025,12,December,1
O08128,2026-01-14,P091,C0956,WH-East,1,3806.53,3806.53,Returned,2026-01-16,2026,1,January,0
O08129,2025-05-26,P015,C0589,WH-North,12,10925.43,131105.16,Delivered,2025-05-31,2025,5,May,1
O08130,2025-11-19,P059,C0770,WH-East,7,722.03,5054.21,Delivered,2025-11-25,2025,11,November,1
O08131,2025-05-02,P050,C0819,WH-East,15,1973.84,29607.6,Delivered,2025-05-12,2025,5,May,1
O08132,2025-09-09,P009,C0740,WH-East,13,6820.58,88667.54,Delivered,2025-09-15,2025,9,September,1
O08133,2025-11-07,P026,C0590,WH-East,12,8058.43,96701.16,Delivered,2025-11-13,2025,11,November,1
O08134,2026-04-20,P003,C0162,WH-North,9,8874.43,79869.87,Delivered,2026-04-24,2026,4,April,1
O08135,2026-05-07,P100,C0594,WH-South,4,6160.6,24642.4,Delivered,2026-05-16,2026,5,May,1
O08136,2025-12-13,P047,C0216,WH-East,8,9554.1,76432.8,Processing,2025-12-21,2025,12,December,0
O08137,2026-05-02,P005,C0478,WH-North,10,5461.2,54612.0,Delivered,2026-05-11,2026,5,May,1
O08138,2026-04-18,P062,C0563,WH-East,15,11436.7,171550.5,Processing,2026-04-23,2026,4,April,0
O08139,2026-01-17,P084,C0915,WH-West,7,9567.6,66973.2,Delivered,2026-01-26,2026,1,January,1
O08140,2025-10-07,P084,C0676,WH-West,14,9567.6,133946.4,Delivered,2025-10-12,2025,10,October,1
O08141,2025-03-13,P005,C0251,WH-South,2,5461.2,10922.4,Delivered,2025-03-15,2025,3,March,1
O08142,2026-06-05,P010,C0725,WH-North,14,8992.72,125898.08,Delivered,2026-06-10,2026,6,June,1
O08143,2026-01-01,P080,C0723,WH-West,5,6733.38,33666.9,Delivered,2026-01-07,2026,1,January,1
O08144,2025-04-04,P063,C0886,WH-North,9,6119.08,55071.72,Delivered,2025-04-13,2025,4,April,1
O08145,2026-01-08,P025,C0410,WH-West,13,2564.25,33335.25,Delivered,2026-01-15,2026,1,January,1
O08146,2025-12-05,P044,C0675,WH-North,13,3533.01,45929.13,Delivered,2025-12-11,2025,12,December,1
O08147,2026-03-13,P025,C0319,WH-East,9,2564.25,23078.25,Delivered,2026-03-17,2026,3,March,1
O08148,2025-12-02,P030,C0872,WH-East,3,6989.65,20968.95,Delivered,2025-12-07,2025,12,December,1
O08149,2026-05-07,P014,C0388,WH-West,11,8215.45,90369.95,Delivered,2026-05-14,2026,5,May,1
O08150,2025-02-09,P086,C0085,WH-South,12,3132.13,37585.56,Delivered,2025-02-16,2025,2,February,1
O08151,2025-12-25,P043,C0515,WH-West,3,7218.47,21655.41,Delivered,2026-01-01,2025,12,December,1
O08152,2025-09-11,P028,C0005,WH-West,2,1732.59,3465.18,Delivered,2025-09-14,2025,9,September,1
O08153,2026-02-02,P094,C0235,WH-South,7,9560.46,66923.22,Delivered,2026-02-11,2026,2,February,1
O08154,2025-06-19,P019,C0413,WH-East,6,6267.38,37604.28,Delivered,2025-06-28,2025,6,June,1
O08155,2026-05-26,P042,C0375,WH-East,15,4932.36,73985.4,Delivered,2026-06-02,2026,5,May,1
O08156,2025-09-17,P020,C0275,WH-West,5,2297.9,11489.5,Delivered,2025-09-22,2025,9,September,1
O08157,2026-04-04,P099,C0371,WH-North,7,1477.4,10341.8,Delivered,2026-04-07,2026,4,April,1
O08158,2026-06-13,P086,C0913,WH-West,4,3132.13,12528.52,Delivered,2026-06-20,2026,6,June,1
O08159,2025-12-07,P079,C0802,WH-East,5,8889.27,44446.35,Delivered,2025-12-14,2025,12,December,1
O08160,2025-02-26,P011,C0532,WH-North,9,11449.02,103041.18,Delivered,2025-03-02,2025,2,February,1
O08161,2025-08-06,P054,C0924,WH-South,15,5559.97,83399.55,Delivered,2025-08-09,2025,8,August,1
O08162,2026-04-09,P098,C0841,WH-East,11,2843.84,31282.24,Delivered,2026-04-14,2026,4,April,1
O08163,2025-09-04,P024,C0707,WH-South,9,5645.0,50805.0,Delivered,2025-09-13,2025,9,September,1
O08164,2026-01-08,P070,C0394,WH-East,4,2886.35,11545.4,Delivered,2026-01-14,2026,1,January,1
O08165,2026-02-21,P017,C0661,WH-East,6,8360.81,50164.86,Delivered,2026-02-25,2026,2,February,1
O08166,2025-01-31,P028,C0628,WH-North,2,1732.59,3465.18,Delivered,2025-02-06,2025,1,January,1
O08167,2026-01-03,P050,C0004,WH-East,3,1973.84,5921.52,Delivered,2026-01-13,2026,1,January,1
O08168,2025-04-18,P095,C0534,WH-West,9,5427.18,48844.62,Delivered,2025-04-27,2025,4,April,1
O08169,2026-02-22,P100,C0839,WH-South,6,6160.6,36963.6,Delivered,2026-03-02,2026,2,February,1
O08170,2026-02-02,P055,C0702,WH-East,8,1487.11,11896.88,Delivered,2026-02-07,2026,2,February,1
O08171,2025-09-29,P073,C0524,WH-West,15,5286.08,79291.2,Delivered,2025-10-02,2025,9,September,1
O08172,2025-04-26,P010,C0907,WH-South,11,8992.72,98919.92,Delivered,2025-05-06,2025,4,April,1
O08173,2025-09-13,P021,C0406,WH-West,5,2945.59,14727.95,Cancelled,Unknown,2025,9,September,0
O08174,2025-03-22,P058,C0413,WH-East,2,3596.21,7192.42,Delivered,2025-03-29,2025,3,March,1
O08175,2025-05-08,P034,C0189,WH-West,7,7873.1,55111.7,Delivered,2025-05-16,2025,5,May,1
O08176,2025-08-23,P095,C0317,WH-South,6,5427.18,32563.08,Returned,2025-08-27,2025,8,August,0
O08177,2025-06-30,P093,C0539,WH-South,11,11181.17,122992.87,Delivered,2025-07-04,2025,6,June,1
O08178,2025-06-06,P043,C0431,WH-South,15,7218.47,108277.05,Delivered,2025-06-10,2025,6,June,1
O08179,2026-03-30,P011,C0340,WH-East,2,11449.02,22898.04,Delivered,2026-04-03,2026,3,March,1
O08180,2025-01-24,P033,C0654,WH-North,6,7876.29,47257.74,Delivered,2025-01-28,2025,1,January,1
O08181,2026-04-18,P058,C0519,WH-West,13,3596.21,46750.73,Delivered,2026-04-26,2026,4,April,1
O08182,2026-02-04,P046,C0911,WH-South,8,2032.34,16258.72,Delivered,2026-02-10,2026,2,February,1
O08183,2025-05-14,P061,C0430,WH-South,13,9046.33,117602.29,Delivered,2025-05-19,2025,5,May,1
O08184,2026-02-25,P062,C0924,WH-North,1,11436.7,11436.7,Delivered,2026-03-04,2026,2,February,1
O08185,2025-08-01,P001,C0427,WH-South,4,2324.33,9297.32,Delivered,2025-08-10,2025,8,August,1
O08186,2026-04-27,P021,C0522,WH-South,1,2945.59,2945.59,Delivered,2026-04-30,2026,4,April,1
O08187,2025-12-14,P062,C0691,WH-East,2,11436.7,22873.4,Cancelled,Unknown,2025,12,December,0
O08188,2025-06-15,P064,C0515,WH-North,1,9772.25,9772.25,Delivered,2025-06-18,2025,6,June,1
O08189,2025-12-14,P087,C0972,WH-South,6,6619.57,39717.42,Delivered,2025-12-22,2025,12,December,1
O08190,2026-02-02,P073,C0973,WH-East,11,5286.08,58146.88,Delivered,2026-02-05,2026,2,February,1
O08191,2026-03-11,P056,C0615,WH-East,6,888.53,5331.18,Delivered,2026-03-17,2026,3,March,1
O08192,2025-08-09,P001,C0300,WH-East,1,2324.33,2324.33,Returned,2025-08-19,2025,8,August,0
O08193,2025-11-04,P021,C0054,WH-East,4,2945.59,11782.36,Delivered,2025-11-13,2025,11,November,1
O08194,2026-04-11,P022,C0162,WH-North,14,9065.34,126914.76,Delivered,2026-04-20,2026,4,April,1
O08195,2025-04-09,P054,C0449,WH-North,14,5559.97,77839.58,Delivered,2025-04-13,2025,4,April,1
O08196,2025-08-30,P004,C0742,WH-East,14,5647.39,79063.46,Delivered,2025-09-01,2025,8,August,1
O08197,2025-06-07,P065,C0857,WH-North,4,6932.91,27731.64,Delivered,2025-06-10,2025,6,June,1
O08198,2025-08-15,P051,C0211,WH-West,8,506.74,4053.92,Delivered,2025-08-23,2025,8,August,1
O08199,2026-02-27,P074,C0793,WH-West,6,8610.83,51664.98,Delivered,2026-03-04,2026,2,February,1
O08200,2025-03-13,P063,C0447,WH-East,2,6119.08,12238.16,Cancelled,Unknown,2025,3,March,0
O08201,2025-08-31,P015,C0070,WH-South,5,10925.43,54627.15,Delivered,2025-09-02,2025,8,August,1
O08202,2026-06-14,P036,C0301,WH-South,4,9014.91,36059.64,Delivered,2026-06-17,2026,6,June,1
O08203,2025-02-14,P029,C0068,WH-West,10,7630.58,76305.8,Delivered,2025-02-24,2025,2,February,1
O08204,2026-04-17,P052,C0794,WH-East,4,2109.04,8436.16,Processing,2026-04-24,2026,4,April,0
O08205,2026-01-06,P046,C0282,WH-West,12,2032.34,24388.08,Delivered,2026-01-14,2026,1,January,1
O08206,2025-04-02,P069,C0154,WH-West,8,7876.01,63008.08,Delivered,2025-04-08,2025,4,April,1
O08207,2025-01-22,P029,C0462,WH-South,5,7630.58,38152.9,Delivered,2025-02-01,2025,1,January,1
O08208,2025-06-21,P047,C0958,WH-West,3,9554.1,28662.3,Delivered,2025-06-27,2025,6,June,1
O08209,2025-07-11,P091,C0224,WH-East,10,3806.53,38065.3,Delivered,2025-07-18,2025,7,July,1
O08210,2025-03-18,P025,C0368,WH-South,12,2564.25,30771.0,Delivered,2025-03-28,2025,3,March,1
O08211,2025-10-08,P080,C0860,WH-South,15,6733.38,101000.7,Returned,2025-10-14,2025,10,October,0
O08212,2025-12-30,P016,C0189,WH-West,4,6037.0,24148.0,Delivered,2026-01-04,2025,12,December,1
O08213,2025-06-28,P100,C0386,WH-North,1,6160.6,6160.6,Delivered,2025-07-04,2025,6,June,1
O08214,2025-08-26,P089,C0041,WH-West,6,5210.42,31262.52,Delivered,2025-09-01,2025,8,August,1
O08215,2025-05-15,P041,C0685,WH-East,11,10031.16,110342.76,Delivered,2025-05-21,2025,5,May,1
O08216,2025-10-07,P065,C0981,WH-North,13,6932.91,90127.83,Returned,2025-10-09,2025,10,October,0
O08217,2025-01-19,P069,C0750,WH-East,15,7876.01,118140.15,Delivered,2025-01-25,2025,1,January,1
O08218,2026-01-06,P020,C0782,WH-South,10,2297.9,22979.0,Delivered,2026-01-12,2026,1,January,1
O08219,2025-04-22,P069,C0677,WH-East,4,7876.01,31504.04,Delivered,2025-04-24,2025,4,April,1
O08220,2025-08-09,P036,C0642,WH-East,6,9014.91,54089.46,Delivered,2025-08-14,2025,8,August,1
O08221,2025-10-31,P093,C0517,WH-East,2,11181.17,22362.34,Delivered,2025-11-09,2025,10,October,1
O08222,2025-11-21,P098,C0870,WH-West,5,2843.84,14219.2,Delivered,2025-11-26,2025,11,November,1
O08223,2026-03-13,P058,C0130,WH-West,11,3596.21,39558.31,Processing,2026-03-21,2026,3,March,0
O08224,2026-03-14,P048,C0897,WH-East,9,8206.14,73855.26,Cancelled,Unknown,2026,3,March,0
O08225,2025-06-19,P082,C0688,WH-West,8,7665.58,61324.64,Delivered,2025-06-25,2025,6,June,1
O08226,2026-01-10,P002,C0022,WH-South,3,9662.88,28988.64,Delivered,2026-01-20,2026,1,January,1
O08227,2026-01-16,P080,C0041,WH-South,1,6733.38,6733.38,Delivered,2026-01-25,2026,1,January,1
O08228,2025-01-14,P029,C0153,WH-North,10,7630.58,76305.8,Delivered,2025-01-20,2025,1,January,1
O08229,2026-05-15,P097,C0558,WH-West,3,7927.96,23783.88,Delivered,2026-05-23,2026,5,May,1
O08230,2026-01-26,P016,C0350,WH-West,8,6037.0,48296.0,Delivered,2026-02-05,2026,1,January,1
O08231,2026-06-14,P035,C0009,WH-East,11,10862.84,119491.24,Delivered,2026-06-22,2026,6,June,1
O08232,2026-05-07,P062,C0957,WH-North,3,11436.7,34310.1,Delivered,2026-05-11,2026,5,May,1
O08233,2026-01-20,P081,C0613,WH-South,5,8788.43,43942.15,Delivered,2026-01-26,2026,1,January,1
O08234,2025-07-15,P004,C0047,WH-South,2,5647.39,11294.78,Delivered,2025-07-25,2025,7,July,1
O08235,2025-10-27,P068,C0330,WH-East,15,7862.75,117941.25,Delivered,2025-11-06,2025,10,October,1
O08236,2025-11-04,P051,C0719,WH-West,1,506.74,506.74,Delivered,2025-11-13,2025,11,November,1
O08237,2025-09-09,P089,C0753,WH-East,11,5210.42,57314.62,Delivered,2025-09-16,2025,9,September,1
O08238,2025-01-08,P033,C0003,WH-North,10,7876.29,78762.9,Delivered,2025-01-16,2025,1,January,1
O08239,2025-07-27,P078,C0776,WH-South,15,8749.35,131240.25,Delivered,2025-08-04,2025,7,July,1
O08240,2025-05-11,P024,C0409,WH-North,14,5645.0,79030.0,Delivered,2025-05-13,2025,5,May,1
O08241,2025-01-26,P075,C0036,WH-South,5,4757.22,23786.1,Cancelled,Unknown,2025,1,January,0
O08242,2026-03-30,P025,C0811,WH-South,5,2564.25,12821.25,Delivered,2026-04-06,2026,3,March,1
O08243,2025-07-05,P028,C0243,WH-North,6,1732.59,10395.54,Delivered,2025-07-13,2025,7,July,1
O08244,2026-04-29,P007,C0750,WH-South,2,11389.37,22778.74,Delivered,2026-05-02,2026,4,April,1
O08245,2025-02-20,P036,C0434,WH-South,9,9014.91,81134.19,Delivered,2025-02-28,2025,2,February,1
O08246,2025-01-05,P010,C0831,WH-North,2,8992.72,17985.44,Delivered,2025-01-14,2025,1,January,1
O08247,2025-06-09,P036,C0981,WH-South,2,9014.91,18029.82,Delivered,2025-06-15,2025,6,June,1
O08248,2025-07-27,P095,C0418,WH-North,12,5427.18,65126.16,Delivered,2025-07-29,2025,7,July,1
O08249,2025-09-14,P083,C0219,WH-East,15,1377.9,20668.5,Delivered,2025-09-21,2025,9,September,1
O08250,2025-07-24,P018,C0201,WH-West,5,6842.11,34210.55,Delivered,2025-07-28,2025,7,July,1
O08251,2025-01-11,P006,C0394,WH-West,9,716.9,6452.1,Delivered,2025-01-17,2025,1,January,1
O08252,2025-01-08,P092,C0539,WH-West,4,9918.59,39674.36,Delivered,2025-01-18,2025,1,January,1
O08253,2026-02-13,P007,C0601,WH-South,6,11389.37,68336.22,Delivered,2026-02-21,2026,2,February,1
O08254,2025-02-01,P012,C0269,WH-North,2,3219.93,6439.86,Delivered,2025-02-10,2025,2,February,1
O08255,2026-06-24,P041,C0819,WH-West,14,10031.16,140436.24,Delivered,2026-07-01,2026,6,June,1
O08256,2026-01-22,P063,C0836,WH-South,13,6119.08,79548.04,Delivered,2026-02-01,2026,1,January,1
O08257,2025-08-16,P098,C0124,WH-South,4,2843.84,11375.36,Delivered,2025-08-20,2025,8,August,1
O08258,2026-04-20,P025,C0400,WH-North,15,2564.25,38463.75,Delivered,2026-04-22,2026,4,April,1
O08259,2025-07-26,P081,C0908,WH-East,12,8788.43,105461.16,Processing,2025-07-31,2025,7,July,0
O08260,2025-11-14,P053,C0281,WH-North,9,8550.49,76954.41,Delivered,2025-11-23,2025,11,November,1
O08261,2025-12-14,P033,C0767,WH-South,15,7876.29,118144.35,Delivered,2025-12-21,2025,12,December,1
O08262,2025-08-22,P087,C0433,WH-East,2,6619.57,13239.14,Delivered,2025-08-30,2025,8,August,1
O08263,2025-02-13,P073,C0400,WH-East,1,5286.08,5286.08,Processing,2025-02-23,2025,2,February,0
O08264,2025-05-22,P006,C0871,WH-West,4,716.9,2867.6,Delivered,2025-05-25,2025,5,May,1
O08265,2025-06-25,P062,C0002,WH-South,15,11436.7,171550.5,Returned,2025-07-03,2025,6,June,0
O08266,2026-03-25,P066,C0329,WH-North,4,9296.31,37185.24,Delivered,2026-03-30,2026,3,March,1
O08267,2025-03-23,P009,C0635,WH-North,1,6820.58,6820.58,Delivered,2025-03-31,2025,3,March,1
O08268,2025-05-15,P067,C0748,WH-West,4,3626.7,14506.8,Delivered,2025-05-24,2025,5,May,1
O08269,2025-06-26,P016,C0383,WH-South,15,6037.0,90555.0,Delivered,2025-06-29,2025,6,June,1
O08270,2026-01-18,P089,C0589,WH-North,3,5210.42,15631.26,Delivered,2026-01-26,2026,1,January,1
O08271,2025-08-31,P088,C0078,WH-North,13,7327.81,95261.53,Delivered,2025-09-09,2025,8,August,1
O08272,2025-05-21,P093,C0332,WH-North,2,11181.17,22362.34,Delivered,2025-05-23,2025,5,May,1
O08273,2026-04-02,P055,C0163,WH-East,13,1487.11,19332.43,Delivered,2026-04-08,2026,4,April,1
O08274,2026-03-16,P040,C0150,WH-East,10,7396.64,73966.4,Delivered,2026-03-26,2026,3,March,1
O08275,2025-02-25,P026,C0981,WH-West,15,8058.43,120876.45,Delivered,2025-02-28,2025,2,February,1
O08276,2026-06-11,P038,C0560,WH-West,4,9847.32,39389.28,Delivered,2026-06-18,2026,6,June,1
O08277,2026-02-23,P035,C0626,WH-North,8,10862.84,86902.72,Delivered,2026-02-26,2026,2,February,1
O08278,2025-03-29,P087,C0505,WH-South,7,6619.57,46336.99,Returned,2025-04-02,2025,3,March,0
O08279,2025-01-08,P068,C0576,WH-South,9,7862.75,70764.75,Delivered,2025-01-15,2025,1,January,1
O08280,2026-04-22,P059,C0963,WH-West,8,722.03,5776.24,Delivered,2026-04-28,2026,4,April,1
O08281,2025-08-03,P014,C0150,WH-South,1,8215.45,8215.45,Delivered,2025-08-08,2025,8,August,1
O08282,2026-05-12,P047,C0585,WH-South,12,9554.1,114649.2,Delivered,2026-05-20,2026,5,May,1
O08283,2026-05-18,P071,C0047,WH-North,2,4401.72,8803.44,Processing,2026-05-22,2026,5,May,0
O08284,2025-09-02,P072,C0808,WH-North,12,7933.68,95204.16,Delivered,2025-09-10,2025,9,September,1
O08285,2026-04-23,P042,C0362,WH-South,2,4932.36,9864.72,Delivered,2026-05-03,2026,4,April,1
O08286,2025-11-05,P051,C0693,WH-North,12,506.74,6080.88,Delivered,2025-11-08,2025,11,November,1
O08287,2025-08-19,P019,C0374,WH-South,8,6267.38,50139.04,Delivered,2025-08-25,2025,8,August,1
O08288,2026-01-18,P066,C0771,WH-South,12,9296.31,111555.72,Delivered,2026-01-20,2026,1,January,1
O08289,2025-06-04,P047,C0095,WH-East,4,9554.1,38216.4,Delivered,2025-06-12,2025,6,June,1
O08290,2025-06-24,P065,C0101,WH-South,9,6932.91,62396.19,Delivered,2025-06-27,2025,6,June,1
O08291,2025-04-25,P042,C0390,WH-East,2,4932.36,9864.72,Delivered,2025-05-01,2025,4,April,1
O08292,2026-01-25,P038,C0910,WH-West,14,9847.32,137862.48,Delivered,2026-01-27,2026,1,January,1
O08293,2025-11-07,P013,C0595,WH-South,4,359.86,1439.44,Delivered,2025-11-09,2025,11,November,1
O08294,2025-10-27,P044,C0954,WH-West,13,3533.01,45929.13,Delivered,2025-11-01,2025,10,October,1
O08295,2025-01-18,P024,C0082,WH-North,13,5645.0,73385.0,Delivered,2025-01-26,2025,1,January,1
O08296,2025-01-12,P096,C0633,WH-East,15,6299.54,94493.1,Delivered,2025-01-20,2025,1,January,1
O08297,2026-02-08,P030,C0903,WH-West,15,6989.65,104844.75,Delivered,2026-02-17,2026,2,February,1
O08298,2025-08-20,P070,C0996,WH-North,1,2886.35,2886.35,Delivered,2025-08-30,2025,8,August,1
O08299,2025-10-05,P038,C0413,WH-South,3,9847.32,29541.96,Cancelled,Unknown,2025,10,October,0
O08300,2025-12-19,P097,C0003,WH-East,6,7927.96,47567.76,Delivered,2025-12-22,2025,12,December,1
O08301,2025-10-30,P023,C0013,WH-South,9,2561.5,23053.5,Delivered,2025-11-03,2025,10,October,1
O08302,2026-06-25,P074,C0164,WH-West,11,8610.83,94719.13,Delivered,2026-07-05,2026,6,June,1
O08303,2026-04-15,P057,C0617,WH-South,1,919.99,919.99,Delivered,2026-04-24,2026,4,April,1
O08304,2025-03-18,P079,C0345,WH-North,15,8889.27,133339.05,Delivered,2025-03-25,2025,3,March,1
O08305,2026-06-05,P023,C0860,WH-West,5,2561.5,12807.5,Delivered,2026-06-09,2026,6,June,1
O08306,2025-01-24,P036,C0166,WH-East,12,9014.91,108178.92,Delivered,2025-02-02,2025,1,January,1
O08307,2025-01-15,P057,C0075,WH-North,2,919.99,1839.98,Processing,2025-01-18,2025,1,January,0
O08308,2026-06-09,P001,C0060,WH-North,7,2324.33,16270.31,Returned,2026-06-14,2026,6,June,0
O08309,2025-12-13,P072,C0745,WH-East,4,7933.68,31734.72,Delivered,2025-12-18,2025,12,December,1
O08310,2025-06-21,P003,C0382,WH-North,5,8874.43,44372.15,Delivered,2025-07-01,2025,6,June,1
O08311,2025-11-23,P014,C0073,WH-West,8,8215.45,65723.6,Delivered,2025-12-02,2025,11,November,1
O08312,2026-04-30,P081,C0790,WH-South,2,8788.43,17576.86,Delivered,2026-05-08,2026,4,April,1
O08313,2026-05-04,P034,C0661,WH-East,3,7873.1,23619.3,Cancelled,Unknown,2026,5,May,0
O08314,2026-04-07,P070,C0123,WH-East,11,2886.35,31749.85,Cancelled,Unknown,2026,4,April,0
O08315,2026-01-13,P069,C0467,WH-West,5,7876.01,39380.05,Returned,2026-01-15,2026,1,January,0
O08316,2025-06-13,P051,C0289,WH-West,10,506.74,5067.4,Processing,2025-06-22,2025,6,June,0
O08317,2026-01-07,P029,C0516,WH-East,4,7630.58,30522.32,Delivered,2026-01-16,2026,1,January,1
O08318,2026-02-28,P099,C0481,WH-East,5,1477.4,7387.0,Delivered,2026-03-10,2026,2,February,1
O08319,2026-04-22,P082,C0237,WH-East,3,7665.58,22996.74,Returned,2026-05-02,2026,4,April,0
O08320,2026-01-17,P048,C0720,WH-East,13,8206.14,106679.82,Delivered,2026-01-19,2026,1,January,1
O08321,2025-06-04,P094,C0172,WH-West,12,9560.46,114725.52,Delivered,2025-06-12,2025,6,June,1
O08322,2025-09-14,P079,C0385,WH-South,9,8889.27,80003.43,Cancelled,Unknown,2025,9,September,0
O08323,2025-03-09,P079,C0446,WH-East,8,8889.27,71114.16,Delivered,2025-03-16,2025,3,March,1
O08324,2025-12-10,P016,C0207,WH-North,14,6037.0,84518.0,Delivered,2025-12-16,2025,12,December,1
O08325,2025-10-04,P057,C0150,WH-North,6,919.99,5519.94,Delivered,2025-10-07,2025,10,October,1
O08326,2026-01-26,P097,C0736,WH-North,15,7927.96,118919.4,Delivered,2026-01-30,2026,1,January,1
O08327,2026-03-25,P010,C0571,WH-West,14,8992.72,125898.08,Delivered,2026-04-03,2026,3,March,1
O08328,2025-09-16,P019,C0805,WH-East,1,6267.38,6267.38,Delivered,2025-09-19,2025,9,September,1
O08329,2025-11-03,P067,C0151,WH-West,4,3626.7,14506.8,Delivered,2025-11-08,2025,11,November,1
O08330,2025-04-05,P036,C0673,WH-North,7,9014.91,63104.37,Delivered,2025-04-09,2025,4,April,1
O08331,2026-04-09,P004,C0113,WH-South,10,5647.39,56473.9,Returned,2026-04-17,2026,4,April,0
O08332,2025-09-03,P075,C0232,WH-North,5,4757.22,23786.1,Delivered,2025-09-12,2025,9,September,1
O08333,2025-07-06,P033,C0918,WH-East,4,7876.29,31505.16,Processing,2025-07-11,2025,7,July,0
O08334,2026-01-08,P028,C0960,WH-South,9,1732.59,15593.31,Delivered,2026-01-15,2026,1,January,1
O08335,2026-02-10,P096,C0488,WH-South,8,6299.54,50396.32,Delivered,2026-02-14,2026,2,February,1
O08336,2026-02-12,P080,C0383,WH-South,15,6733.38,101000.7,Delivered,2026-02-20,2026,2,February,1
O08337,2025-05-05,P009,C0958,WH-North,3,6820.58,20461.74,Delivered,2025-05-14,2025,5,May,1
O08338,2025-12-03,P075,C0374,WH-West,14,4757.22,66601.08,Delivered,2025-12-11,2025,12,December,1
O08339,2025-12-07,P006,C0950,WH-North,6,716.9,4301.4,Delivered,2025-12-12,2025,12,December,1
O08340,2025-06-27,P049,C0698,WH-East,12,3014.05,36168.6,Delivered,2025-07-07,2025,6,June,1
O08341,2025-06-19,P091,C0751,WH-South,14,3806.53,53291.42,Delivered,2025-06-28,2025,6,June,1
O08342,2025-02-08,P076,C0247,WH-West,14,2781.69,38943.66,Delivered,2025-02-15,2025,2,February,1
O08343,2025-03-10,P022,C0140,WH-West,12,9065.34,108784.08,Delivered,2025-03-13,2025,3,March,1
O08344,2025-08-24,P048,C0624,WH-East,4,8206.14,32824.56,Delivered,2025-09-01,2025,8,August,1
O08345,2026-01-16,P021,C0402,WH-East,7,2945.59,20619.13,Delivered,2026-01-26,2026,1,January,1
O08346,2025-02-26,P033,C0992,WH-East,1,7876.29,7876.29,Cancelled,Unknown,2025,2,February,0
O08347,2025-10-04,P081,C0707,WH-South,1,8788.43,8788.43,Delivered,2025-10-14,2025,10,October,1
O08348,2025-04-09,P056,C0956,WH-South,14,888.53,12439.42,Delivered,2025-04-19,2025,4,April,1
O08349,2026-06-11,P029,C0125,WH-East,15,7630.58,114458.7,Delivered,2026-06-18,2026,6,June,1
O08350,2025-11-21,P053,C0356,WH-South,12,8550.49,102605.88,Delivered,2025-11-23,2025,11,November,1
O08351,2026-04-06,P040,C0239,WH-North,12,7396.64,88759.68,Delivered,2026-04-13,2026,4,April,1
O08352,2025-06-28,P074,C0513,WH-West,6,8610.83,51664.98,Delivered,2025-07-04,2025,6,June,1
O08353,2025-04-29,P018,C0633,WH-South,10,6842.11,68421.1,Delivered,2025-05-07,2025,4,April,1
O08354,2026-04-14,P047,C0601,WH-West,11,9554.1,105095.1,Processing,2026-04-23,2026,4,April,0
O08355,2026-03-31,P013,C0532,WH-North,13,359.86,4678.18,Returned,2026-04-02,2026,3,March,0
O08356,2025-01-26,P027,C0273,WH-South,13,3927.78,51061.14,Cancelled,Unknown,2025,1,January,0
O08357,2026-05-05,P062,C0177,WH-East,14,11436.7,160113.8,Delivered,2026-05-10,2026,5,May,1
O08358,2025-01-08,P074,C0406,WH-East,7,8610.83,60275.81,Processing,2025-01-10,2025,1,January,0
O08359,2026-05-31,P096,C0114,WH-North,13,6299.54,81894.02,Delivered,2026-06-05,2026,5,May,1
O08360,2026-06-17,P045,C0929,WH-North,9,11503.77,103533.93,Delivered,2026-06-25,2026,6,June,1
O08361,2025-05-29,P003,C0794,WH-South,15,8874.43,133116.45,Delivered,2025-06-05,2025,5,May,1
O08362,2026-05-03,P022,C0027,WH-North,7,9065.34,63457.38,Delivered,2026-05-08,2026,5,May,1
O08363,2025-01-25,P027,C0700,WH-West,9,3927.78,35350.02,Delivered,2025-01-28,2025,1,January,1
O08364,2026-03-01,P055,C0418,WH-East,10,1487.11,14871.1,Delivered,2026-03-09,2026,3,March,1
O08365,2025-10-20,P067,C0599,WH-South,14,3626.7,50773.8,Delivered,2025-10-29,2025,10,October,1
O08366,2025-07-04,P033,C0592,WH-North,9,7876.29,70886.61,Delivered,2025-07-14,2025,7,July,1
O08367,2026-03-07,P002,C0462,WH-West,14,9662.88,135280.32,Delivered,2026-03-17,2026,3,March,1
O08368,2025-11-13,P075,C0180,WH-East,14,4757.22,66601.08,Delivered,2025-11-18,2025,11,November,1
O08369,2026-02-02,P046,C0567,WH-East,8,2032.34,16258.72,Delivered,2026-02-06,2026,2,February,1
O08370,2025-11-20,P074,C0247,WH-South,7,8610.83,60275.81,Processing,2025-11-26,2025,11,November,0
O08371,2026-06-30,P033,C0500,WH-South,12,7876.29,94515.48,Delivered,2026-07-07,2026,6,June,1
O08372,2025-03-17,P058,C0317,WH-South,3,3596.21,10788.63,Delivered,2025-03-26,2025,3,March,1
O08373,2026-05-01,P007,C0434,WH-South,11,11389.37,125283.07,Delivered,2026-05-05,2026,5,May,1
O08374,2025-03-29,P015,C0233,WH-North,14,10925.43,152956.02,Cancelled,Unknown,2025,3,March,0
O08375,2025-08-20,P026,C0959,WH-South,3,8058.43,24175.29,Delivered,2025-08-26,2025,8,August,1
O08376,2025-01-07,P011,C0960,WH-North,11,11449.02,125939.22,Delivered,2025-01-15,2025,1,January,1
O08377,2025-02-21,P038,C0782,WH-West,5,9847.32,49236.6,Processing,2025-03-03,2025,2,February,0
O08378,2026-01-31,P027,C0894,WH-West,7,3927.78,27494.46,Delivered,2026-02-08,2026,1,January,1
O08379,2025-08-09,P007,C0621,WH-East,13,11389.37,148061.81,Delivered,2025-08-16,2025,8,August,1
O08380,2026-03-04,P001,C0986,WH-West,12,2324.33,27891.96,Delivered,2026-03-14,2026,3,March,1
O08381,2025-05-23,P074,C0750,WH-West,10,8610.83,86108.3,Delivered,2025-05-28,2025,5,May,1
O08382,2025-12-29,P021,C0890,WH-South,7,2945.59,20619.13,Delivered,2025-12-31,2025,12,December,1
O08383,2026-01-17,P079,C0819,WH-South,1,8889.27,8889.27,Delivered,2026-01-26,2026,1,January,1
O08384,2025-10-04,P030,C0369,WH-South,8,6989.65,55917.2,Delivered,2025-10-11,2025,10,October,1
O08385,2025-09-28,P094,C0667,WH-West,1,9560.46,9560.46,Returned,2025-10-05,2025,9,September,0
O08386,2025-01-14,P008,C0168,WH-South,13,7685.98,99917.74,Delivered,2025-01-20,2025,1,January,1
O08387,2025-10-25,P088,C0068,WH-South,14,7327.81,102589.34,Delivered,2025-10-29,2025,10,October,1
O08388,2026-04-09,P083,C0777,WH-South,11,1377.9,15156.9,Delivered,2026-04-16,2026,4,April,1
O08389,2026-06-11,P003,C0952,WH-South,4,8874.43,35497.72,Delivered,2026-06-13,2026,6,June,1
O08390,2025-08-22,P055,C0987,WH-North,2,1487.11,2974.22,Delivered,2025-08-30,2025,8,August,1
O08391,2025-01-27,P015,C0747,WH-South,5,10925.43,54627.15,Delivered,2025-02-03,2025,1,January,1
O08392,2026-04-16,P036,C0551,WH-West,6,9014.91,54089.46,Delivered,2026-04-22,2026,4,April,1
O08393,2025-04-03,P006,C0655,WH-South,4,716.9,2867.6,Delivered,2025-04-07,2025,4,April,1
O08394,2025-11-05,P042,C0345,WH-South,14,4932.36,69053.04,Delivered,2025-11-14,2025,11,November,1
O08395,2025-02-21,P050,C0530,WH-North,12,1973.84,23686.08,Delivered,2025-02-26,2025,2,February,1
O08396,2025-11-15,P018,C0052,WH-South,13,6842.11,88947.43,Delivered,2025-11-25,2025,11,November,1
O08397,2025-06-30,P083,C0445,WH-South,4,1377.9,5511.6,Delivered,2025-07-10,2025,6,June,1
O08398,2025-04-30,P050,C0734,WH-East,7,1973.84,13816.88,Delivered,2025-05-06,2025,4,April,1
O08399,2025-02-12,P030,C0805,WH-South,11,6989.65,76886.15,Delivered,2025-02-20,2025,2,February,1
O08400,2025-09-17,P077,C0592,WH-West,4,12073.98,48295.92,Delivered,2025-09-24,2025,9,September,1
O08401,2025-07-16,P039,C0693,WH-East,2,2741.34,5482.68,Delivered,2025-07-23,2025,7,July,1
O08402,2025-09-12,P012,C0140,WH-East,4,3219.93,12879.72,Delivered,2025-09-17,2025,9,September,1
O08403,2025-12-02,P098,C0721,WH-West,7,2843.84,19906.88,Processing,2025-12-11,2025,12,December,0
O08404,2026-05-17,P059,C0409,WH-West,1,722.03,722.03,Delivered,2026-05-21,2026,5,May,1
O08405,2025-09-12,P076,C0335,WH-South,15,2781.69,41725.35,Delivered,2025-09-18,2025,9,September,1
O08406,2026-05-29,P044,C0281,WH-South,4,3533.01,14132.04,Delivered,2026-05-31,2026,5,May,1
O08407,2025-08-30,P088,C0405,WH-South,6,7327.81,43966.86,Delivered,2025-09-01,2025,8,August,1
O08408,2025-05-29,P004,C0122,WH-East,8,5647.39,45179.12,Delivered,2025-06-08,2025,5,May,1
O08409,2025-10-26,P036,C0723,WH-West,8,9014.91,72119.28,Delivered,2025-10-31,2025,10,October,1
O08410,2026-03-29,P048,C0856,WH-North,13,8206.14,106679.82,Delivered,2026-04-08,2026,3,March,1
O08411,2026-01-28,P014,C0647,WH-North,9,8215.45,73939.05,Delivered,2026-02-05,2026,1,January,1
O08412,2025-07-31,P081,C0460,WH-South,5,8788.43,43942.15,Delivered,2025-08-09,2025,7,July,1
O08413,2026-06-22,P049,C0689,WH-West,14,3014.05,42196.7,Delivered,2026-07-02,2026,6,June,1
O08414,2025-05-11,P067,C0039,WH-South,2,3626.7,7253.4,Delivered,2025-05-13,2025,5,May,1
O08415,2025-11-25,P087,C0075,WH-East,3,6619.57,19858.71,Delivered,2025-12-03,2025,11,November,1
O08416,2025-09-13,P077,C0865,WH-East,2,12073.98,24147.96,Delivered,2025-09-22,2025,9,September,1
O08417,2026-04-24,P009,C0561,WH-North,9,6820.58,61385.22,Delivered,2026-04-27,2026,4,April,1
O08418,2025-03-04,P021,C0217,WH-West,6,2945.59,17673.54,Returned,2025-03-14,2025,3,March,0
O08419,2025-11-07,P072,C0246,WH-West,14,7933.68,111071.52,Processing,2025-11-09,2025,11,November,0
O08420,2026-02-11,P081,C0743,WH-East,11,8788.43,96672.73,Delivered,2026-02-15,2026,2,February,1
O08421,2025-04-15,P016,C0418,WH-West,12,6037.0,72444.0,Delivered,2025-04-25,2025,4,April,1
O08422,2025-01-15,P016,C0767,WH-North,1,6037.0,6037.0,Delivered,2025-01-17,2025,1,January,1
O08423,2025-09-16,P028,C0203,WH-South,3,1732.59,5197.77,Delivered,2025-09-21,2025,9,September,1
O08424,2026-02-16,P051,C0656,WH-West,7,506.74,3547.18,Delivered,2026-02-23,2026,2,February,1
O08425,2025-09-16,P056,C0864,WH-West,7,888.53,6219.71,Delivered,2025-09-23,2025,9,September,1
O08426,2025-09-17,P080,C0911,WH-North,5,6733.38,33666.9,Delivered,2025-09-22,2025,9,September,1
O08427,2025-02-14,P057,C0808,WH-North,3,919.99,2759.97,Delivered,2025-02-16,2025,2,February,1
O08428,2025-11-27,P052,C0975,WH-South,13,2109.04,27417.52,Delivered,2025-12-03,2025,11,November,1
O08429,2025-06-14,P046,C0519,WH-North,15,2032.34,30485.1,Delivered,2025-06-20,2025,6,June,1
O08430,2025-07-12,P078,C0613,WH-East,7,8749.35,61245.45,Delivered,2025-07-16,2025,7,July,1
O08431,2026-06-05,P038,C0296,WH-East,5,9847.32,49236.6,Delivered,2026-06-09,2026,6,June,1
O08432,2026-02-05,P084,C0450,WH-South,6,9567.6,57405.6,Delivered,2026-02-10,2026,2,February,1
O08433,2026-01-09,P048,C0838,WH-South,3,8206.14,24618.42,Delivered,2026-01-13,2026,1,January,1
O08434,2025-03-06,P041,C0228,WH-West,6,10031.16,60186.96,Delivered,2025-03-10,2025,3,March,1
O08435,2026-01-22,P098,C0103,WH-East,7,2843.84,19906.88,Delivered,2026-01-26,2026,1,January,1
O08436,2026-05-10,P059,C0998,WH-East,14,722.03,10108.42,Delivered,2026-05-18,2026,5,May,1
O08437,2026-02-19,P093,C0092,WH-East,8,11181.17,89449.36,Delivered,2026-03-01,2026,2,February,1
O08438,2025-01-30,P067,C0790,WH-East,2,3626.7,7253.4,Delivered,2025-02-01,2025,1,January,1
O08439,2025-09-23,P074,C0357,WH-North,2,8610.83,17221.66,Delivered,2025-10-02,2025,9,September,1
O08440,2025-11-24,P084,C0699,WH-East,14,9567.6,133946.4,Delivered,2025-11-26,2025,11,November,1
O08441,2026-05-07,P066,C0901,WH-South,6,9296.31,55777.86,Delivered,2026-05-17,2026,5,May,1
O08442,2025-08-05,P027,C0146,WH-West,8,3927.78,31422.24,Delivered,2025-08-14,2025,8,August,1
O08443,2025-11-16,P032,C0267,WH-West,5,8387.44,41937.2,Delivered,2025-11-23,2025,11,November,1
O08444,2026-02-03,P056,C0119,WH-South,14,888.53,12439.42,Delivered,2026-02-10,2026,2,February,1
O08445,2025-04-15,P010,C0503,WH-East,1,8992.72,8992.72,Delivered,2025-04-23,2025,4,April,1
O08446,2025-11-26,P040,C0264,WH-North,11,7396.64,81363.04,Delivered,2025-12-05,2025,11,November,1
O08447,2025-02-16,P017,C0276,WH-East,1,8360.81,8360.81,Delivered,2025-02-24,2025,2,February,1
O08448,2025-11-10,P058,C0715,WH-East,10,3596.21,35962.1,Delivered,2025-11-12,2025,11,November,1
O08449,2025-05-27,P097,C0059,WH-South,9,7927.96,71351.64,Delivered,2025-06-01,2025,5,May,1
O08450,2026-04-07,P006,C0347,WH-West,4,716.9,2867.6,Delivered,2026-04-12,2026,4,April,1
O08451,2026-05-01,P039,C0989,WH-West,12,2741.34,32896.08,Delivered,2026-05-11,2026,5,May,1
O08452,2026-02-14,P018,C0665,WH-West,10,6842.11,68421.1,Delivered,2026-02-24,2026,2,February,1
O08453,2025-01-27,P073,C0186,WH-South,1,5286.08,5286.08,Returned,2025-01-31,2025,1,January,0
O08454,2025-01-29,P072,C0115,WH-North,11,7933.68,87270.48,Processing,2025-02-08,2025,1,January,0
O08455,2025-09-28,P089,C0787,WH-North,8,5210.42,41683.36,Delivered,2025-10-04,2025,9,September,1
O08456,2026-05-16,P095,C0893,WH-West,2,5427.18,10854.36,Delivered,2026-05-23,2026,5,May,1
O08457,2025-09-10,P042,C0898,WH-West,12,4932.36,59188.32,Delivered,2025-09-18,2025,9,September,1
O08458,2026-01-20,P004,C0362,WH-North,2,5647.39,11294.78,Delivered,2026-01-24,2026,1,January,1
O08459,2025-03-01,P020,C0999,WH-South,1,2297.9,2297.9,Delivered,2025-03-06,2025,3,March,1
O08460,2025-04-17,P028,C0236,WH-North,1,1732.59,1732.59,Delivered,2025-04-23,2025,4,April,1
O08461,2025-08-08,P040,C0442,WH-East,9,7396.64,66569.76,Delivered,2025-08-10,2025,8,August,1
O08462,2026-03-17,P065,C0578,WH-East,13,6932.91,90127.83,Delivered,2026-03-26,2026,3,March,1
O08463,2026-06-30,P044,C0263,WH-South,1,3533.01,3533.01,Delivered,2026-07-08,2026,6,June,1
O08464,2025-04-06,P023,C0051,WH-West,6,2561.5,15369.0,Delivered,2025-04-09,2025,4,April,1
O08465,2025-03-30,P057,C0351,WH-East,12,919.99,11039.88,Delivered,2025-04-07,2025,3,March,1
O08466,2025-08-19,P047,C0417,WH-North,7,9554.1,66878.7,Delivered,2025-08-29,2025,8,August,1
O08467,2025-10-02,P013,C0843,WH-East,4,359.86,1439.44,Delivered,2025-10-08,2025,10,October,1
O08468,2025-09-03,P016,C0744,WH-North,5,6037.0,30185.0,Returned,2025-09-10,2025,9,September,0
O08469,2025-04-21,P090,C0872,WH-North,4,2450.87,9803.48,Returned,2025-04-27,2025,4,April,0
O08470,2025-08-22,P055,C0013,WH-North,4,1487.11,5948.44,Delivered,2025-08-24,2025,8,August,1
O08471,2025-10-05,P095,C0394,WH-East,10,5427.18,54271.8,Delivered,2025-10-12,2025,10,October,1
O08472,2026-04-22,P065,C0881,WH-South,15,6932.91,103993.65,Delivered,2026-04-30,2026,4,April,1
O08473,2026-02-21,P081,C0827,WH-North,15,8788.43,131826.45,Delivered,2026-02-27,2026,2,February,1
O08474,2025-05-08,P016,C0806,WH-East,1,6037.0,6037.0,Delivered,2025-05-12,2025,5,May,1
O08475,2025-08-25,P037,C0532,WH-West,6,2141.55,12849.3,Delivered,2025-09-01,2025,8,August,1
O08476,2025-05-08,P052,C0213,WH-South,14,2109.04,29526.56,Delivered,2025-05-16,2025,5,May,1
O08477,2026-01-29,P010,C0270,WH-East,10,8992.72,89927.2,Delivered,2026-02-08,2026,1,January,1
O08478,2026-04-20,P038,C0984,WH-South,14,9847.32,137862.48,Delivered,2026-04-28,2026,4,April,1
O08479,2026-01-30,P044,C0040,WH-East,10,3533.01,35330.1,Delivered,2026-02-03,2026,1,January,1
O08480,2025-04-21,P095,C0647,WH-North,7,5427.18,37990.26,Returned,2025-04-23,2025,4,April,0
O08481,2025-03-31,P074,C0965,WH-West,7,8610.83,60275.81,Delivered,2025-04-08,2025,3,March,1
O08482,2025-10-07,P054,C0774,WH-East,8,5559.97,44479.76,Cancelled,Unknown,2025,10,October,0
O08483,2025-11-29,P098,C0936,WH-South,7,2843.84,19906.88,Delivered,2025-12-01,2025,11,November,1
O08484,2025-08-12,P051,C0181,WH-West,6,506.74,3040.44,Cancelled,Unknown,2025,8,August,0
O08485,2025-04-11,P052,C0739,WH-West,12,2109.04,25308.48,Delivered,2025-04-20,2025,4,April,1
O08486,2025-05-12,P070,C0265,WH-West,15,2886.35,43295.25,Delivered,2025-05-20,2025,5,May,1
O08487,2025-01-13,P092,C0106,WH-North,8,9918.59,79348.72,Delivered,2025-01-16,2025,1,January,1
O08488,2026-04-02,P092,C0833,WH-North,3,9918.59,29755.77,Delivered,2026-04-07,2026,4,April,1
O08489,2026-03-17,P059,C0487,WH-East,9,722.03,6498.27,Returned,2026-03-24,2026,3,March,0
O08490,2025-04-08,P013,C0404,WH-North,3,359.86,1079.58,Delivered,Unknown,2025,4,April,1
O08491,2025-04-30,P041,C0390,WH-West,4,10031.16,40124.64,Delivered,2025-05-08,2025,4,April,1
O08492,2025-10-20,P012,C0608,WH-South,13,3219.93,41859.09,Delivered,2025-10-24,2025,10,October,1
O08493,2025-01-01,P050,C0973,WH-West,10,1973.84,19738.4,Cancelled,Unknown,2025,1,January,0
O08494,2025-09-07,P057,C0807,WH-West,14,919.99,12879.86,Delivered,2025-09-15,2025,9,September,1
O08495,2025-05-29,P050,C1000,WH-North,6,1973.84,11843.04,Delivered,2025-06-03,2025,5,May,1
O08496,2026-01-30,P057,C0123,WH-South,12,919.99,11039.88,Delivered,2026-02-04,2026,1,January,1
O08497,2025-02-13,P054,C0789,WH-West,14,5559.97,77839.58,Delivered,2025-02-18,2025,2,February,1
O08498,2025-02-13,P066,C0037,WH-South,12,9296.31,111555.72,Delivered,2025-02-19,2025,2,February,1
O08499,2025-03-19,P008,C0780,WH-South,8,7685.98,61487.84,Delivered,2025-03-22,2025,3,March,1
O08500,2025-08-14,P063,C0710,WH-West,3,6119.08,18357.24,Delivered,2025-08-24,2025,8,August,1
O08501,2025-06-11,P009,C0767,WH-North,13,6820.58,88667.54,Delivered,2025-06-18,2025,6,June,1
O08502,2025-09-10,P060,C0503,WH-North,10,1239.87,12398.7,Delivered,2025-09-19,2025,9,September,1
O08503,2025-05-12,P063,C0527,WH-East,6,6119.08,36714.48,Delivered,2025-05-14,2025,5,May,1
O08504,2026-03-24,P072,C0917,WH-West,5,7933.68,39668.4,Delivered,2026-03-31,2026,3,March,1
O08505,2026-04-19,P003,C0597,WH-West,5,8874.43,44372.15,Delivered,2026-04-26,2026,4,April,1
O08506,2025-04-19,P073,C0092,WH-South,5,5286.08,26430.4,Delivered,2025-04-28,2025,4,April,1
O08507,2025-02-04,P013,C0100,WH-South,9,359.86,3238.74,Delivered,2025-02-06,2025,2,February,1
O08508,2026-04-12,P009,C0977,WH-East,13,6820.58,88667.54,Delivered,2026-04-18,2026,4,April,1
O08509,2025-10-02,P095,C0686,WH-East,7,5427.18,37990.26,Delivered,2025-10-06,2025,10,October,1
O08510,2025-07-06,P089,C0455,WH-South,12,5210.42,62525.04,Delivered,2025-07-13,2025,7,July,1
O08511,2025-08-31,P052,C0727,WH-South,9,2109.04,18981.36,Delivered,2025-09-10,2025,8,August,1
O08512,2025-09-21,P062,C0877,WH-East,15,11436.7,171550.5,Delivered,2025-09-25,2025,9,September,1
O08513,2026-06-06,P008,C0598,WH-North,9,7685.98,69173.82,Delivered,2026-06-16,2026,6,June,1
O08514,2026-06-25,P095,C0394,WH-East,13,5427.18,70553.34,Delivered,2026-07-05,2026,6,June,1
O08515,2025-03-28,P045,C0594,WH-South,14,11503.77,161052.78,Delivered,2025-03-30,2025,3,March,1
O08516,2026-06-19,P053,C0834,WH-West,6,8550.49,51302.94,Delivered,2026-06-22,2026,6,June,1
O08517,2025-07-29,P063,C0886,WH-South,14,6119.08,85667.12,Delivered,2025-08-03,2025,7,July,1
O08518,2025-02-15,P095,C0972,WH-North,6,5427.18,32563.08,Delivered,2025-02-23,2025,2,February,1
O08519,2026-04-12,P081,C0505,WH-South,4,8788.43,35153.72,Cancelled,Unknown,2026,4,April,0
O08520,2026-06-24,P057,C0117,WH-South,8,919.99,7359.92,Delivered,2026-07-02,2026,6,June,1
O08521,2025-01-26,P054,C0679,WH-East,14,5559.97,77839.58,Delivered,2025-02-01,2025,1,January,1
O08522,2025-09-23,P019,C0754,WH-North,2,6267.38,12534.76,Delivered,2025-10-01,2025,9,September,1
O08523,2025-06-24,P067,C0790,WH-East,5,3626.7,18133.5,Delivered,2025-07-04,2025,6,June,1
O08524,2026-05-31,P046,C0491,WH-West,1,2032.34,2032.34,Delivered,2026-06-10,2026,5,May,1
O08525,2025-11-07,P094,C0342,WH-West,10,9560.46,95604.6,Delivered,2025-11-11,2025,11,November,1
O08526,2025-11-18,P010,C0426,WH-North,14,8992.72,125898.08,Delivered,2025-11-22,2025,11,November,1
O08527,2025-05-15,P093,C0470,WH-West,2,11181.17,22362.34,Delivered,2025-05-23,2025,5,May,1
O08528,2025-02-24,P018,C0134,WH-West,1,6842.11,6842.11,Delivered,2025-03-02,2025,2,February,1
O08529,2026-06-27,P012,C0878,WH-South,6,3219.93,19319.58,Returned,2026-07-03,2026,6,June,0
O08530,2026-06-15,P049,C0180,WH-East,2,3014.05,6028.1,Delivered,2026-06-21,2026,6,June,1
O08531,2025-06-05,P023,C0677,WH-East,12,2561.5,30738.0,Delivered,2025-06-15,2025,6,June,1
O08532,2025-05-27,P062,C0212,WH-East,4,11436.7,45746.8,Delivered,2025-06-01,2025,5,May,1
O08533,2026-04-30,P011,C0518,WH-North,13,11449.02,148837.26,Delivered,2026-05-07,2026,4,April,1
O08534,2025-01-20,P073,C0585,WH-South,5,5286.08,26430.4,Delivered,2025-01-27,2025,1,January,1
O08535,2025-09-26,P056,C0413,WH-South,7,888.53,6219.71,Cancelled,Unknown,2025,9,September,0
O08536,2025-11-29,P088,C0357,WH-North,10,7327.81,73278.1,Delivered,2025-12-02,2025,11,November,1
O08537,2026-02-05,P089,C0453,WH-East,1,5210.42,5210.42,Delivered,2026-02-12,2026,2,February,1
O08538,2025-11-02,P055,C0435,WH-South,12,1487.11,17845.32,Delivered,2025-11-12,2025,11,November,1
O08539,2025-01-28,P025,C0077,WH-South,11,2564.25,28206.75,Delivered,2025-02-01,2025,1,January,1
O08540,2026-04-12,P009,C0283,WH-East,5,6820.58,34102.9,Delivered,2026-04-15,2026,4,April,1
O08541,2025-09-17,P012,C0727,WH-West,15,3219.93,48298.95,Delivered,2025-09-26,2025,9,September,1
O08542,2026-06-18,P011,C0677,WH-North,4,11449.02,45796.08,Returned,2026-06-20,2026,6,June,0
O08543,2025-04-11,P038,C0686,WH-South,7,9847.32,68931.24,Delivered,2025-04-20,2025,4,April,1
O08544,2025-12-19,P028,C0610,WH-East,14,1732.59,24256.26,Returned,2025-12-25,2025,12,December,0
O08545,2025-10-27,P008,C0537,WH-West,10,7685.98,76859.8,Delivered,2025-11-06,2025,10,October,1
O08546,2025-10-23,P074,C0421,WH-East,7,8610.83,60275.81,Delivered,2025-11-02,2025,10,October,1
O08547,2025-12-19,P089,C0151,WH-East,8,5210.42,41683.36,Delivered,2025-12-24,2025,12,December,1
O08548,2025-05-10,P047,C0732,WH-West,4,9554.1,38216.4,Delivered,2025-05-12,2025,5,May,1
O08549,2025-06-05,P036,C0503,WH-North,4,9014.91,36059.64,Delivered,2025-06-11,2025,6,June,1
O08550,2025-03-15,P050,C0666,WH-South,10,1973.84,19738.4,Delivered,2025-03-23,2025,3,March,1
O08551,2025-12-08,P009,C0588,WH-North,5,6820.58,34102.9,Cancelled,Unknown,2025,12,December,0
O08552,2026-04-10,P060,C0888,WH-North,5,1239.87,6199.35,Delivered,2026-04-20,2026,4,April,1
O08553,2025-03-31,P072,C0948,WH-East,11,7933.68,87270.48,Delivered,2025-04-10,2025,3,March,1
O08554,2026-03-31,P067,C0743,WH-East,3,3626.7,10880.1,Cancelled,Unknown,2026,3,March,0
O08555,2025-11-28,P053,C0515,WH-East,5,8550.49,42752.45,Returned,2025-12-01,2025,11,November,0
O08556,2025-12-14,P082,C0585,WH-North,5,7665.58,38327.9,Delivered,2025-12-20,2025,12,December,1
O08557,2025-08-21,P099,C0623,WH-South,8,1477.4,11819.2,Delivered,2025-08-25,2025,8,August,1
O08558,2025-04-12,P017,C0335,WH-East,7,8360.81,58525.67,Delivered,2025-04-19,2025,4,April,1
O08559,2026-04-26,P100,C0584,WH-West,8,6160.6,49284.8,Delivered,2026-05-02,2026,4,April,1
O08560,2025-08-02,P053,C0412,WH-South,13,8550.49,111156.37,Delivered,2025-08-04,2025,8,August,1
O08561,2025-04-18,P028,C0255,WH-South,5,1732.59,8662.95,Delivered,2025-04-21,2025,4,April,1
O08562,2025-06-14,P063,C0218,WH-South,12,6119.08,73428.96,Returned,2025-06-20,2025,6,June,0
O08563,2025-12-01,P015,C0208,WH-West,11,10925.43,120179.73,Delivered,2025-12-08,2025,12,December,1
O08564,2025-03-27,P019,C0761,WH-West,2,6267.38,12534.76,Delivered,2025-03-29,2025,3,March,1
O08565,2026-02-28,P086,C0290,WH-East,8,3132.13,25057.04,Delivered,2026-03-08,2026,2,February,1
O08566,2025-12-30,P070,C0852,WH-South,9,2886.35,25977.15,Delivered,2026-01-03,2025,12,December,1
O08567,2025-03-01,P047,C0577,WH-North,2,9554.1,19108.2,Delivered,2025-03-03,2025,3,March,1
O08568,2026-04-27,P071,C0984,WH-North,14,4401.72,61624.08,Delivered,2026-05-05,2026,4,April,1
O08569,2025-09-07,P048,C0285,WH-North,1,8206.14,8206.14,Delivered,2025-09-15,2025,9,September,1
O08570,2025-04-27,P073,C0516,WH-East,12,5286.08,63432.96,Delivered,2025-05-01,2025,4,April,1
O08571,2026-06-29,P020,C0708,WH-North,6,2297.9,13787.4,Delivered,2026-07-06,2026,6,June,1
O08572,2025-02-13,P037,C0631,WH-South,3,2141.55,6424.65,Delivered,2025-02-18,2025,2,February,1
O08573,2026-05-24,P075,C0702,WH-East,1,4757.22,4757.22,Delivered,2026-05-29,2026,5,May,1
O08574,2025-06-14,P002,C0678,WH-East,13,9662.88,125617.44,Delivered,2025-06-24,2025,6,June,1
O08575,2026-01-03,P064,C0963,WH-West,6,9772.25,58633.5,Delivered,2026-01-11,2026,1,January,1
O08576,2025-10-19,P086,C0232,WH-South,12,3132.13,37585.56,Delivered,2025-10-26,2025,10,October,1
O08577,2025-10-13,P036,C0642,WH-North,8,9014.91,72119.28,Delivered,2025-10-23,2025,10,October,1
O08578,2025-07-23,P005,C0989,WH-South,9,5461.2,49150.8,Delivered,2025-07-27,2025,7,July,1
O08579,2026-06-08,P064,C0881,WH-South,13,9772.25,127039.25,Delivered,2026-06-13,2026,6,June,1
O08580,2025-05-01,P007,C0604,WH-East,6,11389.37,68336.22,Processing,2025-05-11,2025,5,May,0
O08581,2025-07-07,P070,C0332,WH-North,12,2886.35,34636.2,Delivered,2025-07-12,2025,7,July,1
O08582,2025-01-13,P022,C0637,WH-North,6,9065.34,54392.04,Delivered,2025-01-21,2025,1,January,1
O08583,2025-07-19,P074,C0812,WH-North,1,8610.83,8610.83,Delivered,2025-07-29,2025,7,July,1
O08584,2026-04-01,P046,C0207,WH-West,5,2032.34,10161.7,Delivered,2026-04-06,2026,4,April,1
O08585,2026-03-24,P040,C0626,WH-South,3,7396.64,22189.92,Delivered,2026-04-03,2026,3,March,1
O08586,2025-03-12,P061,C0361,WH-East,7,9046.33,63324.31,Delivered,2025-03-20,2025,3,March,1
O08587,2025-05-10,P046,C0351,WH-East,12,2032.34,24388.08,Delivered,2025-05-15,2025,5,May,1
O08588,2025-02-12,P084,C0373,WH-East,9,9567.6,86108.4,Delivered,2025-02-16,2025,2,February,1
O08589,2026-06-04,P028,C0101,WH-North,13,1732.59,22523.67,Delivered,2026-06-11,2026,6,June,1
O08590,2025-01-13,P087,C0544,WH-North,11,6619.57,72815.27,Processing,2025-01-17,2025,1,January,0
O08591,2026-06-19,P035,C0470,WH-East,6,10862.84,65177.04,Delivered,2026-06-27,2026,6,June,1
O08592,2025-10-29,P001,C0131,WH-South,5,2324.33,11621.65,Delivered,2025-10-31,2025,10,October,1
O08593,2026-06-11,P029,C0529,WH-East,7,7630.58,53414.06,Delivered,2026-06-19,2026,6,June,1
O08594,2025-04-25,P009,C0477,WH-South,11,6820.58,75026.38,Delivered,2025-04-29,2025,4,April,1
O08595,2026-04-05,P009,C0248,WH-East,9,6820.58,61385.22,Delivered,2026-04-15,2026,4,April,1
O08596,2026-05-20,P022,C0375,WH-South,5,9065.34,45326.7,Delivered,2026-05-27,2026,5,May,1
O08597,2025-11-04,P063,C0396,WH-East,15,6119.08,91786.2,Delivered,2025-11-12,2025,11,November,1
O08598,2025-11-21,P066,C0576,WH-West,5,9296.31,46481.55,Delivered,2025-12-01,2025,11,November,1
O08599,2025-06-24,P080,C0959,WH-West,10,6733.38,67333.8,Delivered,2025-07-01,2025,6,June,1
O08600,2026-05-29,P058,C0078,WH-North,4,3596.21,14384.84,Delivered,2026-06-01,2026,5,May,1
O08601,2025-06-21,P070,C0712,WH-North,5,2886.35,14431.75,Delivered,2025-06-28,2025,6,June,1
O08602,2026-05-17,P055,C0041,WH-North,7,1487.11,10409.77,Delivered,2026-05-24,2026,5,May,1
O08603,2025-11-30,P013,C0258,WH-North,3,359.86,1079.58,Delivered,2025-12-03,2025,11,November,1
O08604,2025-10-11,P097,C0181,WH-East,4,7927.96,31711.84,Delivered,2025-10-19,2025,10,October,1
O08605,2026-04-20,P019,C0290,WH-West,9,6267.38,56406.42,Returned,2026-04-30,2026,4,April,0
O08606,2025-02-23,P079,C0125,WH-North,15,8889.27,133339.05,Delivered,2025-02-28,2025,2,February,1
O08607,2026-04-03,P033,C0856,WH-South,12,7876.29,94515.48,Delivered,2026-04-09,2026,4,April,1
O08608,2026-02-24,P074,C0624,WH-South,2,8610.83,17221.66,Delivered,2026-03-03,2026,2,February,1
O08609,2026-02-13,P065,C0468,WH-North,8,6932.91,55463.28,Delivered,2026-02-15,2026,2,February,1
O08610,2025-10-31,P060,C0235,WH-North,9,1239.87,11158.83,Delivered,2025-11-09,2025,10,October,1
O08611,2025-08-10,P012,C0500,WH-North,5,3219.93,16099.65,Processing,2025-08-20,2025,8,August,0
O08612,2026-06-17,P043,C0714,WH-East,7,7218.47,50529.29,Processing,2026-06-19,2026,6,June,0
O08613,2025-06-07,P093,C0552,WH-South,6,11181.17,67087.02,Returned,2025-06-12,2025,6,June,0
O08614,2025-12-14,P017,C0711,WH-South,1,8360.81,8360.81,Delivered,2025-12-21,2025,12,December,1
O08615,2025-06-08,P068,C0961,WH-South,15,7862.75,117941.25,Delivered,2025-06-10,2025,6,June,1
O08616,2025-08-23,P029,C0823,WH-West,8,7630.58,61044.64,Cancelled,Unknown,2025,8,August,0
O08617,2026-02-09,P055,C0638,WH-East,9,1487.11,13383.99,Cancelled,Unknown,2026,2,February,0
O08618,2025-09-14,P007,C0074,WH-West,10,11389.37,113893.7,Processing,2025-09-23,2025,9,September,0
O08619,2025-02-16,P044,C0691,WH-East,11,3533.01,38863.11,Processing,2025-02-25,2025,2,February,0
O08620,2025-08-01,P077,C0005,WH-South,1,12073.98,12073.98,Delivered,2025-08-07,2025,8,August,1
O08621,2026-04-24,P005,C0824,WH-South,15,5461.2,81918.0,Delivered,2026-04-26,2026,4,April,1
O08622,2026-05-02,P060,C0118,WH-West,8,1239.87,9918.96,Delivered,2026-05-04,2026,5,May,1
O08623,2025-12-08,P006,C0744,WH-South,3,716.9,2150.7,Delivered,2025-12-17,2025,12,December,1
O08624,2026-06-08,P098,C0661,WH-North,12,2843.84,34126.08,Delivered,2026-06-14,2026,6,June,1
O08625,2026-05-18,P007,C0314,WH-East,6,11389.37,68336.22,Delivered,2026-05-28,2026,5,May,1
O08626,2025-01-06,P046,C0201,WH-South,10,2032.34,20323.4,Delivered,2025-01-08,2025,1,January,1
O08627,2025-05-24,P057,C0861,WH-North,8,919.99,7359.92,Delivered,2025-05-27,2025,5,May,1
O08628,2025-09-18,P054,C0543,WH-West,5,5559.97,27799.85,Delivered,2025-09-23,2025,9,September,1
O08629,2025-08-20,P092,C0749,WH-South,8,9918.59,79348.72,Delivered,2025-08-28,2025,8,August,1
O08630,2025-09-27,P046,C0430,WH-South,7,2032.34,14226.38,Delivered,2025-10-02,2025,9,September,1
O08631,2026-03-23,P010,C0667,WH-East,7,8992.72,62949.04,Delivered,2026-04-01,2026,3,March,1
O08632,2025-08-10,P004,C0710,WH-South,7,5647.39,39531.73,Delivered,2025-08-18,2025,8,August,1
O08633,2025-02-21,P067,C0619,WH-East,9,3626.7,32640.3,Delivered,2025-02-27,2025,2,February,1
O08634,2025-04-26,P025,C0159,WH-West,6,2564.25,15385.5,Delivered,2025-05-04,2025,4,April,1
O08635,2026-06-22,P087,C0681,WH-East,6,6619.57,39717.42,Delivered,2026-07-01,2026,6,June,1
O08636,2026-06-25,P091,C0301,WH-West,11,3806.53,41871.83,Delivered,2026-06-29,2026,6,June,1
O08637,2025-01-19,P078,C0420,WH-South,9,8749.35,78744.15,Delivered,2025-01-23,2025,1,January,1
O08638,2026-01-27,P061,C0258,WH-North,15,9046.33,135694.95,Delivered,2026-01-30,2026,1,January,1
O08639,2026-02-23,P038,C0062,WH-West,6,9847.32,59083.92,Delivered,2026-02-28,2026,2,February,1
O08640,2025-11-05,P032,C0661,WH-South,7,8387.44,58712.08,Delivered,2025-11-10,2025,11,November,1
O08641,2025-07-05,P023,C0162,WH-West,15,2561.5,38422.5,Delivered,2025-07-10,2025,7,July,1
O08642,2025-09-18,P037,C0086,WH-South,7,2141.55,14990.85,Returned,2025-09-21,2025,9,September,0
O08643,2026-06-12,P003,C0013,WH-South,2,8874.43,17748.86,Delivered,2026-06-20,2026,6,June,1
O08644,2025-09-30,P099,C0275,WH-North,13,1477.4,19206.2,Delivered,2025-10-04,2025,9,September,1
O08645,2025-06-09,P013,C0417,WH-East,12,359.86,4318.32,Delivered,2025-06-11,2025,6,June,1
O08646,2025-08-12,P034,C0124,WH-North,8,7873.1,62984.8,Delivered,2025-08-15,2025,8,August,1
O08647,2025-09-13,P088,C0870,WH-West,12,7327.81,87933.72,Delivered,2025-09-19,2025,9,September,1
O08648,2025-06-29,P065,C0616,WH-North,11,6932.91,76262.01,Delivered,2025-07-09,2025,6,June,1
O08649,2025-01-20,P076,C0049,WH-South,6,2781.69,16690.14,Cancelled,Unknown,2025,1,January,0
O08650,2026-04-13,P008,C0003,WH-South,4,7685.98,30743.92,Delivered,2026-04-20,2026,4,April,1
O08651,2025-07-29,P083,C0934,WH-North,11,1377.9,15156.9,Delivered,2025-08-02,2025,7,July,1
O08652,2026-05-28,P009,C0762,WH-West,13,6820.58,88667.54,Delivered,2026-06-07,2026,5,May,1
O08653,2025-02-27,P028,C0765,WH-East,7,1732.59,12128.13,Delivered,2025-03-02,2025,2,February,1
O08654,2025-04-03,P078,C0723,WH-East,8,8749.35,69994.8,Delivered,2025-04-12,2025,4,April,1
O08655,2025-08-09,P091,C0583,WH-South,1,3806.53,3806.53,Delivered,2025-08-13,2025,8,August,1
O08656,2025-08-20,P018,C0271,WH-East,10,6842.11,68421.1,Processing,2025-08-29,2025,8,August,0
O08657,2025-12-30,P042,C0550,WH-East,13,4932.36,64120.68,Returned,2026-01-03,2025,12,December,0
O08658,2026-01-09,P041,C0153,WH-West,13,10031.16,130405.08,Delivered,2026-01-14,2026,1,January,1
O08659,2026-04-01,P070,C0317,WH-East,4,2886.35,11545.4,Returned,2026-04-10,2026,4,April,0
O08660,2025-03-29,P033,C0982,WH-North,4,7876.29,31505.16,Delivered,2025-04-03,2025,3,March,1
O08661,2025-01-20,P089,C0727,WH-West,10,5210.42,52104.2,Processing,2025-01-30,2025,1,January,0
O08662,2025-01-14,P077,C0434,WH-North,9,12073.98,108665.82,Delivered,2025-01-24,2025,1,January,1
O08663,2025-05-13,P054,C0522,WH-South,13,5559.97,72279.61,Delivered,2025-05-20,2025,5,May,1
O08664,2025-02-03,P087,C0612,WH-West,6,6619.57,39717.42,Delivered,2025-02-05,2025,2,February,1
O08665,2025-07-27,P036,C0869,WH-East,4,9014.91,36059.64,Delivered,2025-08-06,2025,7,July,1
O08666,2025-07-18,P097,C0946,WH-West,13,7927.96,103063.48,Cancelled,Unknown,2025,7,July,0
O08667,2025-06-04,P085,C0891,WH-South,1,1090.03,1090.03,Delivered,2025-06-12,2025,6,June,1
O08668,2025-03-19,P098,C0490,WH-North,8,2843.84,22750.72,Cancelled,Unknown,2025,3,March,0
O08669,2025-06-21,P056,C0810,WH-South,11,888.53,9773.83,Delivered,2025-06-30,2025,6,June,1
O08670,2025-10-16,P100,C0746,WH-West,9,6160.6,55445.4,Delivered,2025-10-26,2025,10,October,1
O08671,2026-06-29,P017,C0199,WH-North,5,8360.81,41804.05,Delivered,2026-07-09,2026,6,June,1
O08672,2026-02-24,P010,C0436,WH-North,5,8992.72,44963.6,Delivered,2026-03-04,2026,2,February,1
O08673,2025-01-07,P087,C0686,WH-West,10,6619.57,66195.7,Delivered,2025-01-14,2025,1,January,1
O08674,2025-06-09,P044,C0217,WH-South,8,3533.01,28264.08,Delivered,2025-06-12,2025,6,June,1
O08675,2025-08-28,P002,C0510,WH-East,8,9662.88,77303.04,Delivered,2025-09-05,2025,8,August,1
O08676,2026-02-27,P099,C0040,WH-South,5,1477.4,7387.0,Delivered,2026-03-01,2026,2,February,1
O08677,2026-06-20,P014,C0698,WH-East,4,8215.45,32861.8,Delivered,2026-06-27,2026,6,June,1
O08678,2025-03-11,P041,C0489,WH-South,6,10031.16,60186.96,Delivered,2025-03-18,2025,3,March,1
O08679,2025-08-04,P002,C0792,WH-West,10,9662.88,96628.8,Delivered,2025-08-12,2025,8,August,1
O08680,2025-04-14,P019,C0581,WH-South,5,6267.38,31336.9,Delivered,2025-04-17,2025,4,April,1
O08681,2025-02-23,P080,C0249,WH-South,8,6733.38,53867.04,Cancelled,Unknown,2025,2,February,0
O08682,2025-11-26,P089,C0085,WH-West,9,5210.42,46893.78,Delivered,2025-11-29,2025,11,November,1
O08683,2025-07-22,P001,C0680,WH-West,13,2324.33,30216.29,Delivered,2025-07-27,2025,7,July,1
O08684,2025-10-15,P002,C0404,WH-North,1,9662.88,9662.88,Delivered,2025-10-19,2025,10,October,1
O08685,2025-02-14,P027,C0029,WH-South,9,3927.78,35350.02,Returned,2025-02-17,2025,2,February,0
O08686,2025-07-17,P002,C0037,WH-West,13,9662.88,125617.44,Delivered,2025-07-20,2025,7,July,1
O08687,2025-08-04,P094,C0507,WH-West,9,9560.46,86044.14,Delivered,2025-08-08,2025,8,August,1
O08688,2026-04-26,P051,C0532,WH-North,6,506.74,3040.44,Delivered,2026-05-01,2026,4,April,1
O08689,2025-11-05,P010,C0658,WH-West,11,8992.72,98919.92,Delivered,2025-11-13,2025,11,November,1
O08690,2026-03-11,P019,C0260,WH-North,10,6267.38,62673.8,Delivered,2026-03-16,2026,3,March,1
O08691,2025-11-28,P080,C0651,WH-West,5,6733.38,33666.9,Delivered,2025-12-06,2025,11,November,1
O08692,2025-01-27,P013,C0255,WH-North,7,359.86,2519.02,Delivered,2025-02-01,2025,1,January,1
O08693,2025-06-15,P048,C0960,WH-South,11,8206.14,90267.54,Delivered,2025-06-19,2025,6,June,1
O08694,2025-11-14,P056,C0086,WH-West,8,888.53,7108.24,Delivered,2025-11-23,2025,11,November,1
O08695,2025-10-01,P072,C0564,WH-West,9,7933.68,71403.12,Delivered,2025-10-05,2025,10,October,1
O08696,2026-01-18,P056,C0811,WH-South,9,888.53,7996.77,Delivered,2026-01-27,2026,1,January,1
O08697,2025-12-31,P050,C0654,WH-South,10,1973.84,19738.4,Delivered,2026-01-03,2025,12,December,1
O08698,2025-04-13,P095,C0634,WH-South,11,5427.18,59698.98,Delivered,2025-04-17,2025,4,April,1
O08699,2026-05-18,P045,C0941,WH-North,3,11503.77,34511.31,Delivered,2026-05-23,2026,5,May,1
O08700,2026-01-08,P089,C0412,WH-West,13,5210.42,67735.46,Delivered,2026-01-12,2026,1,January,1
O08701,2025-09-02,P059,C0388,WH-West,8,722.03,5776.24,Delivered,2025-09-09,2025,9,September,1
O08702,2025-06-18,P039,C0400,WH-East,1,2741.34,2741.34,Delivered,2025-06-28,2025,6,June,1
O08703,2026-02-22,P021,C0422,WH-East,7,2945.59,20619.13,Delivered,2026-03-03,2026,2,February,1
O08704,2025-12-22,P055,C0959,WH-West,12,1487.11,17845.32,Returned,2025-12-27,2025,12,December,0
O08705,2026-04-23,P057,C0663,WH-North,15,919.99,13799.85,Delivered,2026-04-26,2026,4,April,1
O08706,2025-05-05,P041,C0333,WH-North,5,10031.16,50155.8,Delivered,2025-05-07,2025,5,May,1
O08707,2026-06-21,P093,C0660,WH-East,13,11181.17,145355.21,Delivered,2026-06-26,2026,6,June,1
O08708,2026-02-06,P070,C0453,WH-East,13,2886.35,37522.55,Returned,2026-02-12,2026,2,February,0
O08709,2026-06-01,P082,C0595,WH-East,2,7665.58,15331.16,Delivered,2026-06-04,2026,6,June,1
O08710,2026-06-15,P049,C0149,WH-East,2,3014.05,6028.1,Delivered,2026-06-19,2026,6,June,1
O08711,2025-09-11,P044,C0170,WH-East,8,3533.01,28264.08,Delivered,2025-09-16,2025,9,September,1
O08712,2025-05-01,P035,C0325,WH-South,5,10862.84,54314.2,Delivered,2025-05-05,2025,5,May,1
O08713,2025-02-01,P091,C0782,WH-West,14,3806.53,53291.42,Delivered,2025-02-10,2025,2,February,1
O08714,2025-02-06,P005,C0228,WH-West,12,5461.2,65534.4,Delivered,2025-02-09,2025,2,February,1
O08715,2025-12-08,P071,C0326,WH-East,11,4401.72,48418.92,Returned,2025-12-18,2025,12,December,0
O08716,2025-01-13,P074,C0005,WH-West,3,8610.83,25832.49,Cancelled,Unknown,2025,1,January,0
O08717,2025-07-02,P074,C0152,WH-West,1,8610.83,8610.83,Cancelled,Unknown,2025,7,July,0
O08718,2025-09-22,P051,C0221,WH-South,11,506.74,5574.14,Delivered,2025-10-01,2025,9,September,1
O08719,2025-03-29,P057,C0157,WH-South,7,919.99,6439.93,Delivered,2025-04-05,2025,3,March,1
O08720,2026-04-07,P058,C0258,WH-North,11,3596.21,39558.31,Delivered,2026-04-12,2026,4,April,1
O08721,2025-02-15,P092,C0006,WH-North,12,9918.59,119023.08,Delivered,2025-02-22,2025,2,February,1
O08722,2026-01-27,P036,C0290,WH-East,3,9014.91,27044.73,Delivered,2026-01-30,2026,1,January,1
O08723,2025-04-29,P010,C0204,WH-North,7,8992.72,62949.04,Delivered,2025-05-01,2025,4,April,1
O08724,2026-06-15,P050,C0278,WH-East,12,1973.84,23686.08,Cancelled,Unknown,2026,6,June,0
O08725,2026-03-23,P099,C0900,WH-North,2,1477.4,2954.8,Delivered,2026-04-01,2026,3,March,1
O08726,2025-02-15,P099,C0881,WH-West,4,1477.4,5909.6,Delivered,2025-02-21,2025,2,February,1
O08727,2026-05-23,P037,C0134,WH-West,2,2141.55,4283.1,Delivered,2026-06-01,2026,5,May,1
O08728,2026-06-10,P020,C0835,WH-North,4,2297.9,9191.6,Delivered,2026-06-14,2026,6,June,1
O08729,2025-01-03,P013,C0589,WH-West,5,359.86,1799.3,Delivered,2025-01-10,2025,1,January,1
O08730,2025-01-28,P075,C0447,WH-West,15,4757.22,71358.3,Delivered,2025-01-30,2025,1,January,1
O08731,2026-01-16,P019,C0983,WH-East,14,6267.38,87743.32,Delivered,2026-01-20,2026,1,January,1
O08732,2025-06-06,P092,C0995,WH-West,8,9918.59,79348.72,Delivered,2025-06-11,2025,6,June,1
O08733,2026-05-26,P056,C0346,WH-North,2,888.53,1777.06,Delivered,2026-06-01,2026,5,May,1
O08734,2025-11-29,P045,C0116,WH-West,10,11503.77,115037.7,Delivered,2025-12-03,2025,11,November,1
O08735,2025-04-24,P060,C0713,WH-East,3,1239.87,3719.61,Delivered,2025-05-03,2025,4,April,1
O08736,2026-01-24,P068,C0599,WH-North,10,7862.75,78627.5,Delivered,2026-01-30,2026,1,January,1
O08737,2026-05-02,P057,C0580,WH-East,12,919.99,11039.88,Delivered,2026-05-10,2026,5,May,1
O08738,2025-09-07,P054,C0930,WH-West,13,5559.97,72279.61,Delivered,2025-09-13,2025,9,September,1
O08739,2025-11-11,P037,C0613,WH-West,5,2141.55,10707.75,Delivered,2025-11-20,2025,11,November,1
O08740,2025-08-27,P083,C0968,WH-West,11,1377.9,15156.9,Delivered,2025-08-29,2025,8,August,1
O08741,2025-08-22,P037,C0674,WH-South,12,2141.55,25698.6,Delivered,2025-08-26,2025,8,August,1
O08742,2025-10-30,P014,C0313,WH-East,12,8215.45,98585.4,Delivered,2025-11-03,2025,10,October,1
O08743,2025-11-30,P095,C0421,WH-North,9,5427.18,48844.62,Delivered,2025-12-04,2025,11,November,1
O08744,2025-04-23,P092,C0902,WH-West,10,9918.59,99185.9,Delivered,2025-04-30,2025,4,April,1
O08745,2025-12-28,P100,C0583,WH-South,11,6160.6,67766.6,Delivered,2026-01-07,2025,12,December,1
O08746,2025-04-07,P044,C0173,WH-South,5,3533.01,17665.05,Delivered,2025-04-14,2025,4,April,1
O08747,2025-01-16,P083,C0169,WH-East,15,1377.9,20668.5,Processing,2025-01-22,2025,1,January,0
O08748,2026-01-11,P042,C0103,WH-West,14,4932.36,69053.04,Delivered,2026-01-13,2026,1,January,1
O08749,2026-01-25,P001,C0228,WH-East,9,2324.33,20918.97,Delivered,2026-01-28,2026,1,January,1
O08750,2025-08-05,P023,C0133,WH-West,4,2561.5,10246.0,Delivered,2025-08-07,2025,8,August,1
O08751,2026-02-03,P064,C0572,WH-West,10,9772.25,97722.5,Delivered,2026-02-10,2026,2,February,1
O08752,2025-09-17,P028,C0963,WH-West,5,1732.59,8662.95,Delivered,2025-09-21,2025,9,September,1
O08753,2025-11-16,P004,C0657,WH-South,15,5647.39,84710.85,Processing,2025-11-22,2025,11,November,0
O08754,2025-07-15,P041,C0211,WH-East,9,10031.16,90280.44,Delivered,2025-07-22,2025,7,July,1
O08755,2026-04-23,P060,C0109,WH-East,4,1239.87,4959.48,Delivered,2026-04-29,2026,4,April,1
O08756,2026-02-22,P018,C0193,WH-East,5,6842.11,34210.55,Cancelled,Unknown,2026,2,February,0
O08757,2026-04-20,P063,C0357,WH-North,5,6119.08,30595.4,Delivered,2026-04-23,2026,4,April,1
O08758,2026-06-28,P061,C0695,WH-North,4,9046.33,36185.32,Delivered,2026-07-01,2026,6,June,1
O08759,2025-08-19,P049,C0521,WH-South,4,3014.05,12056.2,Delivered,2025-08-22,2025,8,August,1
O08760,2026-06-05,P047,C0644,WH-South,11,9554.1,105095.1,Delivered,2026-06-10,2026,6,June,1
O08761,2025-07-19,P039,C0426,WH-South,5,2741.34,13706.7,Delivered,2025-07-24,2025,7,July,1
O08762,2025-01-21,P089,C0942,WH-East,12,5210.42,62525.04,Delivered,2025-01-25,2025,1,January,1
O08763,2025-11-07,P082,C0074,WH-East,6,7665.58,45993.48,Cancelled,Unknown,2025,11,November,0
O08764,2026-03-10,P006,C0096,WH-West,7,716.9,5018.3,Delivered,2026-03-15,2026,3,March,1
O08765,2026-01-06,P083,C0129,WH-East,15,1377.9,20668.5,Delivered,2026-01-15,2026,1,January,1
O08766,2025-03-19,P053,C0343,WH-South,6,8550.49,51302.94,Delivered,2025-03-23,2025,3,March,1
O08767,2026-06-26,P076,C0371,WH-South,15,2781.69,41725.35,Delivered,2026-06-29,2026,6,June,1
O08768,2025-10-12,P025,C0401,WH-West,1,2564.25,2564.25,Delivered,2025-10-21,2025,10,October,1
O08769,2025-05-20,P099,C0884,WH-North,15,1477.4,22161.0,Delivered,2025-05-27,2025,5,May,1
O08770,2025-10-09,P065,C0222,WH-East,2,6932.91,13865.82,Returned,2025-10-12,2025,10,October,0
O08771,2025-09-15,P005,C0640,WH-East,7,5461.2,38228.4,Delivered,2025-09-23,2025,9,September,1
O08772,2025-12-26,P065,C0512,WH-North,14,6932.91,97060.74,Delivered,2026-01-03,2025,12,December,1
O08773,2026-03-16,P008,C0859,WH-South,3,7685.98,23057.94,Delivered,2026-03-21,2026,3,March,1
O08774,2025-09-27,P039,C0505,WH-South,12,2741.34,32896.08,Returned,2025-10-06,2025,9,September,0
O08775,2025-05-14,P043,C0335,WH-South,10,7218.47,72184.7,Delivered,2025-05-18,2025,5,May,1
O08776,2025-04-14,P082,C0374,WH-East,11,7665.58,84321.38,Delivered,2025-04-24,2025,4,April,1
O08777,2025-04-05,P073,C0486,WH-North,13,5286.08,68719.04,Delivered,2025-04-11,2025,4,April,1
O08778,2026-04-25,P005,C0007,WH-North,2,5461.2,10922.4,Delivered,2026-04-29,2026,4,April,1
O08779,2025-08-29,P004,C0737,WH-South,6,5647.39,33884.34,Delivered,2025-09-08,2025,8,August,1
O08780,2025-01-13,P093,C0389,WH-East,11,11181.17,122992.87,Delivered,2025-01-16,2025,1,January,1
O08781,2025-05-27,P001,C0436,WH-North,4,2324.33,9297.32,Delivered,2025-05-30,2025,5,May,1
O08782,2025-04-05,P094,C0116,WH-East,12,9560.46,114725.52,Delivered,2025-04-09,2025,4,April,1
O08783,2025-10-20,P056,C0103,WH-West,15,888.53,13327.95,Delivered,2025-10-30,2025,10,October,1
O08784,2025-01-25,P045,C0738,WH-South,11,11503.77,126541.47,Delivered,2025-01-29,2025,1,January,1
O08785,2025-09-29,P065,C0565,WH-South,5,6932.91,34664.55,Delivered,2025-10-05,2025,9,September,1
O08786,2026-05-20,P003,C0887,WH-West,15,8874.43,133116.45,Delivered,2026-05-30,2026,5,May,1
O08787,2025-06-15,P022,C0003,WH-North,6,9065.34,54392.04,Delivered,2025-06-22,2025,6,June,1
O08788,2025-03-28,P072,C0830,WH-South,3,7933.68,23801.04,Delivered,2025-04-04,2025,3,March,1
O08789,2026-05-06,P056,C0544,WH-North,1,888.53,888.53,Delivered,2026-05-08,2026,5,May,1
O08790,2025-05-21,P018,C0770,WH-South,3,6842.11,20526.33,Delivered,2025-05-24,2025,5,May,1
O08791,2025-04-13,P025,C0080,WH-West,3,2564.25,7692.75,Delivered,2025-04-23,2025,4,April,1
O08792,2025-08-14,P048,C0636,WH-West,6,8206.14,49236.84,Cancelled,Unknown,2025,8,August,0
O08793,2025-10-21,P084,C0849,WH-North,4,9567.6,38270.4,Delivered,2025-10-24,2025,10,October,1
O08794,2025-11-02,P031,C0821,WH-South,7,1882.62,13178.34,Delivered,2025-11-08,2025,11,November,1
O08795,2025-09-11,P030,C0396,WH-South,13,6989.65,90865.45,Delivered,2025-09-17,2025,9,September,1
O08796,2025-06-29,P080,C0892,WH-East,15,6733.38,101000.7,Delivered,2025-07-06,2025,6,June,1
O08797,2025-02-09,P066,C0389,WH-East,11,9296.31,102259.41,Delivered,2025-02-14,2025,2,February,1
O08798,2026-06-04,P081,C0260,WH-South,2,8788.43,17576.86,Cancelled,Unknown,2026,6,June,0
O08799,2026-06-30,P010,C0312,WH-North,12,8992.72,107912.64,Delivered,2026-07-06,2026,6,June,1
O08800,2025-08-24,P071,C0336,WH-West,4,4401.72,17606.88,Processing,2025-08-29,2025,8,August,0
O08801,2026-04-08,P059,C0210,WH-South,8,722.03,5776.24,Delivered,2026-04-18,2026,4,April,1
O08802,2025-08-16,P051,C0511,WH-East,11,506.74,5574.14,Delivered,2025-08-19,2025,8,August,1
O08803,2026-04-28,P009,C0448,WH-West,6,6820.58,40923.48,Delivered,2026-05-01,2026,4,April,1
O08804,2026-03-06,P054,C0045,WH-North,10,5559.97,55599.7,Delivered,2026-03-10,2026,3,March,1
O08805,2025-01-22,P062,C0956,WH-South,3,11436.7,34310.1,Delivered,2025-01-27,2025,1,January,1
O08806,2025-12-09,P081,C0404,WH-South,10,8788.43,87884.3,Delivered,2025-12-19,2025,12,December,1
O08807,2025-02-09,P009,C0309,WH-West,12,6820.58,81846.96,Delivered,2025-02-15,2025,2,February,1
O08808,2025-06-22,P009,C0841,WH-West,2,6820.58,13641.16,Delivered,2025-06-25,2025,6,June,1
O08809,2026-03-15,P024,C0784,WH-East,15,5645.0,84675.0,Delivered,2026-03-19,2026,3,March,1
O08810,2025-06-28,P039,C0227,WH-North,3,2741.34,8224.02,Processing,2025-07-07,2025,6,June,0
O08811,2025-05-13,P075,C0349,WH-West,1,4757.22,4757.22,Delivered,2025-05-20,2025,5,May,1
O08812,2025-12-17,P008,C0113,WH-North,1,7685.98,7685.98,Delivered,2025-12-23,2025,12,December,1
O08813,2026-06-09,P025,C0030,WH-North,2,2564.25,5128.5,Delivered,2026-06-14,2026,6,June,1
O08814,2026-06-24,P066,C0276,WH-South,14,9296.31,130148.34,Delivered,2026-06-29,2026,6,June,1
O08815,2026-05-21,P010,C0362,WH-West,3,8992.72,26978.16,Processing,2026-05-30,2026,5,May,0
O08816,2025-03-25,P024,C0726,WH-West,13,5645.0,73385.0,Delivered,2025-04-01,2025,3,March,1
O08817,2026-04-09,P080,C0087,WH-East,9,6733.38,60600.42,Delivered,2026-04-15,2026,4,April,1
O08818,2025-12-09,P083,C0436,WH-South,8,1377.9,11023.2,Returned,2025-12-15,2025,12,December,0
O08819,2025-10-07,P059,C0804,WH-West,12,722.03,8664.36,Delivered,2025-10-14,2025,10,October,1
O08820,2025-09-20,P031,C0022,WH-West,15,1882.62,28239.3,Processing,2025-09-24,2025,9,September,0
O08821,2025-06-15,P011,C0385,WH-East,11,11449.02,125939.22,Delivered,2025-06-23,2025,6,June,1
O08822,2025-10-20,P006,C0021,WH-East,11,716.9,7885.9,Delivered,2025-10-22,2025,10,October,1
O08823,2026-05-24,P070,C0688,WH-North,15,2886.35,43295.25,Processing,2026-05-30,2026,5,May,0
O08824,2025-08-14,P032,C0491,WH-South,9,8387.44,75486.96,Delivered,2025-08-21,2025,8,August,1
O08825,2025-06-19,P039,C0467,WH-North,7,2741.34,19189.38,Delivered,2025-06-22,2025,6,June,1
O08826,2026-03-24,P048,C0456,WH-East,7,8206.14,57442.98,Delivered,2026-03-27,2026,3,March,1
O08827,2026-05-17,P013,C0773,WH-West,5,359.86,1799.3,Delivered,2026-05-27,2026,5,May,1
O08828,2026-06-11,P059,C0888,WH-West,7,722.03,5054.21,Delivered,2026-06-14,2026,6,June,1
O08829,2026-01-14,P067,C0680,WH-East,4,3626.7,14506.8,Delivered,2026-01-18,2026,1,January,1
O08830,2025-07-20,P056,C0221,WH-North,5,888.53,4442.65,Cancelled,Unknown,2025,7,July,0
O08831,2025-09-07,P041,C0594,WH-North,12,10031.16,120373.92,Delivered,2025-09-17,2025,9,September,1
O08832,2026-02-13,P056,C0989,WH-East,1,888.53,888.53,Delivered,2026-02-15,2026,2,February,1
O08833,2025-05-05,P035,C0591,WH-West,11,10862.84,119491.24,Delivered,2025-05-10,2025,5,May,1
O08834,2025-04-23,P038,C0498,WH-South,4,9847.32,39389.28,Delivered,2025-05-01,2025,4,April,1
O08835,2025-05-17,P081,C0813,WH-North,3,8788.43,26365.29,Delivered,2025-05-20,2025,5,May,1
O08836,2026-05-11,P067,C0159,WH-South,2,3626.7,7253.4,Delivered,2026-05-20,2026,5,May,1
O08837,2025-05-30,P034,C0143,WH-West,2,7873.1,15746.2,Delivered,2025-06-08,2025,5,May,1
O08838,2025-12-09,P076,C0826,WH-East,8,2781.69,22253.52,Delivered,2025-12-13,2025,12,December,1
O08839,2025-11-17,P088,C0949,WH-North,1,7327.81,7327.81,Delivered,2025-11-22,2025,11,November,1
O08840,2026-06-16,P070,C0045,WH-North,8,2886.35,23090.8,Delivered,2026-06-24,2026,6,June,1
O08841,2025-10-16,P011,C0451,WH-West,9,11449.02,103041.18,Delivered,2025-10-22,2025,10,October,1
O08842,2026-05-04,P027,C0236,WH-East,6,3927.78,23566.68,Delivered,2026-05-10,2026,5,May,1
O08843,2026-05-07,P048,C0682,WH-North,1,8206.14,8206.14,Returned,2026-05-10,2026,5,May,0
O08844,2025-09-09,P024,C0225,WH-West,10,5645.0,56450.0,Delivered,2025-09-16,2025,9,September,1
O08845,2025-03-18,P018,C0408,WH-North,12,6842.11,82105.32,Delivered,2025-03-23,2025,3,March,1
O08846,2026-01-27,P027,C0294,WH-South,7,3927.78,27494.46,Delivered,2026-02-02,2026,1,January,1
O08847,2026-02-16,P054,C0819,WH-North,15,5559.97,83399.55,Cancelled,Unknown,2026,2,February,0
O08848,2025-06-22,P055,C0280,WH-West,15,1487.11,22306.65,Delivered,2025-06-25,2025,6,June,1
O08849,2025-07-20,P021,C0973,WH-South,5,2945.59,14727.95,Delivered,2025-07-29,2025,7,July,1
O08850,2025-08-05,P059,C0603,WH-North,15,722.03,10830.45,Delivered,2025-08-07,2025,8,August,1
O08851,2026-01-11,P034,C0417,WH-North,9,7873.1,70857.9,Delivered,2026-01-14,2026,1,January,1
O08852,2025-01-11,P097,C0147,WH-East,7,7927.96,55495.72,Cancelled,Unknown,2025,1,January,0
O08853,2025-01-12,P058,C0793,WH-East,5,3596.21,17981.05,Delivered,2025-01-20,2025,1,January,1
O08854,2026-03-11,P048,C0582,WH-North,13,8206.14,106679.82,Delivered,2026-03-14,2026,3,March,1
O08855,2026-01-08,P054,C0993,WH-South,2,5559.97,11119.94,Delivered,2026-01-10,2026,1,January,1
O08856,2025-09-30,P018,C0985,WH-East,14,6842.11,95789.54,Returned,2025-10-02,2025,9,September,0
O08857,2026-05-24,P003,C0471,WH-East,4,8874.43,35497.72,Delivered,2026-05-26,2026,5,May,1
O08858,2025-05-12,P024,C0049,WH-East,2,5645.0,11290.0,Delivered,2025-05-19,2025,5,May,1
O08859,2025-11-15,P001,C0017,WH-West,9,2324.33,20918.97,Delivered,2025-11-23,2025,11,November,1
O08860,2025-06-17,P006,C0149,WH-North,2,716.9,1433.8,Delivered,2025-06-20,2025,6,June,1
O08861,2026-02-01,P019,C0555,WH-South,2,6267.38,12534.76,Delivered,2026-02-08,2026,2,February,1
O08862,2025-06-29,P086,C0212,WH-South,2,3132.13,6264.26,Delivered,2025-07-04,2025,6,June,1
O08863,2025-02-27,P043,C0716,WH-North,1,7218.47,7218.47,Delivered,2025-03-09,2025,2,February,1
O08864,2026-04-25,P008,C0717,WH-East,9,7685.98,69173.82,Delivered,2026-05-04,2026,4,April,1
O08865,2026-04-05,P069,C0850,WH-South,8,7876.01,63008.08,Delivered,2026-04-14,2026,4,April,1
O08866,2025-03-02,P052,C0918,WH-West,2,2109.04,4218.08,Delivered,2025-03-05,2025,3,March,1
O08867,2026-01-04,P073,C0063,WH-West,2,5286.08,10572.16,Delivered,2026-01-10,2026,1,January,1
O08868,2025-05-01,P047,C0536,WH-South,5,9554.1,47770.5,Delivered,2025-05-04,2025,5,May,1
O08869,2026-06-30,P085,C0545,WH-West,12,1090.03,13080.36,Delivered,2026-07-04,2026,6,June,1
O08870,2025-01-17,P028,C0963,WH-North,13,1732.59,22523.67,Delivered,2025-01-26,2025,1,January,1
O08871,2026-05-11,P046,C0721,WH-West,14,2032.34,28452.76,Delivered,2026-05-17,2026,5,May,1
O08872,2026-05-12,P004,C0487,WH-West,12,5647.39,67768.68,Processing,2026-05-17,2026,5,May,0
O08873,2026-05-20,P088,C0480,WH-South,14,7327.81,102589.34,Delivered,2026-05-26,2026,5,May,1
O08874,2026-06-16,P008,C0785,WH-West,4,7685.98,30743.92,Delivered,2026-06-25,2026,6,June,1
O08875,2025-11-11,P061,C0688,WH-South,2,9046.33,18092.66,Delivered,2025-11-19,2025,11,November,1
O08876,2025-03-10,P017,C0044,WH-East,8,8360.81,66886.48,Delivered,2025-03-17,2025,3,March,1
O08877,2025-06-10,P034,C0665,WH-East,8,7873.1,62984.8,Delivered,2025-06-13,2025,6,June,1
O08878,2025-05-25,P020,C0456,WH-West,13,2297.9,29872.7,Delivered,2025-05-31,2025,5,May,1
O08879,2026-01-20,P080,C0511,WH-East,4,6733.38,26933.52,Delivered,2026-01-30,2026,1,January,1
O08880,2025-09-26,P074,C0875,WH-South,14,8610.83,120551.62,Delivered,2025-10-06,2025,9,September,1
O08881,2026-03-30,P034,C0355,WH-East,4,7873.1,31492.4,Delivered,2026-04-09,2026,3,March,1
O08882,2026-06-02,P043,C0700,WH-North,9,7218.47,64966.23,Delivered,2026-06-06,2026,6,June,1
O08883,2025-12-16,P010,C0797,WH-East,4,8992.72,35970.88,Delivered,2025-12-26,2025,12,December,1
O08884,2025-04-20,P094,C0012,WH-East,15,9560.46,143406.9,Delivered,2025-04-30,2025,4,April,1
O08885,2026-04-28,P030,C0356,WH-South,10,6989.65,69896.5,Delivered,2026-05-04,2026,4,April,1
O08886,2026-02-11,P025,C0895,WH-East,11,2564.25,28206.75,Delivered,2026-02-18,2026,2,February,1
O08887,2025-02-20,P057,C0137,WH-West,9,919.99,8279.91,Delivered,2025-02-28,2025,2,February,1
O08888,2026-02-07,P063,C0474,WH-North,3,6119.08,18357.24,Delivered,2026-02-14,2026,2,February,1
O08889,2026-04-21,P071,C0598,WH-East,2,4401.72,8803.44,Delivered,2026-04-27,2026,4,April,1
O08890,2025-03-28,P047,C0053,WH-East,15,9554.1,143311.5,Delivered,2025-03-30,2025,3,March,1
O08891,2025-03-09,P084,C0573,WH-West,11,9567.6,105243.6,Delivered,2025-03-14,2025,3,March,1
O08892,2025-02-11,P081,C0927,WH-North,8,8788.43,70307.44,Delivered,2025-02-20,2025,2,February,1
O08893,2025-02-26,P003,C0113,WH-North,12,8874.43,106493.16,Delivered,2025-03-07,2025,2,February,1
O08894,2025-07-15,P046,C0816,WH-East,3,2032.34,6097.02,Cancelled,Unknown,2025,7,July,0
O08895,2025-03-03,P036,C0620,WH-South,13,9014.91,117193.83,Delivered,2025-03-07,2025,3,March,1
O08896,2025-09-20,P026,C0478,WH-North,2,8058.43,16116.86,Delivered,2025-09-29,2025,9,September,1
O08897,2025-04-22,P010,C0335,WH-North,13,8992.72,116905.36,Processing,2025-04-30,2025,4,April,0
O08898,2025-06-27,P034,C0815,WH-South,11,7873.1,86604.1,Delivered,2025-07-07,2025,6,June,1
O08899,2025-01-26,P078,C0417,WH-North,8,8749.35,69994.8,Delivered,2025-01-30,2025,1,January,1
O08900,2026-02-14,P008,C0067,WH-North,15,7685.98,115289.7,Cancelled,Unknown,2026,2,February,0
O08901,2026-06-15,P055,C0994,WH-South,8,1487.11,11896.88,Delivered,2026-06-17,2026,6,June,1
O08902,2025-11-13,P091,C0320,WH-East,5,3806.53,19032.65,Cancelled,Unknown,2025,11,November,0
O08903,2026-06-16,P010,C0634,WH-South,9,8992.72,80934.48,Delivered,2026-06-19,2026,6,June,1
O08904,2025-04-16,P057,C0254,WH-West,11,919.99,10119.89,Returned,2025-04-22,2025,4,April,0
O08905,2026-04-09,P079,C0401,WH-West,6,8889.27,53335.62,Delivered,2026-04-16,2026,4,April,1
O08906,2025-09-03,P086,C0300,WH-East,5,3132.13,15660.65,Delivered,2025-09-08,2025,9,September,1
O08907,2025-03-22,P045,C0005,WH-West,12,11503.77,138045.24,Processing,2025-04-01,2025,3,March,0
O08908,2026-01-31,P050,C0862,WH-West,3,1973.84,5921.52,Delivered,2026-02-04,2026,1,January,1
O08909,2026-06-06,P064,C0446,WH-North,7,9772.25,68405.75,Delivered,2026-06-09,2026,6,June,1
O08910,2025-09-21,P095,C0235,WH-North,14,5427.18,75980.52,Delivered,2025-09-25,2025,9,September,1
O08911,2025-10-01,P002,C0447,WH-East,15,9662.88,144943.2,Delivered,2025-10-07,2025,10,October,1
O08912,2025-06-21,P045,C0847,WH-West,9,11503.77,103533.93,Delivered,2025-06-23,2025,6,June,1
O08913,2025-09-22,P095,C0039,WH-West,4,5427.18,21708.72,Delivered,2025-09-27,2025,9,September,1
O08914,2025-01-26,P062,C0200,WH-South,11,11436.7,125803.7,Delivered,2025-01-28,2025,1,January,1
O08915,2026-04-14,P014,C0682,WH-North,7,8215.45,57508.15,Delivered,2026-04-24,2026,4,April,1
O08916,2026-04-21,P074,C0870,WH-South,12,8610.83,103329.96,Delivered,2026-04-25,2026,4,April,1
O08917,2025-12-22,P094,C0860,WH-West,3,9560.46,28681.38,Processing,2025-12-25,2025,12,December,0
O08918,2025-01-26,P100,C0021,WH-East,11,6160.6,67766.6,Delivered,2025-02-01,2025,1,January,1
O08919,2025-02-03,P015,C0687,WH-West,2,10925.43,21850.86,Delivered,2025-02-05,2025,2,February,1
O08920,2025-09-21,P014,C0074,WH-East,13,8215.45,106800.85,Returned,2025-09-29,2025,9,September,0
O08921,2025-05-18,P031,C0796,WH-East,11,1882.62,20708.82,Delivered,2025-05-28,2025,5,May,1
O08922,2026-04-07,P029,C0149,WH-South,1,7630.58,7630.58,Delivered,2026-04-09,2026,4,April,1
O08923,2025-06-17,P027,C0625,WH-West,6,3927.78,23566.68,Delivered,2025-06-26,2025,6,June,1
O08924,2025-03-22,P085,C0284,WH-South,5,1090.03,5450.15,Delivered,2025-03-31,2025,3,March,1
O08925,2026-02-11,P009,C0086,WH-West,2,6820.58,13641.16,Delivered,2026-02-19,2026,2,February,1
O08926,2025-02-15,P020,C0102,WH-East,13,2297.9,29872.7,Processing,2025-02-20,2025,2,February,0
O08927,2025-02-22,P099,C0531,WH-North,13,1477.4,19206.2,Delivered,2025-03-02,2025,2,February,1
O08928,2026-04-21,P058,C0063,WH-West,3,3596.21,10788.63,Cancelled,Unknown,2026,4,April,0
O08929,2025-01-16,P079,C0628,WH-East,9,8889.27,80003.43,Returned,2025-01-23,2025,1,January,0
O08930,2025-12-26,P088,C0692,WH-North,3,7327.81,21983.43,Delivered,2026-01-01,2025,12,December,1
O08931,2026-05-02,P049,C0550,WH-West,7,3014.05,21098.35,Delivered,2026-05-08,2026,5,May,1
O08932,2026-05-17,P057,C0814,WH-North,1,919.99,919.99,Delivered,2026-05-26,2026,5,May,1
O08933,2025-05-21,P016,C0408,WH-West,7,6037.0,42259.0,Delivered,2025-05-23,2025,5,May,1
O08934,2026-03-23,P100,C0604,WH-West,9,6160.6,55445.4,Delivered,2026-04-01,2026,3,March,1
O08935,2025-10-17,P075,C0173,WH-North,12,4757.22,57086.64,Processing,2025-10-22,2025,10,October,0
O08936,2025-07-28,P008,C0717,WH-South,11,7685.98,84545.78,Delivered,2025-08-04,2025,7,July,1
O08937,2026-04-20,P067,C0521,WH-North,8,3626.7,29013.6,Delivered,2026-04-27,2026,4,April,1
O08938,2026-02-17,P019,C0521,WH-North,7,6267.38,43871.66,Delivered,2026-02-19,2026,2,February,1
O08939,2026-03-03,P067,C0533,WH-East,10,3626.7,36267.0,Delivered,2026-03-12,2026,3,March,1
O08940,2026-01-06,P036,C0024,WH-North,14,9014.91,126208.74,Delivered,2026-01-11,2026,1,January,1
O08941,2025-10-17,P089,C0095,WH-West,8,5210.42,41683.36,Returned,2025-10-27,2025,10,October,0
O08942,2026-03-08,P060,C0704,WH-West,13,1239.87,16118.31,Delivered,2026-03-16,2026,3,March,1
O08943,2025-09-25,P036,C0861,WH-North,4,9014.91,36059.64,Delivered,2025-09-30,2025,9,September,1
O08944,2025-05-31,P011,C0296,WH-East,15,11449.02,171735.3,Delivered,2025-06-02,2025,5,May,1
O08945,2025-09-12,P051,C0970,WH-West,2,506.74,1013.48,Delivered,2025-09-22,2025,9,September,1
O08946,2025-12-19,P080,C0180,WH-South,14,6733.38,94267.32,Delivered,2025-12-26,2025,12,December,1
O08947,2026-01-12,P055,C0900,WH-North,14,1487.11,20819.54,Delivered,2026-01-19,2026,1,January,1
O08948,2025-12-24,P054,C0131,WH-South,11,5559.97,61159.67,Delivered,2025-12-26,2025,12,December,1
O08949,2026-01-05,P017,C0909,WH-East,9,8360.81,75247.29,Delivered,2026-01-11,2026,1,January,1
O08950,2025-08-15,P062,C0533,WH-South,15,11436.7,171550.5,Delivered,2025-08-20,2025,8,August,1
O08951,2025-10-30,P042,C0008,WH-North,3,4932.36,14797.08,Delivered,2025-11-01,2025,10,October,1
O08952,2026-01-24,P024,C0888,WH-South,14,5645.0,79030.0,Delivered,2026-02-01,2026,1,January,1
O08953,2026-01-12,P017,C0201,WH-West,11,8360.81,91968.91,Delivered,2026-01-17,2026,1,January,1
O08954,2025-04-28,P048,C0878,WH-South,4,8206.14,32824.56,Delivered,2025-05-02,2025,4,April,1
O08955,2025-01-05,P084,C0385,WH-East,7,9567.6,66973.2,Delivered,2025-01-08,2025,1,January,1
O08956,2026-03-20,P086,C0526,WH-East,2,3132.13,6264.26,Delivered,2026-03-29,2026,3,March,1
O08957,2025-12-18,P070,C0844,WH-East,14,2886.35,40408.9,Returned,2025-12-24,2025,12,December,0
O08958,2026-06-17,P007,C0548,WH-West,15,11389.37,170840.55,Processing,2026-06-27,2026,6,June,0
O08959,2025-05-04,P014,C0406,WH-East,8,8215.45,65723.6,Delivered,2025-05-10,2025,5,May,1
O08960,2025-10-04,P011,C0373,WH-West,12,11449.02,137388.24,Delivered,2025-10-06,2025,10,October,1
O08961,2026-01-29,P012,C0164,WH-East,10,3219.93,32199.3,Cancelled,Unknown,2026,1,January,0
O08962,2025-12-26,P005,C0557,WH-East,8,5461.2,43689.6,Processing,2026-01-01,2025,12,December,0
O08963,2026-04-14,P005,C0656,WH-East,12,5461.2,65534.4,Delivered,2026-04-23,2026,4,April,1
O08964,2025-02-26,P020,C0523,WH-West,5,2297.9,11489.5,Delivered,2025-03-05,2025,2,February,1
O08965,2025-09-08,P054,C0835,WH-East,9,5559.97,50039.73,Delivered,2025-09-14,2025,9,September,1
O08966,2025-05-30,P055,C0354,WH-West,8,1487.11,11896.88,Delivered,2025-06-08,2025,5,May,1
O08967,2026-03-28,P058,C0409,WH-West,1,3596.21,3596.21,Delivered,2026-03-30,2026,3,March,1
O08968,2025-06-11,P079,C0511,WH-West,9,8889.27,80003.43,Returned,2025-06-17,2025,6,June,0
O08969,2025-04-30,P090,C0858,WH-South,13,2450.87,31861.31,Delivered,2025-05-04,2025,4,April,1
O08970,2025-12-17,P097,C0963,WH-East,14,7927.96,110991.44,Delivered,2025-12-23,2025,12,December,1
O08971,2025-04-09,P030,C0212,WH-West,14,6989.65,97855.1,Delivered,2025-04-13,2025,4,April,1
O08972,2025-06-16,P024,C0927,WH-South,5,5645.0,28225.0,Delivered,2025-06-21,2025,6,June,1
O08973,2026-05-29,P087,C0625,WH-North,9,6619.57,59576.13,Delivered,2026-06-08,2026,5,May,1
O08974,2026-02-05,P073,C0961,WH-West,9,5286.08,47574.72,Delivered,2026-02-08,2026,2,February,1
O08975,2025-12-31,P003,C0858,WH-West,10,8874.43,88744.3,Delivered,2026-01-02,2025,12,December,1
O08976,2025-11-22,P100,C0345,WH-East,10,6160.6,61606.0,Delivered,2025-11-27,2025,11,November,1
O08977,2025-09-04,P048,C0011,WH-West,3,8206.14,24618.42,Delivered,2025-09-13,2025,9,September,1
O08978,2026-03-10,P071,C0336,WH-North,8,4401.72,35213.76,Delivered,2026-03-16,2026,3,March,1
O08979,2025-04-03,P022,C0340,WH-West,7,9065.34,63457.38,Delivered,2025-04-13,2025,4,April,1
O08980,2025-09-25,P014,C0874,WH-West,15,8215.45,123231.75,Delivered,2025-09-29,2025,9,September,1
O08981,2025-11-17,P048,C0884,WH-East,7,8206.14,57442.98,Delivered,2025-11-27,2025,11,November,1
O08982,2025-03-03,P029,C0678,WH-West,12,7630.58,91566.96,Delivered,2025-03-05,2025,3,March,1
O08983,2025-10-27,P050,C0258,WH-North,10,1973.84,19738.4,Delivered,2025-10-30,2025,10,October,1
O08984,2026-02-07,P080,C0054,WH-South,2,6733.38,13466.76,Delivered,2026-02-17,2026,2,February,1
O08985,2025-10-30,P098,C0605,WH-East,2,2843.84,5687.68,Cancelled,Unknown,2025,10,October,0
O08986,2025-09-10,P010,C0775,WH-South,2,8992.72,17985.44,Delivered,2025-09-16,2025,9,September,1
O08987,2026-04-23,P071,C0945,WH-North,13,4401.72,57222.36,Delivered,2026-04-28,2026,4,April,1
O08988,2026-01-04,P089,C0296,WH-West,11,5210.42,57314.62,Delivered,2026-01-14,2026,1,January,1
O08989,2025-06-09,P027,C0557,WH-South,2,3927.78,7855.56,Delivered,2025-06-12,2025,6,June,1
O08990,2025-06-15,P079,C0950,WH-East,14,8889.27,124449.78,Delivered,2025-06-19,2025,6,June,1
O08991,2025-07-24,P096,C0217,WH-South,4,6299.54,25198.16,Delivered,2025-08-02,2025,7,July,1
O08992,2025-09-24,P028,C0701,WH-West,7,1732.59,12128.13,Processing,2025-09-26,2025,9,September,0
O08993,2025-05-18,P009,C0388,WH-South,2,6820.58,13641.16,Delivered,2025-05-21,2025,5,May,1
O08994,2026-01-03,P071,C0107,WH-North,5,4401.72,22008.6,Delivered,2026-01-09,2026,1,January,1
O08995,2026-03-19,P080,C0802,WH-West,14,6733.38,94267.32,Delivered,2026-03-27,2026,3,March,1
O08996,2025-01-17,P026,C0473,WH-West,7,8058.43,56409.01,Delivered,2025-01-27,2025,1,January,1
O08997,2025-03-09,P099,C0008,WH-West,9,1477.4,13296.6,Delivered,2025-03-13,2025,3,March,1
O08998,2025-05-13,P081,C0544,WH-North,8,8788.43,70307.44,Returned,2025-05-18,2025,5,May,0
O08999,2026-03-06,P087,C0914,WH-East,9,6619.57,59576.13,Delivered,2026-03-08,2026,3,March,1
O09000,2025-11-04,P008,C0168,WH-North,7,7685.98,53801.86,Delivered,2025-11-06,2025,11,November,1
O09001,2025-06-23,P002,C0331,WH-West,3,9662.88,28988.64,Delivered,2025-06-25,2025,6,June,1
O09002,2026-02-16,P095,C0952,WH-West,1,5427.18,5427.18,Delivered,2026-02-21,2026,2,February,1
O09003,2025-04-07,P057,C0037,WH-South,10,919.99,9199.9,Delivered,2025-04-17,2025,4,April,1
O09004,2025-06-03,P052,C0231,WH-North,7,2109.04,14763.28,Delivered,2025-06-12,2025,6,June,1
O09005,2025-08-30,P058,C0183,WH-East,13,3596.21,46750.73,Returned,2025-09-04,2025,8,August,0
O09006,2025-10-31,P096,C0292,WH-West,11,6299.54,69294.94,Delivered,2025-11-09,2025,10,October,1
O09007,2025-10-12,P093,C0758,WH-North,6,11181.17,67087.02,Delivered,2025-10-20,2025,10,October,1
O09008,2025-01-27,P003,C0522,WH-West,2,8874.43,17748.86,Processing,2025-02-03,2025,1,January,0
O09009,2026-02-06,P008,C0070,WH-East,1,7685.98,7685.98,Delivered,2026-02-09,2026,2,February,1
O09010,2025-12-26,P059,C0237,WH-East,12,722.03,8664.36,Delivered,2025-12-30,2025,12,December,1
O09011,2025-03-01,P002,C0464,WH-South,10,9662.88,96628.8,Delivered,2025-03-06,2025,3,March,1
O09012,2025-07-21,P095,C0118,WH-South,4,5427.18,21708.72,Delivered,2025-07-29,2025,7,July,1
O09013,2026-01-05,P062,C0729,WH-South,14,11436.7,160113.8,Returned,2026-01-14,2026,1,January,0
O09014,2026-06-17,P049,C0191,WH-East,4,3014.05,12056.2,Delivered,2026-06-26,2026,6,June,1
O09015,2025-06-01,P020,C0930,WH-North,6,2297.9,13787.4,Delivered,2025-06-06,2025,6,June,1
O09016,2025-04-12,P029,C0863,WH-North,11,7630.58,83936.38,Cancelled,Unknown,2025,4,April,0
O09017,2026-03-22,P017,C0506,WH-East,5,8360.81,41804.05,Delivered,2026-03-31,2026,3,March,1
O09018,2025-08-17,P074,C0504,WH-East,9,8610.83,77497.47,Delivered,2025-08-23,2025,8,August,1
O09019,2025-05-05,P022,C0751,WH-North,8,9065.34,72522.72,Delivered,2025-05-09,2025,5,May,1
O09020,2025-08-24,P006,C0840,WH-West,9,716.9,6452.1,Delivered,2025-08-27,2025,8,August,1
O09021,2025-06-11,P062,C0401,WH-North,10,11436.7,114367.0,Delivered,2025-06-21,2025,6,June,1
O09022,2025-12-19,P098,C0891,WH-East,7,2843.84,19906.88,Delivered,2025-12-21,2025,12,December,1
O09023,2025-03-09,P031,C0317,WH-North,9,1882.62,16943.58,Returned,2025-03-17,2025,3,March,0
O09024,2025-06-22,P062,C0718,WH-North,3,11436.7,34310.1,Delivered,2025-06-30,2025,6,June,1
O09025,2025-09-18,P012,C0222,WH-East,9,3219.93,28979.37,Delivered,2025-09-20,2025,9,September,1
O09026,2025-08-05,P012,C0658,WH-West,2,3219.93,6439.86,Delivered,2025-08-13,2025,8,August,1
O09027,2025-05-04,P063,C0189,WH-East,9,6119.08,55071.72,Delivered,2025-05-06,2025,5,May,1
O09028,2025-06-11,P016,C0750,WH-South,13,6037.0,78481.0,Delivered,2025-06-14,2025,6,June,1
O09029,2025-07-20,P025,C0292,WH-South,6,2564.25,15385.5,Delivered,2025-07-30,2025,7,July,1
O09030,2026-03-30,P022,C0981,WH-North,4,9065.34,36261.36,Delivered,2026-04-08,2026,3,March,1
O09031,2026-02-06,P091,C0949,WH-East,12,3806.53,45678.36,Delivered,2026-02-16,2026,2,February,1
O09032,2026-04-07,P088,C0223,WH-West,14,7327.81,102589.34,Processing,2026-04-17,2026,4,April,0
O09033,2025-10-02,P076,C0758,WH-North,12,2781.69,33380.28,Delivered,2025-10-07,2025,10,October,1
O09034,2025-07-25,P018,C0759,WH-East,13,6842.11,88947.43,Delivered,2025-07-31,2025,7,July,1
O09035,2025-02-09,P045,C0417,WH-North,11,11503.77,126541.47,Delivered,2025-02-17,2025,2,February,1
O09036,2025-09-30,P080,C0407,WH-North,2,6733.38,13466.76,Delivered,2025-10-07,2025,9,September,1
O09037,2025-04-03,P068,C0960,WH-East,13,7862.75,102215.75,Returned,2025-04-13,2025,4,April,0
O09038,2025-02-11,P012,C0038,WH-West,10,3219.93,32199.3,Delivered,2025-02-14,2025,2,February,1
O09039,2026-04-10,P049,C0453,WH-West,3,3014.05,9042.15,Cancelled,Unknown,2026,4,April,0
O09040,2026-01-14,P033,C0207,WH-South,5,7876.29,39381.45,Delivered,2026-01-17,2026,1,January,1
O09041,2025-04-17,P086,C0926,WH-West,9,3132.13,28189.17,Delivered,2025-04-20,2025,4,April,1
O09042,2025-11-24,P063,C0400,WH-South,7,6119.08,42833.56,Delivered,2025-11-28,2025,11,November,1
O09043,2025-03-06,P018,C0950,WH-East,11,6842.11,75263.21,Processing,2025-03-11,2025,3,March,0
O09044,2025-12-31,P054,C0187,WH-North,12,5559.97,66719.64,Delivered,2026-01-07,2025,12,December,1
O09045,2026-04-29,P097,C0360,WH-North,13,7927.96,103063.48,Delivered,2026-05-06,2026,4,April,1
O09046,2025-01-24,P027,C0989,WH-West,11,3927.78,43205.58,Delivered,2025-01-27,2025,1,January,1
O09047,2026-06-24,P083,C0604,WH-North,3,1377.9,4133.7,Delivered,2026-07-01,2026,6,June,1
O09048,2025-03-03,P078,C0006,WH-East,13,8749.35,113741.55,Delivered,2025-03-12,2025,3,March,1
O09049,2026-05-06,P025,C0133,WH-West,4,2564.25,10257.0,Returned,2026-05-12,2026,5,May,0
O09050,2025-09-30,P034,C0998,WH-West,14,7873.1,110223.4,Delivered,2025-10-02,2025,9,September,1
O09051,2025-08-17,P088,C0473,WH-South,12,7327.81,87933.72,Delivered,2025-08-26,2025,8,August,1
O09052,2025-01-20,P060,C0604,WH-East,11,1239.87,13638.57,Delivered,2025-01-27,2025,1,January,1
O09053,2025-01-03,P054,C0513,WH-South,2,5559.97,11119.94,Delivered,2025-01-06,2025,1,January,1
O09054,2026-02-25,P087,C0782,WH-West,14,6619.57,92673.98,Delivered,2026-03-05,2026,2,February,1
O09055,2025-11-03,P005,C0083,WH-South,8,5461.2,43689.6,Returned,2025-11-12,2025,11,November,0
O09056,2026-03-08,P036,C0799,WH-East,6,9014.91,54089.46,Delivered,2026-03-11,2026,3,March,1
O09057,2025-05-16,P054,C0691,WH-South,3,5559.97,16679.91,Delivered,2025-05-18,2025,5,May,1
O09058,2026-05-30,P088,C0377,WH-West,13,7327.81,95261.53,Delivered,2026-06-06,2026,5,May,1
O09059,2025-07-12,P036,C0335,WH-South,5,9014.91,45074.55,Delivered,2025-07-19,2025,7,July,1
O09060,2026-02-19,P069,C0659,WH-West,5,7876.01,39380.05,Delivered,2026-02-28,2026,2,February,1
O09061,2025-04-28,P039,C0102,WH-West,12,2741.34,32896.08,Delivered,2025-05-06,2025,4,April,1
O09062,2025-07-28,P070,C0288,WH-South,1,2886.35,2886.35,Delivered,2025-08-06,2025,7,July,1
O09063,2025-02-03,P100,C0825,WH-North,13,6160.6,80087.8,Delivered,2025-02-09,2025,2,February,1
O09064,2025-11-14,P004,C0031,WH-East,5,5647.39,28236.95,Delivered,2025-11-17,2025,11,November,1
O09065,2025-04-30,P074,C0314,WH-West,6,8610.83,51664.98,Delivered,2025-05-06,2025,4,April,1
O09066,2026-06-09,P065,C0997,WH-North,10,6932.91,69329.1,Delivered,2026-06-12,2026,6,June,1
O09067,2025-03-30,P085,C0154,WH-East,10,1090.03,10900.3,Delivered,2025-04-09,2025,3,March,1
O09068,2026-05-27,P040,C0560,WH-North,11,7396.64,81363.04,Delivered,2026-06-02,2026,5,May,1
O09069,2025-02-16,P037,C0891,WH-South,11,2141.55,23557.05,Delivered,2025-02-18,2025,2,February,1
O09070,2026-06-06,P067,C0553,WH-West,11,3626.7,39893.7,Delivered,2026-06-16,2026,6,June,1
O09071,2025-10-11,P031,C0153,WH-North,13,1882.62,24474.06,Delivered,2025-10-17,2025,10,October,1
O09072,2026-01-12,P091,C0943,WH-North,2,3806.53,7613.06,Delivered,2026-01-14,2026,1,January,1
O09073,2025-05-14,P081,C0694,WH-East,3,8788.43,26365.29,Cancelled,Unknown,2025,5,May,0
O09074,2025-09-05,P087,C0232,WH-East,10,6619.57,66195.7,Delivered,2025-09-15,2025,9,September,1
O09075,2025-11-14,P077,C0121,WH-West,5,12073.98,60369.9,Delivered,2025-11-24,2025,11,November,1
O09076,2026-03-12,P047,C0185,WH-North,14,9554.1,133757.4,Delivered,2026-03-19,2026,3,March,1
O09077,2025-06-25,P027,C0456,WH-West,13,3927.78,51061.14,Delivered,2025-06-28,2025,6,June,1
O09078,2025-12-17,P051,C0829,WH-East,3,506.74,1520.22,Delivered,2025-12-25,2025,12,December,1
O09079,2025-05-23,P020,C0388,WH-West,5,2297.9,11489.5,Delivered,2025-05-26,2025,5,May,1
O09080,2026-02-02,P013,C0927,WH-South,5,359.86,1799.3,Delivered,2026-02-07,2026,2,February,1
O09081,2026-01-04,P063,C0632,WH-West,8,6119.08,48952.64,Delivered,2026-01-09,2026,1,January,1
O09082,2026-05-16,P044,C0864,WH-South,10,3533.01,35330.1,Delivered,2026-05-24,2026,5,May,1
O09083,2026-01-05,P024,C0226,WH-West,9,5645.0,50805.0,Delivered,2026-01-12,2026,1,January,1
O09084,2026-01-17,P003,C0624,WH-West,8,8874.43,70995.44,Delivered,2026-01-25,2026,1,January,1
O09085,2025-03-27,P010,C0195,WH-South,12,8992.72,107912.64,Delivered,2025-04-03,2025,3,March,1
O09086,2026-04-05,P065,C0809,WH-East,3,6932.91,20798.73,Delivered,2026-04-07,2026,4,April,1
O09087,2025-11-21,P049,C0026,WH-West,15,3014.05,45210.75,Delivered,2025-11-26,2025,11,November,1
O09088,2026-06-06,P058,C0964,WH-East,1,3596.21,3596.21,Delivered,2026-06-10,2026,6,June,1
O09089,2026-05-04,P077,C0194,WH-North,14,12073.98,169035.72,Delivered,2026-05-12,2026,5,May,1
O09090,2026-02-01,P078,C0019,WH-East,15,8749.35,131240.25,Delivered,2026-02-09,2026,2,February,1
O09091,2025-12-21,P097,C0855,WH-North,3,7927.96,23783.88,Delivered,2025-12-26,2025,12,December,1
O09092,2025-10-15,P002,C0537,WH-East,1,9662.88,9662.88,Returned,2025-10-23,2025,10,October,0
O09093,2026-04-04,P066,C0559,WH-East,13,9296.31,120852.03,Delivered,2026-04-09,2026,4,April,1
O09094,2026-06-20,P031,C0711,WH-North,11,1882.62,20708.82,Delivered,2026-06-30,2026,6,June,1
O09095,2025-10-18,P068,C0264,WH-South,9,7862.75,70764.75,Delivered,2025-10-22,2025,10,October,1
O09096,2025-06-17,P098,C0515,WH-East,12,2843.84,34126.08,Delivered,2025-06-20,2025,6,June,1
O09097,2026-03-04,P083,C0471,WH-North,13,1377.9,17912.7,Delivered,2026-03-10,2026,3,March,1
O09098,2026-05-05,P037,C0239,WH-East,3,2141.55,6424.65,Delivered,2026-05-15,2026,5,May,1
O09099,2025-12-21,P073,C0289,WH-East,14,5286.08,74005.12,Delivered,2025-12-25,2025,12,December,1
O09100,2025-07-15,P024,C0368,WH-East,8,5645.0,45160.0,Delivered,2025-07-17,2025,7,July,1
O09101,2026-06-29,P077,C0412,WH-East,6,12073.98,72443.88,Delivered,2026-07-09,2026,6,June,1
O09102,2025-01-11,P044,C0022,WH-West,3,3533.01,10599.03,Delivered,2025-01-17,2025,1,January,1
O09103,2025-09-13,P094,C0867,WH-East,9,9560.46,86044.14,Delivered,2025-09-16,2025,9,September,1
O09104,2026-01-31,P083,C0354,WH-North,8,1377.9,11023.2,Delivered,2026-02-07,2026,1,January,1
O09105,2026-02-13,P041,C0542,WH-East,3,10031.16,30093.48,Delivered,2026-02-17,2026,2,February,1
O09106,2025-12-28,P074,C0559,WH-North,7,8610.83,60275.81,Delivered,2026-01-07,2025,12,December,1
O09107,2025-09-16,P051,C0420,WH-North,5,506.74,2533.7,Delivered,2025-09-20,2025,9,September,1
O09108,2025-01-03,P042,C0315,WH-South,2,4932.36,9864.72,Delivered,2025-01-06,2025,1,January,1
O09109,2025-03-25,P078,C0782,WH-North,14,8749.35,122490.9,Delivered,2025-03-29,2025,3,March,1
O09110,2025-06-05,P040,C0329,WH-North,8,7396.64,59173.12,Delivered,2025-06-12,2025,6,June,1
O09111,2025-06-25,P048,C0470,WH-South,1,8206.14,8206.14,Delivered,2025-06-29,2025,6,June,1
O09112,2026-04-17,P084,C0988,WH-East,4,9567.6,38270.4,Delivered,2026-04-27,2026,4,April,1
O09113,2026-02-28,P004,C0873,WH-West,11,5647.39,62121.29,Delivered,2026-03-10,2026,2,February,1
O09114,2025-05-14,P060,C0782,WH-South,13,1239.87,16118.31,Delivered,2025-05-24,2025,5,May,1
O09115,2026-01-15,P039,C0463,WH-West,11,2741.34,30154.74,Returned,2026-01-18,2026,1,January,0
O09116,2025-10-04,P005,C0440,WH-East,12,5461.2,65534.4,Delivered,2025-10-12,2025,10,October,1
O09117,2025-08-24,P096,C0997,WH-East,13,6299.54,81894.02,Delivered,2025-08-27,2025,8,August,1
O09118,2025-01-13,P006,C0664,WH-West,4,716.9,2867.6,Delivered,2025-01-15,2025,1,January,1
O09119,2025-12-08,P014,C0738,WH-West,13,8215.45,106800.85,Delivered,2025-12-14,2025,12,December,1
O09120,2025-02-04,P070,C0248,WH-North,10,2886.35,28863.5,Delivered,2025-02-13,2025,2,February,1
O09121,2025-08-02,P078,C0817,WH-East,14,8749.35,122490.9,Delivered,2025-08-06,2025,8,August,1
O09122,2026-02-16,P012,C0171,WH-South,5,3219.93,16099.65,Delivered,2026-02-24,2026,2,February,1
O09123,2026-02-09,P062,C0749,WH-South,4,11436.7,45746.8,Delivered,2026-02-16,2026,2,February,1
O09124,2026-05-09,P027,C0748,WH-East,1,3927.78,3927.78,Delivered,2026-05-11,2026,5,May,1
O09125,2025-06-08,P054,C0771,WH-West,14,5559.97,77839.58,Delivered,2025-06-16,2025,6,June,1
O09126,2025-04-20,P090,C0279,WH-West,7,2450.87,17156.09,Delivered,2025-04-24,2025,4,April,1
O09127,2026-06-10,P012,C0148,WH-South,10,3219.93,32199.3,Delivered,2026-06-15,2026,6,June,1
O09128,2025-12-13,P008,C0621,WH-West,11,7685.98,84545.78,Delivered,2025-12-16,2025,12,December,1
O09129,2025-10-06,P074,C0143,WH-South,2,8610.83,17221.66,Delivered,2025-10-08,2025,10,October,1
O09130,2026-04-24,P016,C0811,WH-North,10,6037.0,60370.0,Delivered,2026-04-30,2026,4,April,1
O09131,2025-04-21,P052,C0976,WH-North,3,2109.04,6327.12,Delivered,2025-04-28,2025,4,April,1
O09132,2026-03-07,P026,C0071,WH-North,5,8058.43,40292.15,Delivered,2026-03-10,2026,3,March,1
O09133,2026-06-26,P008,C0929,WH-East,8,7685.98,61487.84,Processing,2026-07-03,2026,6,June,0
O09134,2025-04-25,P045,C0311,WH-West,10,11503.77,115037.7,Returned,2025-05-02,2025,4,April,0
O09135,2025-03-31,P093,C0638,WH-North,8,11181.17,89449.36,Delivered,2025-04-09,2025,3,March,1
O09136,2025-07-31,P084,C0467,WH-South,14,9567.6,133946.4,Delivered,2025-08-09,2025,7,July,1
O09137,2026-06-23,P081,C0594,WH-North,2,8788.43,17576.86,Delivered,2026-06-30,2026,6,June,1
O09138,2025-12-26,P019,C0041,WH-West,9,6267.38,56406.42,Delivered,2026-01-03,2025,12,December,1
O09139,2026-05-01,P017,C0914,WH-South,6,8360.81,50164.86,Delivered,2026-05-06,2026,5,May,1
O09140,2026-01-07,P065,C0899,WH-North,9,6932.91,62396.19,Delivered,2026-01-13,2026,1,January,1
O09141,2025-08-03,P029,C0771,WH-West,14,7630.58,106828.12,Delivered,2025-08-10,2025,8,August,1
O09142,2025-01-15,P014,C0356,WH-South,4,8215.45,32861.8,Delivered,2025-01-22,2025,1,January,1
O09143,2025-09-16,P017,C0144,WH-North,3,8360.81,25082.43,Delivered,2025-09-20,2025,9,September,1
O09144,2026-04-08,P013,C0683,WH-North,14,359.86,5038.04,Delivered,2026-04-18,2026,4,April,1
O09145,2025-04-30,P093,C0279,WH-West,14,11181.17,156536.38,Delivered,2025-05-05,2025,4,April,1
O09146,2025-05-08,P098,C0471,WH-North,5,2843.84,14219.2,Delivered,2025-05-17,2025,5,May,1
O09147,2026-06-07,P091,C0655,WH-West,5,3806.53,19032.65,Delivered,2026-06-12,2026,6,June,1
O09148,2025-11-21,P063,C0969,WH-North,4,6119.08,24476.32,Delivered,2025-11-28,2025,11,November,1
O09149,2025-11-16,P033,C0639,WH-South,13,7876.29,102391.77,Delivered,2025-11-18,2025,11,November,1
O09150,2026-05-21,P029,C0058,WH-North,7,7630.58,53414.06,Delivered,2026-05-24,2026,5,May,1
O09151,2026-06-10,P037,C0168,WH-East,8,2141.55,17132.4,Delivered,2026-06-17,2026,6,June,1
O09152,2025-02-19,P083,C0630,WH-North,15,1377.9,20668.5,Delivered,2025-02-23,2025,2,February,1
O09153,2025-03-10,P046,C0166,WH-West,5,2032.34,10161.7,Delivered,2025-03-18,2025,3,March,1
O09154,2026-01-26,P024,C0373,WH-North,15,5645.0,84675.0,Delivered,2026-01-28,2026,1,January,1
O09155,2026-01-18,P014,C0082,WH-East,9,8215.45,73939.05,Delivered,2026-01-22,2026,1,January,1
O09156,2025-01-16,P005,C0870,WH-South,7,5461.2,38228.4,Delivered,2025-01-20,2025,1,January,1
O09157,2026-03-15,P053,C0134,WH-East,13,8550.49,111156.37,Delivered,2026-03-17,2026,3,March,1
O09158,2025-05-12,P088,C0364,WH-South,13,7327.81,95261.53,Returned,2025-05-17,2025,5,May,0
O09159,2025-09-05,P098,C0485,WH-East,7,2843.84,19906.88,Processing,2025-09-14,2025,9,September,0
O09160,2025-09-30,P095,C0046,WH-East,8,5427.18,43417.44,Delivered,2025-10-08,2025,9,September,1
O09161,2025-12-15,P030,C0262,WH-East,12,6989.65,83875.8,Delivered,2025-12-23,2025,12,December,1
O09162,2026-04-29,P060,C0469,WH-South,4,1239.87,4959.48,Delivered,2026-05-05,2026,4,April,1
O09163,2025-12-23,P073,C0635,WH-North,10,5286.08,52860.8,Delivered,2025-12-28,2025,12,December,1
O09164,2025-11-14,P091,C0222,WH-West,13,3806.53,49484.89,Delivered,2025-11-21,2025,11,November,1
O09165,2025-02-17,P028,C0092,WH-North,13,1732.59,22523.67,Delivered,2025-02-20,2025,2,February,1
O09166,2025-01-10,P026,C0916,WH-East,6,8058.43,48350.58,Delivered,2025-01-12,2025,1,January,1
O09167,2025-08-21,P018,C0019,WH-South,5,6842.11,34210.55,Delivered,2025-08-29,2025,8,August,1
O09168,2025-02-05,P036,C0270,WH-South,1,9014.91,9014.91,Delivered,2025-02-10,2025,2,February,1
O09169,2026-02-17,P008,C0577,WH-North,15,7685.98,115289.7,Returned,2026-02-25,2026,2,February,0
O09170,2026-04-07,P018,C0731,WH-South,14,6842.11,95789.54,Delivered,2026-04-14,2026,4,April,1
O09171,2025-01-04,P084,C0864,WH-South,13,9567.6,124378.8,Delivered,2025-01-14,2025,1,January,1
O09172,2025-02-13,P058,C0669,WH-East,9,3596.21,32365.89,Delivered,2025-02-20,2025,2,February,1
O09173,2025-09-12,P032,C0415,WH-South,2,8387.44,16774.88,Delivered,2025-09-16,2025,9,September,1
O09174,2025-04-24,P093,C0665,WH-South,6,11181.17,67087.02,Cancelled,Unknown,2025,4,April,0
O09175,2026-02-01,P049,C0247,WH-East,15,3014.05,45210.75,Delivered,2026-02-11,2026,2,February,1
O09176,2025-06-23,P048,C0711,WH-North,15,8206.14,123092.1,Returned,2025-06-30,2025,6,June,0
O09177,2025-09-12,P082,C0743,WH-West,8,7665.58,61324.64,Delivered,2025-09-20,2025,9,September,1
O09178,2026-04-11,P071,C0302,WH-West,3,4401.72,13205.16,Delivered,2026-04-20,2026,4,April,1
O09179,2025-10-04,P065,C0948,WH-West,5,6932.91,34664.55,Delivered,2025-10-09,2025,10,October,1
O09180,2026-04-09,P092,C0016,WH-North,14,9918.59,138860.26,Cancelled,Unknown,2026,4,April,0
O09181,2026-05-17,P033,C0620,WH-South,7,7876.29,55134.03,Delivered,2026-05-22,2026,5,May,1
O09182,2026-03-17,P050,C0503,WH-East,4,1973.84,7895.36,Delivered,2026-03-19,2026,3,March,1
O09183,2025-03-10,P004,C0395,WH-North,14,5647.39,79063.46,Delivered,2025-03-17,2025,3,March,1
O09184,2026-05-24,P084,C0786,WH-West,12,9567.6,114811.2,Delivered,2026-06-01,2026,5,May,1
O09185,2025-11-22,P036,C0876,WH-South,5,9014.91,45074.55,Processing,2025-11-25,2025,11,November,0
O09186,2025-03-08,P095,C0696,WH-West,1,5427.18,5427.18,Delivered,2025-03-15,2025,3,March,1
O09187,2025-10-31,P028,C0184,WH-West,4,1732.59,6930.36,Delivered,2025-11-03,2025,10,October,1
O09188,2026-04-29,P003,C0441,WH-West,14,8874.43,124242.02,Delivered,2026-05-05,2026,4,April,1
O09189,2026-02-21,P006,C0581,WH-North,14,716.9,10036.6,Delivered,2026-02-23,2026,2,February,1
O09190,2025-06-08,P045,C0250,WH-South,7,11503.77,80526.39,Delivered,2025-06-12,2025,6,June,1
O09191,2025-05-29,P023,C0376,WH-West,12,2561.5,30738.0,Delivered,2025-06-03,2025,5,May,1
O09192,2025-01-27,P007,C0962,WH-North,10,11389.37,113893.7,Delivered,2025-02-01,2025,1,January,1
O09193,2025-09-05,P061,C0458,WH-East,7,9046.33,63324.31,Delivered,2025-09-08,2025,9,September,1
O09194,2025-04-11,P100,C0730,WH-East,10,6160.6,61606.0,Delivered,2025-04-20,2025,4,April,1
O09195,2025-04-06,P065,C0088,WH-North,10,6932.91,69329.1,Delivered,2025-04-13,2025,4,April,1
O09196,2026-01-19,P006,C0346,WH-East,4,716.9,2867.6,Delivered,2026-01-29,2026,1,January,1
O09197,2025-10-09,P024,C0784,WH-West,12,5645.0,67740.0,Returned,2025-10-16,2025,10,October,0
O09198,2025-11-18,P037,C0729,WH-North,6,2141.55,12849.3,Delivered,2025-11-22,2025,11,November,1
O09199,2026-01-31,P045,C0870,WH-North,13,11503.77,149549.01,Delivered,2026-02-03,2026,1,January,1
O09200,2025-10-05,P051,C0390,WH-East,5,506.74,2533.7,Delivered,2025-10-15,2025,10,October,1
O09201,2026-06-13,P100,C0180,WH-South,1,6160.6,6160.6,Delivered,2026-06-17,2026,6,June,1
O09202,2025-09-20,P088,C0637,WH-East,8,7327.81,58622.48,Processing,2025-09-27,2025,9,September,0
O09203,2025-10-20,P045,C0376,WH-West,12,11503.77,138045.24,Delivered,2025-10-23,2025,10,October,1
O09204,2025-10-21,P063,C0183,WH-South,7,6119.08,42833.56,Delivered,2025-10-29,2025,10,October,1
O09205,2026-01-30,P029,C0844,WH-South,15,7630.58,114458.7,Delivered,2026-02-01,2026,1,January,1
O09206,2026-05-28,P096,C0329,WH-West,5,6299.54,31497.7,Delivered,2026-06-07,2026,5,May,1
O09207,2025-06-29,P025,C0945,WH-South,13,2564.25,33335.25,Delivered,2025-07-01,2025,6,June,1
O09208,2025-08-23,P010,C0490,WH-North,10,8992.72,89927.2,Delivered,2025-09-02,2025,8,August,1
O09209,2025-12-03,P035,C0200,WH-South,10,10862.84,108628.4,Delivered,2025-12-05,2025,12,December,1
O09210,2025-01-08,P055,C0696,WH-South,7,1487.11,10409.77,Processing,2025-01-10,2025,1,January,0
O09211,2026-03-19,P025,C0479,WH-East,15,2564.25,38463.75,Delivered,2026-03-28,2026,3,March,1
O09212,2026-06-23,P091,C0809,WH-North,10,3806.53,38065.3,Delivered,2026-06-25,2026,6,June,1
O09213,2025-04-01,P045,C0736,WH-West,3,11503.77,34511.31,Delivered,2025-04-10,2025,4,April,1
O09214,2025-09-29,P096,C0455,WH-North,8,6299.54,50396.32,Delivered,2025-10-03,2025,9,September,1
O09215,2025-01-05,P012,C0992,WH-South,5,3219.93,16099.65,Delivered,2025-01-10,2025,1,January,1
O09216,2025-08-07,P004,C0874,WH-East,2,5647.39,11294.78,Cancelled,Unknown,2025,8,August,0
O09217,2025-04-28,P090,C0440,WH-West,2,2450.87,4901.74,Delivered,2025-05-05,2025,4,April,1
O09218,2025-04-25,P067,C0889,WH-West,4,3626.7,14506.8,Delivered,2025-05-03,2025,4,April,1
O09219,2025-09-20,P017,C0601,WH-South,7,8360.81,58525.67,Delivered,2025-09-24,2025,9,September,1
O09220,2025-11-02,P073,C0737,WH-North,14,5286.08,74005.12,Delivered,2025-11-12,2025,11,November,1
O09221,2026-02-26,P093,C0499,WH-East,10,11181.17,111811.7,Processing,2026-03-02,2026,2,February,0
O09222,2025-07-26,P065,C0959,WH-North,4,6932.91,27731.64,Delivered,2025-08-03,2025,7,July,1
O09223,2025-10-30,P082,C0630,WH-North,9,7665.58,68990.22,Delivered,2025-11-04,2025,10,October,1
O09224,2025-04-22,P053,C0156,WH-West,2,8550.49,17100.98,Delivered,2025-04-28,2025,4,April,1
O09225,2026-02-21,P084,C0459,WH-North,6,9567.6,57405.6,Delivered,2026-03-03,2026,2,February,1
O09226,2025-10-12,P057,C0671,WH-North,4,919.99,3679.96,Delivered,2025-10-16,2025,10,October,1
O09227,2025-07-04,P098,C0183,WH-West,6,2843.84,17063.04,Delivered,2025-07-08,2025,7,July,1
O09228,2025-08-09,P028,C0436,WH-West,10,1732.59,17325.9,Delivered,2025-08-19,2025,8,August,1
O09229,2026-03-20,P099,C0714,WH-North,9,1477.4,13296.6,Delivered,2026-03-30,2026,3,March,1
O09230,2025-04-27,P016,C0578,WH-West,10,6037.0,60370.0,Delivered,2025-05-02,2025,4,April,1
O09231,2025-03-11,P021,C0046,WH-East,12,2945.59,35347.08,Delivered,2025-03-13,2025,3,March,1
O09232,2025-03-11,P077,C0876,WH-East,9,12073.98,108665.82,Delivered,2025-03-13,2025,3,March,1
O09233,2026-03-03,P099,C0772,WH-North,9,1477.4,13296.6,Delivered,2026-03-13,2026,3,March,1
O09234,2026-03-19,P042,C0918,WH-South,9,4932.36,44391.24,Delivered,2026-03-26,2026,3,March,1
O09235,2025-05-17,P054,C0941,WH-West,3,5559.97,16679.91,Delivered,2025-05-23,2025,5,May,1
O09236,2026-05-19,P032,C0244,WH-South,12,8387.44,100649.28,Delivered,2026-05-23,2026,5,May,1
O09237,2025-05-11,P038,C0156,WH-West,11,9847.32,108320.52,Delivered,2025-05-15,2025,5,May,1
O09238,2025-08-06,P070,C0394,WH-West,14,2886.35,40408.9,Delivered,2025-08-09,2025,8,August,1
O09239,2025-06-20,P038,C0962,WH-North,9,9847.32,88625.88,Delivered,2025-06-28,2025,6,June,1
O09240,2026-04-20,P054,C0249,WH-East,3,5559.97,16679.91,Delivered,2026-04-30,2026,4,April,1
O09241,2025-05-09,P060,C0945,WH-South,10,1239.87,12398.7,Delivered,2025-05-16,2025,5,May,1
O09242,2025-02-26,P077,C0607,WH-East,3,12073.98,36221.94,Delivered,2025-02-28,2025,2,February,1
O09243,2025-06-30,P077,C0255,WH-East,5,12073.98,60369.9,Delivered,2025-07-07,2025,6,June,1
O09244,2025-09-03,P047,C0362,WH-South,6,9554.1,57324.6,Delivered,2025-09-12,2025,9,September,1
O09245,2025-05-24,P012,C0983,WH-West,9,3219.93,28979.37,Delivered,2025-06-02,2025,5,May,1
O09246,2025-02-20,P053,C0848,WH-South,1,8550.49,8550.49,Returned,2025-02-24,2025,2,February,0
O09247,2026-01-03,P033,C0713,WH-East,15,7876.29,118144.35,Delivered,2026-01-05,2026,1,January,1
O09248,2026-04-04,P028,C0819,WH-South,8,1732.59,13860.72,Delivered,2026-04-10,2026,4,April,1
O09249,2025-08-06,P003,C0939,WH-North,14,8874.43,124242.02,Delivered,2025-08-13,2025,8,August,1
O09250,2025-09-14,P082,C0646,WH-West,14,7665.58,107318.12,Delivered,2025-09-24,2025,9,September,1
O09251,2025-06-05,P026,C0377,WH-West,4,8058.43,32233.72,Delivered,2025-06-08,2025,6,June,1
O09252,2026-03-18,P054,C0153,WH-South,10,5559.97,55599.7,Delivered,2026-03-20,2026,3,March,1
O09253,2025-01-25,P040,C0767,WH-West,7,7396.64,51776.48,Delivered,2025-02-02,2025,1,January,1
O09254,2026-06-20,P066,C0772,WH-West,6,9296.31,55777.86,Delivered,2026-06-23,2026,6,June,1
O09255,2025-03-01,P068,C0240,WH-East,15,7862.75,117941.25,Delivered,2025-03-04,2025,3,March,1
O09256,2026-04-12,P092,C0460,WH-East,6,9918.59,59511.54,Delivered,2026-04-16,2026,4,April,1
O09257,2026-03-10,P092,C0152,WH-West,7,9918.59,69430.13,Delivered,2026-03-15,2026,3,March,1
O09258,2025-03-07,P089,C0440,WH-West,4,5210.42,20841.68,Delivered,2025-03-15,2025,3,March,1
O09259,2025-04-16,P090,C0603,WH-East,6,2450.87,14705.22,Delivered,2025-04-18,2025,4,April,1
O09260,2025-04-06,P047,C0240,WH-West,3,9554.1,28662.3,Delivered,2025-04-13,2025,4,April,1
O09261,2025-06-17,P002,C0183,WH-West,5,9662.88,48314.4,Delivered,2025-06-25,2025,6,June,1
O09262,2025-02-11,P042,C0310,WH-East,13,4932.36,64120.68,Delivered,2025-02-15,2025,2,February,1
O09263,2025-04-14,P034,C0259,WH-East,13,7873.1,102350.3,Delivered,2025-04-18,2025,4,April,1
O09264,2025-07-23,P094,C0460,WH-East,14,9560.46,133846.44,Delivered,2025-07-26,2025,7,July,1
O09265,2026-06-04,P021,C0431,WH-North,15,2945.59,44183.85,Delivered,2026-06-10,2026,6,June,1
O09266,2025-10-09,P044,C0500,WH-East,13,3533.01,45929.13,Returned,2025-10-17,2025,10,October,0
O09267,2025-02-12,P087,C0798,WH-West,2,6619.57,13239.14,Delivered,2025-02-16,2025,2,February,1
O09268,2025-04-20,P097,C0076,WH-East,3,7927.96,23783.88,Cancelled,Unknown,2025,4,April,0
O09269,2025-07-29,P002,C0297,WH-North,13,9662.88,125617.44,Cancelled,Unknown,2025,7,July,0
O09270,2025-02-18,P091,C0362,WH-East,9,3806.53,34258.77,Delivered,2025-02-22,2025,2,February,1
O09271,2025-04-25,P059,C0183,WH-East,6,722.03,4332.18,Delivered,2025-04-27,2025,4,April,1
O09272,2025-06-04,P086,C0059,WH-North,3,3132.13,9396.39,Delivered,2025-06-08,2025,6,June,1
O09273,2026-05-18,P098,C0552,WH-South,2,2843.84,5687.68,Delivered,2026-05-25,2026,5,May,1
O09274,2025-03-12,P016,C0557,WH-South,5,6037.0,30185.0,Delivered,2025-03-14,2025,3,March,1
O09275,2026-06-03,P020,C0406,WH-East,10,2297.9,22979.0,Delivered,2026-06-13,2026,6,June,1
O09276,2025-12-02,P026,C0527,WH-South,14,8058.43,112818.02,Delivered,2025-12-06,2025,12,December,1
O09277,2025-03-08,P016,C0732,WH-South,5,6037.0,30185.0,Delivered,2025-03-12,2025,3,March,1
O09278,2026-05-08,P070,C0785,WH-West,1,2886.35,2886.35,Delivered,2026-05-16,2026,5,May,1
O09279,2025-08-01,P023,C0187,WH-West,3,2561.5,7684.5,Delivered,2025-08-09,2025,8,August,1
O09280,2025-06-30,P042,C0876,WH-West,7,4932.36,34526.52,Returned,2025-07-07,2025,6,June,0
O09281,2025-09-05,P037,C0025,WH-North,9,2141.55,19273.95,Delivered,2025-09-13,2025,9,September,1
O09282,2025-08-02,P072,C0299,WH-South,5,7933.68,39668.4,Delivered,2025-08-08,2025,8,August,1
O09283,2025-12-25,P006,C0192,WH-East,4,716.9,2867.6,Delivered,2026-01-03,2025,12,December,1
O09284,2025-09-06,P037,C0691,WH-North,3,2141.55,6424.65,Delivered,2025-09-09,2025,9,September,1
O09285,2026-05-31,P022,C0573,WH-South,10,9065.34,90653.4,Delivered,2026-06-06,2026,5,May,1
O09286,2025-03-29,P006,C0941,WH-East,13,716.9,9319.7,Delivered,2025-04-08,2025,3,March,1
O09287,2025-06-25,P032,C0131,WH-North,9,8387.44,75486.96,Delivered,2025-06-30,2025,6,June,1
O09288,2026-03-02,P017,C0761,WH-West,14,8360.81,117051.34,Delivered,2026-03-11,2026,3,March,1
O09289,2025-03-22,P038,C0676,WH-East,7,9847.32,68931.24,Delivered,2025-03-26,2025,3,March,1
O09290,2025-05-18,P017,C0991,WH-West,12,8360.81,100329.72,Delivered,2025-05-25,2025,5,May,1
O09291,2026-03-09,P037,C0504,WH-South,7,2141.55,14990.85,Delivered,2026-03-18,2026,3,March,1
O09292,2026-04-15,P023,C0207,WH-East,14,2561.5,35861.0,Delivered,2026-04-25,2026,4,April,1
O09293,2025-12-16,P049,C0238,WH-West,13,3014.05,39182.65,Delivered,2025-12-24,2025,12,December,1
O09294,2025-05-06,P061,C0192,WH-West,8,9046.33,72370.64,Delivered,2025-05-13,2025,5,May,1
O09295,2025-11-05,P049,C0028,WH-South,10,3014.05,30140.5,Delivered,2025-11-12,2025,11,November,1
O09296,2025-08-18,P061,C0107,WH-South,1,9046.33,9046.33,Delivered,2025-08-25,2025,8,August,1
O09297,2026-04-05,P077,C0223,WH-South,11,12073.98,132813.78,Delivered,2026-04-15,2026,4,April,1
O09298,2025-12-11,P032,C0380,WH-South,4,8387.44,33549.76,Delivered,2025-12-15,2025,12,December,1
O09299,2025-11-06,P086,C0429,WH-South,13,3132.13,40717.69,Delivered,2025-11-11,2025,11,November,1
O09300,2025-01-20,P063,C0084,WH-North,13,6119.08,79548.04,Delivered,2025-01-24,2025,1,January,1
O09301,2026-06-25,P007,C0498,WH-West,5,11389.37,56946.85,Delivered,2026-07-05,2026,6,June,1
O09302,2026-04-22,P022,C0237,WH-South,5,9065.34,45326.7,Delivered,2026-04-28,2026,4,April,1
O09303,2025-09-26,P085,C0149,WH-West,1,1090.03,1090.03,Delivered,2025-10-05,2025,9,September,1
O09304,2025-01-03,P006,C0795,WH-North,3,716.9,2150.7,Delivered,2025-01-12,2025,1,January,1
O09305,2025-01-16,P061,C0851,WH-East,2,9046.33,18092.66,Delivered,2025-01-26,2025,1,January,1
O09306,2025-12-24,P014,C0612,WH-West,12,8215.45,98585.4,Delivered,2026-01-01,2025,12,December,1
O09307,2025-05-13,P016,C0844,WH-West,7,6037.0,42259.0,Delivered,2025-05-17,2025,5,May,1
O09308,2025-11-08,P003,C0035,WH-West,13,8874.43,115367.59,Returned,2025-11-14,2025,11,November,0
O09309,2026-04-27,P009,C0944,WH-East,14,6820.58,95488.12,Delivered,2026-05-01,2026,4,April,1
O09310,2026-06-28,P047,C0097,WH-North,5,9554.1,47770.5,Delivered,2026-07-01,2026,6,June,1
O09311,2025-11-01,P085,C0868,WH-West,3,1090.03,3270.09,Delivered,2025-11-05,2025,11,November,1
O09312,2025-09-26,P094,C0233,WH-North,11,9560.46,105165.06,Delivered,2025-10-06,2025,9,September,1
O09313,2026-02-18,P094,C0407,WH-West,8,9560.46,76483.68,Delivered,2026-02-28,2026,2,February,1
O09314,2025-01-25,P042,C0960,WH-West,1,4932.36,4932.36,Delivered,2025-02-03,2025,1,January,1
O09315,2025-11-12,P042,C0525,WH-West,1,4932.36,4932.36,Delivered,2025-11-20,2025,11,November,1
O09316,2025-10-03,P096,C0758,WH-East,14,6299.54,88193.56,Delivered,2025-10-05,2025,10,October,1
O09317,2026-01-24,P023,C0926,WH-North,6,2561.5,15369.0,Delivered,2026-02-03,2026,1,January,1
O09318,2026-03-20,P003,C0970,WH-North,1,8874.43,8874.43,Delivered,2026-03-23,2026,3,March,1
O09319,2026-03-03,P001,C0489,WH-South,4,2324.33,9297.32,Delivered,2026-03-10,2026,3,March,1
O09320,2025-02-26,P067,C0404,WH-West,6,3626.7,21760.2,Delivered,2025-03-04,2025,2,February,1
O09321,2026-01-03,P071,C0774,WH-East,1,4401.72,4401.72,Delivered,2026-01-10,2026,1,January,1
O09322,2025-12-08,P003,C0223,WH-West,13,8874.43,115367.59,Delivered,2025-12-17,2025,12,December,1
O09323,2025-10-31,P100,C0403,WH-North,9,6160.6,55445.4,Delivered,2025-11-09,2025,10,October,1
O09324,2026-01-09,P049,C0451,WH-North,15,3014.05,45210.75,Delivered,2026-01-12,2026,1,January,1
O09325,2025-04-22,P067,C0586,WH-West,4,3626.7,14506.8,Delivered,2025-04-30,2025,4,April,1
O09326,2025-01-06,P055,C0778,WH-North,9,1487.11,13383.99,Delivered,2025-01-09,2025,1,January,1
O09327,2025-10-06,P004,C0184,WH-West,9,5647.39,50826.51,Delivered,2025-10-08,2025,10,October,1
O09328,2026-01-17,P031,C0277,WH-West,13,1882.62,24474.06,Delivered,2026-01-26,2026,1,January,1
O09329,2025-01-13,P066,Unknown,WH-South,6,9296.31,55777.86,Delivered,2025-01-23,2025,1,January,1
O09330,2025-10-30,P078,C0568,WH-East,13,8749.35,113741.55,Delivered,2025-11-07,2025,10,October,1
O09331,2025-06-09,P064,C0569,WH-East,7,9772.25,68405.75,Delivered,2025-06-14,2025,6,June,1
O09332,2025-06-03,P031,C0386,WH-North,15,1882.62,28239.3,Delivered,2025-06-11,2025,6,June,1
O09333,2025-06-30,P063,C0493,WH-North,13,6119.08,79548.04,Delivered,2025-07-05,2025,6,June,1
O09334,2026-06-10,P066,C0295,WH-South,1,9296.31,9296.31,Delivered,2026-06-18,2026,6,June,1
O09335,2025-06-29,P031,C0061,WH-North,5,1882.62,9413.1,Delivered,2025-07-04,2025,6,June,1
O09336,2026-01-12,P047,C0685,WH-North,3,9554.1,28662.3,Delivered,2026-01-22,2026,1,January,1
O09337,2025-06-17,P022,C0990,WH-West,10,9065.34,90653.4,Delivered,2025-06-23,2025,6,June,1
O09338,2025-08-02,P074,C0622,WH-South,10,8610.83,86108.3,Delivered,2025-08-10,2025,8,August,1
O09339,2025-05-30,P094,C0924,WH-West,13,9560.46,124285.98,Delivered,2025-06-08,2025,5,May,1
O09340,2025-01-16,P097,C0146,WH-West,6,7927.96,47567.76,Delivered,2025-01-22,2025,1,January,1
O09341,2025-04-01,P083,C0526,WH-North,4,1377.9,5511.6,Delivered,2025-04-03,2025,4,April,1
O09342,2025-04-30,P046,C0183,WH-West,15,2032.34,30485.1,Delivered,2025-05-05,2025,4,April,1
O09343,2025-09-10,P089,C0315,WH-East,13,5210.42,67735.46,Processing,2025-09-14,2025,9,September,0
O09344,2025-03-01,P058,C0877,WH-East,14,3596.21,50346.94,Delivered,2025-03-09,2025,3,March,1
O09345,2025-09-23,P061,C0659,WH-East,13,9046.33,117602.29,Processing,2025-09-30,2025,9,September,0
O09346,2026-02-13,P046,C0744,WH-South,9,2032.34,18291.06,Delivered,2026-02-20,2026,2,February,1
O09347,2025-01-31,P001,C0996,WH-South,7,2324.33,16270.31,Delivered,2025-02-03,2025,1,January,1
O09348,2025-01-21,P096,C0809,WH-East,15,6299.54,94493.1,Delivered,2025-01-28,2025,1,January,1
O09349,2025-10-16,P025,C0652,WH-East,14,2564.25,35899.5,Delivered,2025-10-25,2025,10,October,1
O09350,2026-06-27,P061,C0660,WH-West,15,9046.33,135694.95,Delivered,2026-07-03,2026,6,June,1
O09351,2026-05-13,P081,C0930,WH-South,4,8788.43,35153.72,Delivered,2026-05-23,2026,5,May,1
O09352,2026-04-19,P014,C0893,WH-North,13,8215.45,106800.85,Delivered,2026-04-22,2026,4,April,1
O09353,2026-02-09,P045,C0036,WH-North,11,11503.77,126541.47,Processing,2026-02-17,2026,2,February,0
O09354,2025-05-12,P077,C0789,WH-South,6,12073.98,72443.88,Delivered,2025-05-19,2025,5,May,1
O09355,2025-11-20,P039,C0056,WH-West,2,2741.34,5482.68,Delivered,2025-11-27,2025,11,November,1
O09356,2025-05-12,P066,C0979,WH-East,14,9296.31,130148.34,Delivered,2025-05-17,2025,5,May,1
O09357,2026-06-05,P032,C0041,WH-West,3,8387.44,25162.32,Delivered,2026-06-15,2026,6,June,1
O09358,2025-01-30,P096,C0383,WH-West,15,6299.54,94493.1,Delivered,2025-02-06,2025,1,January,1
O09359,2025-10-28,P058,C0169,WH-South,11,3596.21,39558.31,Delivered,2025-11-06,2025,10,October,1
O09360,2025-01-04,P056,C0171,WH-East,7,888.53,6219.71,Delivered,2025-01-13,2025,1,January,1
O09361,2025-11-21,P006,C0618,WH-South,11,716.9,7885.9,Processing,2025-11-26,2025,11,November,0
O09362,2026-05-24,P089,C0739,WH-South,12,5210.42,62525.04,Delivered,2026-05-30,2026,5,May,1
O09363,2025-08-25,P067,C0456,WH-West,4,3626.7,14506.8,Delivered,2025-08-28,2025,8,August,1
O09364,2026-06-19,P082,C0598,WH-South,14,7665.58,107318.12,Delivered,2026-06-24,2026,6,June,1
O09365,2025-01-16,P050,C0491,WH-South,12,1973.84,23686.08,Delivered,2025-01-23,2025,1,January,1
O09366,2026-06-18,P038,C0294,WH-South,10,9847.32,98473.2,Delivered,2026-06-21,2026,6,June,1
O09367,2026-03-22,P003,C0658,WH-South,7,8874.43,62121.01,Delivered,2026-03-25,2026,3,March,1
O09368,2026-05-18,P005,C0264,WH-West,9,5461.2,49150.8,Delivered,2026-05-26,2026,5,May,1
O09369,2025-08-18,P024,C0247,WH-East,14,5645.0,79030.0,Delivered,2025-08-24,2025,8,August,1
O09370,2025-04-17,P054,C0962,WH-East,13,5559.97,72279.61,Delivered,2025-04-21,2025,4,April,1
O09371,2026-01-24,P034,C0148,WH-West,5,7873.1,39365.5,Delivered,2026-01-28,2026,1,January,1
O09372,2025-09-20,P039,C0965,WH-North,14,2741.34,38378.76,Delivered,2025-09-28,2025,9,September,1
O09373,2025-03-06,P088,C0441,WH-South,1,7327.81,7327.81,Processing,2025-03-10,2025,3,March,0
O09374,2025-09-22,P100,C0362,WH-West,5,6160.6,30803.0,Delivered,2025-09-28,2025,9,September,1
O09375,2025-12-04,P092,C0222,WH-North,6,9918.59,59511.54,Delivered,2025-12-07,2025,12,December,1
O09376,2025-10-28,P048,C0658,WH-North,14,8206.14,114885.96,Delivered,2025-11-01,2025,10,October,1
O09377,2026-01-13,P049,C0108,WH-South,11,3014.05,33154.55,Delivered,2026-01-18,2026,1,January,1
O09378,2025-06-24,P034,C0956,WH-West,2,7873.1,15746.2,Delivered,2025-06-26,2025,6,June,1
O09379,2025-06-01,P080,C0215,WH-South,8,6733.38,53867.04,Delivered,2025-06-06,2025,6,June,1
O09380,2026-04-21,P100,C0757,WH-North,13,6160.6,80087.8,Delivered,2026-04-26,2026,4,April,1
O09381,2025-09-23,P007,C0130,WH-North,2,11389.37,22778.74,Cancelled,Unknown,2025,9,September,0
O09382,2025-11-25,P018,C0938,WH-South,15,6842.11,102631.65,Delivered,2025-12-05,2025,11,November,1
O09383,2025-06-12,P070,C0576,WH-South,14,2886.35,40408.9,Cancelled,Unknown,2025,6,June,0
O09384,2026-03-14,P092,C0300,WH-South,9,9918.59,89267.31,Processing,2026-03-17,2026,3,March,0
O09385,2025-12-09,P034,C0435,WH-East,14,7873.1,110223.4,Delivered,2025-12-17,2025,12,December,1
O09386,2026-01-02,P051,C0869,WH-West,13,506.74,6587.62,Delivered,2026-01-12,2026,1,January,1
O09387,2026-04-10,P093,C0362,WH-West,2,11181.17,22362.34,Delivered,2026-04-17,2026,4,April,1
O09388,2025-07-18,P068,C0224,WH-West,3,7862.75,23588.25,Delivered,2025-07-24,2025,7,July,1
O09389,2026-05-15,P014,C0577,WH-North,8,8215.45,65723.6,Delivered,2026-05-17,2026,5,May,1
O09390,2025-01-16,P069,C0487,WH-West,11,7876.01,86636.11,Delivered,2025-01-20,2025,1,January,1
O09391,2025-10-23,P089,C0577,WH-West,6,5210.42,31262.52,Delivered,2025-11-02,2025,10,October,1
O09392,2026-05-26,P008,C0374,WH-North,1,7685.98,7685.98,Delivered,2026-06-04,2026,5,May,1
O09393,2025-08-27,P015,C0892,WH-North,15,10925.43,163881.45,Processing,2025-09-06,2025,8,August,0
O09394,2025-10-28,P083,C0694,WH-East,4,1377.9,5511.6,Processing,2025-11-06,2025,10,October,0
O09395,2025-01-06,P059,C0108,WH-North,5,722.03,3610.15,Delivered,2025-01-08,2025,1,January,1
O09396,2025-08-08,P011,C0351,WH-South,14,11449.02,160286.28,Cancelled,Unknown,2025,8,August,0
O09397,2026-03-29,P020,C0423,WH-East,11,2297.9,25276.9,Delivered,2026-04-07,2026,3,March,1
O09398,2026-03-09,P055,C0392,WH-North,3,1487.11,4461.33,Delivered,2026-03-15,2026,3,March,1
O09399,2026-01-21,P036,C0835,WH-West,1,9014.91,9014.91,Delivered,2026-01-28,2026,1,January,1
O09400,2025-10-22,P082,C0623,WH-East,3,7665.58,22996.74,Delivered,2025-10-25,2025,10,October,1
O09401,2025-04-28,P014,C0076,WH-East,13,8215.45,106800.85,Delivered,2025-04-30,2025,4,April,1
O09402,2026-02-09,P058,C0250,WH-West,9,3596.21,32365.89,Delivered,2026-02-18,2026,2,February,1
O09403,2025-01-12,P038,C0241,WH-West,2,9847.32,19694.64,Delivered,2025-01-20,2025,1,January,1
O09404,2025-07-28,P089,C0226,WH-West,1,5210.42,5210.42,Delivered,2025-08-02,2025,7,July,1
O09405,2025-06-14,P080,C0817,WH-South,7,6733.38,47133.66,Cancelled,Unknown,2025,6,June,0
O09406,2025-10-21,P082,C0473,WH-East,13,7665.58,99652.54,Processing,2025-10-24,2025,10,October,0
O09407,2026-06-03,P001,C0676,WH-South,7,2324.33,16270.31,Delivered,2026-06-06,2026,6,June,1
O09408,2025-03-19,P065,C0263,WH-South,5,6932.91,34664.55,Delivered,2025-03-27,2025,3,March,1
O09409,2026-03-10,P001,C0015,WH-West,2,2324.33,4648.66,Delivered,2026-03-14,2026,3,March,1
O09410,2025-03-18,P085,C0341,WH-North,14,1090.03,15260.42,Delivered,2025-03-25,2025,3,March,1
O09411,2025-02-17,P060,C0665,WH-South,1,1239.87,1239.87,Delivered,2025-02-25,2025,2,February,1
O09412,2025-03-23,P025,C0496,WH-North,13,2564.25,33335.25,Delivered,2025-03-31,2025,3,March,1
O09413,2025-07-28,P091,C0441,WH-North,5,3806.53,19032.65,Cancelled,Unknown,2025,7,July,0
O09414,2026-03-21,P010,C0550,WH-West,10,8992.72,89927.2,Delivered,2026-03-25,2026,3,March,1
O09415,2026-06-06,P050,C0037,WH-North,4,1973.84,7895.36,Delivered,2026-06-08,2026,6,June,1
O09416,2025-01-29,P012,C0634,WH-South,9,3219.93,28979.37,Delivered,2025-02-06,2025,1,January,1
O09417,2025-10-31,P092,C0784,WH-North,5,9918.59,49592.95,Delivered,2025-11-10,2025,10,October,1
O09418,2026-04-10,P032,C0769,WH-South,11,8387.44,92261.84,Delivered,2026-04-12,2026,4,April,1
O09419,2026-05-17,P033,C0175,WH-West,10,7876.29,78762.9,Delivered,2026-05-23,2026,5,May,1
O09420,2026-03-22,P072,C0436,WH-South,12,7933.68,95204.16,Delivered,2026-03-27,2026,3,March,1
O09421,2026-05-05,P026,C0293,WH-North,12,8058.43,96701.16,Delivered,2026-05-08,2026,5,May,1
O09422,2026-03-04,P042,C0301,WH-South,2,4932.36,9864.72,Delivered,2026-03-12,2026,3,March,1
O09423,2025-12-25,P050,C0654,WH-North,4,1973.84,7895.36,Delivered,2026-01-02,2025,12,December,1
O09424,2025-04-01,P061,C0953,WH-North,13,9046.33,117602.29,Delivered,2025-04-10,2025,4,April,1
O09425,2025-02-22,P041,C0674,WH-West,12,10031.16,120373.92,Delivered,2025-02-26,2025,2,February,1
O09426,2025-07-23,P057,C0962,WH-North,9,919.99,8279.91,Cancelled,Unknown,2025,7,July,0
O09427,2025-06-05,P002,C0927,WH-East,8,9662.88,77303.04,Delivered,2025-06-10,2025,6,June,1
O09428,2025-01-02,P099,C0339,WH-South,3,1477.4,4432.2,Delivered,2025-01-06,2025,1,January,1
O09429,2025-12-23,P098,C0979,WH-East,8,2843.84,22750.72,Delivered,2025-12-28,2025,12,December,1
O09430,2025-02-27,P070,C0940,WH-East,13,2886.35,37522.55,Delivered,2025-03-01,2025,2,February,1
O09431,2025-09-11,P031,C0023,WH-South,2,1882.62,3765.24,Delivered,2025-09-19,2025,9,September,1
O09432,2025-06-29,P023,C0350,WH-West,3,2561.5,7684.5,Delivered,2025-07-07,2025,6,June,1
O09433,2026-05-08,P076,C0849,WH-South,14,2781.69,38943.66,Delivered,2026-05-16,2026,5,May,1
O09434,2025-02-04,P054,C0066,WH-West,5,5559.97,27799.85,Delivered,2025-02-07,2025,2,February,1
O09435,2025-03-16,P028,C0395,WH-North,11,1732.59,19058.49,Delivered,2025-03-18,2025,3,March,1
O09436,2025-10-16,P079,C0433,WH-East,12,8889.27,106671.24,Delivered,2025-10-26,2025,10,October,1
O09437,2026-01-06,P019,C0974,WH-South,14,6267.38,87743.32,Delivered,2026-01-09,2026,1,January,1
O09438,2025-11-25,P076,C0570,WH-North,10,2781.69,27816.9,Delivered,2025-12-01,2025,11,November,1
O09439,2025-10-31,P048,C0029,WH-South,10,8206.14,82061.4,Delivered,2025-11-06,2025,10,October,1
O09440,2025-08-09,P002,C0083,WH-South,8,9662.88,77303.04,Delivered,2025-08-18,2025,8,August,1
O09441,2025-06-13,P011,C0476,WH-North,1,11449.02,11449.02,Delivered,2025-06-15,2025,6,June,1
O09442,2026-04-25,P044,C0435,WH-South,4,3533.01,14132.04,Delivered,2026-05-03,2026,4,April,1
O09443,2026-03-31,P059,C0641,WH-North,1,722.03,722.03,Delivered,2026-04-04,2026,3,March,1
O09444,2026-01-10,P059,C0133,WH-East,1,722.03,722.03,Delivered,2026-01-13,2026,1,January,1
O09445,2025-08-08,P038,C0115,WH-North,12,9847.32,118167.84,Delivered,2025-08-14,2025,8,August,1
O09446,2025-09-11,P025,C0034,WH-South,5,2564.25,12821.25,Delivered,2025-09-16,2025,9,September,1
O09447,2025-07-07,P021,C0637,WH-East,6,2945.59,17673.54,Delivered,2025-07-17,2025,7,July,1
O09448,2025-07-10,P042,C0078,WH-East,15,4932.36,73985.4,Delivered,2025-07-12,2025,7,July,1
O09449,2026-01-24,P036,C0275,WH-North,1,9014.91,9014.91,Delivered,2026-01-28,2026,1,January,1
O09450,2025-08-03,P009,C0344,WH-West,11,6820.58,75026.38,Processing,2025-08-07,2025,8,August,0
O09451,2026-01-10,P012,C0680,WH-North,6,3219.93,19319.58,Returned,2026-01-15,2026,1,January,0
O09452,2025-03-27,P010,C0081,WH-West,5,8992.72,44963.6,Delivered,2025-04-04,2025,3,March,1
O09453,2026-04-19,P059,C0962,WH-North,4,722.03,2888.12,Delivered,2026-04-25,2026,4,April,1
O09454,2026-06-15,P005,C0607,WH-East,10,5461.2,54612.0,Delivered,2026-06-22,2026,6,June,1
O09455,2025-02-16,P033,C0721,WH-North,5,7876.29,39381.45,Delivered,2025-02-20,2025,2,February,1
O09456,2025-03-06,P069,C0960,WH-West,8,7876.01,63008.08,Delivered,2025-03-12,2025,3,March,1
O09457,2026-04-20,P080,C0072,WH-South,9,6733.38,60600.42,Delivered,2026-04-23,2026,4,April,1
O09458,2025-05-26,P063,C0145,WH-West,11,6119.08,67309.88,Delivered,2025-05-31,2025,5,May,1
O09459,2026-01-17,P029,C0038,WH-East,14,7630.58,106828.12,Delivered,2026-01-21,2026,1,January,1
O09460,2025-03-07,P018,C0474,WH-North,12,6842.11,82105.32,Delivered,2025-03-11,2025,3,March,1
O09461,2026-06-01,P093,C0171,WH-East,2,11181.17,22362.34,Delivered,2026-06-06,2026,6,June,1
O09462,2025-04-03,P006,C0040,WH-South,6,716.9,4301.4,Delivered,2025-04-12,2025,4,April,1
O09463,2026-03-02,P053,C0173,WH-South,3,8550.49,25651.47,Delivered,2026-03-11,2026,3,March,1
O09464,2026-04-13,P082,C0424,WH-South,15,7665.58,114983.7,Processing,2026-04-15,2026,4,April,0
O09465,2025-04-04,P032,C0199,WH-North,2,8387.44,16774.88,Delivered,2025-04-10,2025,4,April,1
O09466,2025-05-13,P042,C0888,WH-West,12,4932.36,59188.32,Delivered,2025-05-16,2025,5,May,1
O09467,2026-03-10,P047,C0856,WH-North,14,9554.1,133757.4,Delivered,2026-03-17,2026,3,March,1
O09468,2025-12-07,P031,C0222,WH-East,13,1882.62,24474.06,Processing,2025-12-11,2025,12,December,0
O09469,2025-11-10,P062,C0602,WH-North,1,11436.7,11436.7,Delivered,2025-11-20,2025,11,November,1
O09470,2025-07-31,P056,C0798,WH-East,4,888.53,3554.12,Delivered,2025-08-10,2025,7,July,1
O09471,2026-06-04,P011,C0675,WH-North,8,11449.02,91592.16,Cancelled,Unknown,2026,6,June,0
O09472,2025-06-08,P026,C0450,WH-West,3,8058.43,24175.29,Delivered,2025-06-11,2025,6,June,1
O09473,2025-09-25,P092,C0428,WH-South,5,9918.59,49592.95,Delivered,2025-09-28,2025,9,September,1
O09474,2026-04-19,P027,C0900,WH-North,14,3927.78,54988.92,Delivered,2026-04-22,2026,4,April,1
O09475,2026-02-14,P083,C0448,WH-West,10,1377.9,13779.0,Delivered,2026-02-20,2026,2,February,1
O09476,2026-04-19,P057,C0645,WH-North,5,919.99,4599.95,Delivered,2026-04-29,2026,4,April,1
O09477,2025-12-22,P027,C0432,WH-North,5,3927.78,19638.9,Delivered,2025-12-30,2025,12,December,1
O09478,2025-07-12,P059,C0322,WH-South,11,722.03,7942.33,Delivered,2025-07-20,2025,7,July,1
O09479,2025-09-28,P062,C0863,WH-East,9,11436.7,102930.3,Returned,2025-10-02,2025,9,September,0
O09480,2025-04-24,P020,C0795,WH-West,15,2297.9,34468.5,Delivered,2025-04-28,2025,4,April,1
O09481,2026-06-07,P003,C0152,WH-North,8,8874.43,70995.44,Delivered,2026-06-11,2026,6,June,1
O09482,2025-02-24,P016,C0824,WH-South,8,6037.0,48296.0,Delivered,2025-02-26,2025,2,February,1
O09483,2025-03-06,P044,C0045,WH-North,13,3533.01,45929.13,Delivered,2025-03-15,2025,3,March,1
O09484,2025-09-29,P093,C0324,WH-North,13,11181.17,145355.21,Delivered,2025-10-02,2025,9,September,1
O09485,2026-05-17,P079,C0412,WH-South,1,8889.27,8889.27,Delivered,2026-05-25,2026,5,May,1
O09486,2025-12-28,P030,C0261,WH-North,1,6989.65,6989.65,Delivered,2026-01-07,2025,12,December,1
O09487,2025-05-26,P040,C0219,WH-North,2,7396.64,14793.28,Processing,2025-05-29,2025,5,May,0
O09488,2025-07-28,P065,C0620,WH-West,14,6932.91,97060.74,Delivered,2025-07-30,2025,7,July,1
O09489,2025-10-13,P029,C0047,WH-West,8,7630.58,61044.64,Delivered,2025-10-19,2025,10,October,1
O09490,2025-01-10,P030,C0645,WH-West,10,6989.65,69896.5,Delivered,2025-01-16,2025,1,January,1
O09491,2025-07-05,P032,C0773,WH-North,1,8387.44,8387.44,Delivered,2025-07-07,2025,7,July,1
O09492,2026-04-09,P010,C0688,WH-North,15,8992.72,134890.8,Delivered,2026-04-19,2026,4,April,1
O09493,2025-05-14,P091,C0633,WH-West,4,3806.53,15226.12,Delivered,2025-05-18,2025,5,May,1
O09494,2025-06-20,P051,C0841,WH-North,9,506.74,4560.66,Delivered,2025-06-23,2025,6,June,1
O09495,2025-08-01,P008,C0303,WH-South,2,7685.98,15371.96,Delivered,2025-08-09,2025,8,August,1
O09496,2026-06-14,P051,C0190,WH-South,3,506.74,1520.22,Delivered,2026-06-20,2026,6,June,1
O09497,2026-05-17,P036,C0923,WH-North,11,9014.91,99164.01,Delivered,2026-05-22,2026,5,May,1
O09498,2025-01-27,P055,C0772,WH-North,6,1487.11,8922.66,Delivered,2025-02-01,2025,1,January,1
O09499,2025-03-09,P035,C0689,WH-East,13,10862.84,141216.92,Delivered,Unknown,2025,3,March,1
O09500,2026-02-12,P036,C0984,WH-South,15,9014.91,135223.65,Delivered,2026-02-22,2026,2,February,1
O09501,2025-04-19,P056,C0859,WH-North,11,888.53,9773.83,Delivered,2025-04-21,2025,4,April,1
O09502,2025-03-15,P036,C0577,WH-East,10,9014.91,90149.1,Delivered,2025-03-23,2025,3,March,1
O09503,2025-09-19,P089,C0864,WH-South,3,5210.42,15631.26,Delivered,2025-09-28,2025,9,September,1
O09504,2026-01-03,P084,C0336,WH-East,15,9567.6,143514.0,Delivered,2026-01-09,2026,1,January,1
O09505,2025-08-25,P061,C0855,WH-West,15,9046.33,135694.95,Delivered,2025-09-02,2025,8,August,1
O09506,2026-01-01,P062,C0220,WH-East,4,11436.7,45746.8,Delivered,2026-01-10,2026,1,January,1
O09507,2025-10-13,P081,C0829,WH-West,9,8788.43,79095.87,Delivered,2025-10-22,2025,10,October,1
O09508,2026-01-13,P087,C0660,WH-North,9,6619.57,59576.13,Delivered,2026-01-23,2026,1,January,1
O09509,2026-01-11,P025,C0977,WH-North,10,2564.25,25642.5,Delivered,2026-01-17,2026,1,January,1
O09510,2025-03-17,P064,C0612,WH-South,5,9772.25,48861.25,Delivered,2025-03-20,2025,3,March,1
O09511,2025-01-09,P060,C0119,WH-East,7,1239.87,8679.09,Delivered,2025-01-16,2025,1,January,1
O09512,2025-07-15,P057,C0621,WH-East,9,919.99,8279.91,Delivered,2025-07-17,2025,7,July,1
O09513,2025-10-17,P095,C0904,WH-North,8,5427.18,43417.44,Delivered,2025-10-24,2025,10,October,1
O09514,2025-03-02,P070,C0082,WH-South,11,2886.35,31749.85,Delivered,2025-03-06,2025,3,March,1
O09515,2026-01-24,P099,C0013,WH-North,7,1477.4,10341.8,Delivered,2026-01-28,2026,1,January,1
O09516,2025-01-08,P052,C0969,WH-South,12,2109.04,25308.48,Delivered,2025-01-16,2025,1,January,1
O09517,2026-01-04,P056,C0933,WH-East,8,888.53,7108.24,Delivered,2026-01-09,2026,1,January,1
O09518,2025-02-14,P063,C0478,WH-West,5,6119.08,30595.4,Cancelled,Unknown,2025,2,February,0
O09519,2025-12-10,P068,C0299,WH-South,5,7862.75,39313.75,Delivered,2025-12-17,2025,12,December,1
O09520,2026-01-10,P020,C0092,WH-East,5,2297.9,11489.5,Delivered,2026-01-17,2026,1,January,1
O09521,2025-01-27,P054,C0750,WH-South,1,5559.97,5559.97,Delivered,2025-01-30,2025,1,January,1
O09522,2025-07-12,P001,C0696,WH-West,6,2324.33,13945.98,Delivered,2025-07-16,2025,7,July,1
O09523,2025-12-23,P090,C0690,WH-West,5,2450.87,12254.35,Delivered,2025-12-25,2025,12,December,1
O09524,2025-03-03,P098,C0722,WH-North,8,2843.84,22750.72,Delivered,2025-03-07,2025,3,March,1
O09525,2025-03-03,P010,C0276,WH-West,8,8992.72,71941.76,Processing,2025-03-12,2025,3,March,0
O09526,2026-02-26,P023,C0304,WH-West,2,2561.5,5123.0,Delivered,2026-03-03,2026,2,February,1
O09527,2026-01-15,P051,C0868,WH-North,11,506.74,5574.14,Delivered,2026-01-18,2026,1,January,1
O09528,2025-10-04,P024,C0787,WH-West,6,5645.0,33870.0,Delivered,2025-10-09,2025,10,October,1
O09529,2026-03-07,P013,C0837,WH-North,12,359.86,4318.32,Delivered,2026-03-15,2026,3,March,1
O09530,2025-04-25,P029,C0994,WH-South,11,7630.58,83936.38,Delivered,2025-05-05,2025,4,April,1
O09531,2025-05-01,P058,C0273,WH-East,10,3596.21,35962.1,Delivered,2025-05-07,2025,5,May,1
O09532,2026-06-09,P091,C0412,WH-North,10,3806.53,38065.3,Delivered,2026-06-15,2026,6,June,1
O09533,2026-02-20,P095,C0036,WH-South,15,5427.18,81407.7,Delivered,2026-02-26,2026,2,February,1
O09534,2025-06-12,P043,C0422,WH-West,6,7218.47,43310.82,Delivered,2025-06-22,2025,6,June,1
O09535,2025-12-03,P010,C0478,WH-South,3,8992.72,26978.16,Delivered,2025-12-11,2025,12,December,1
O09536,2026-01-14,P031,C0502,WH-North,1,1882.62,1882.62,Delivered,2026-01-18,2026,1,January,1
O09537,2025-11-20,P074,C0338,WH-North,7,8610.83,60275.81,Delivered,2025-11-23,2025,11,November,1
O09538,2025-06-22,P088,C0582,WH-North,10,7327.81,73278.1,Delivered,2025-07-02,2025,6,June,1
O09539,2025-03-05,P097,C0628,WH-North,5,7927.96,39639.8,Delivered,2025-03-09,2025,3,March,1
O09540,2025-04-11,P014,C0410,WH-South,12,8215.45,98585.4,Delivered,2025-04-20,2025,4,April,1
O09541,2025-11-18,P099,C0463,WH-East,12,1477.4,17728.8,Delivered,2025-11-23,2025,11,November,1
O09542,2025-03-07,P034,C0513,WH-East,10,7873.1,78731.0,Delivered,2025-03-13,2025,3,March,1
O09543,2026-04-03,P017,C0081,WH-South,5,8360.81,41804.05,Delivered,2026-04-12,2026,4,April,1
O09544,2026-03-29,P021,C0479,WH-East,11,2945.59,32401.49,Delivered,2026-04-04,2026,3,March,1
O09545,2025-09-16,P096,C0386,WH-West,8,6299.54,50396.32,Delivered,2025-09-19,2025,9,September,1
O09546,2026-03-02,P067,C0420,WH-South,12,3626.7,43520.4,Delivered,2026-03-09,2026,3,March,1
O09547,2025-06-27,P058,C0440,WH-South,5,3596.21,17981.05,Delivered,2025-07-05,2025,6,June,1
O09548,2025-10-07,P079,C0035,WH-South,5,8889.27,44446.35,Delivered,2025-10-09,2025,10,October,1
O09549,2025-12-10,P008,C0895,WH-East,1,7685.98,7685.98,Delivered,2025-12-20,2025,12,December,1
O09550,2025-01-17,P096,C0795,WH-South,2,6299.54,12599.08,Delivered,2025-01-24,2025,1,January,1
O09551,2025-10-23,P038,C0501,WH-South,5,9847.32,49236.6,Delivered,2025-10-28,2025,10,October,1
O09552,2025-07-21,P026,C0707,WH-North,7,8058.43,56409.01,Processing,2025-07-24,2025,7,July,0
O09553,2025-07-13,P064,C0184,WH-North,3,9772.25,29316.75,Returned,2025-07-23,2025,7,July,0
O09554,2025-05-29,P030,C0558,WH-East,12,6989.65,83875.8,Delivered,2025-06-05,2025,5,May,1
O09555,2026-01-10,P009,C0148,WH-North,15,6820.58,102308.7,Delivered,2026-01-20,2026,1,January,1
O09556,2025-02-04,P032,C0264,WH-West,1,8387.44,8387.44,Processing,2025-02-07,2025,2,February,0
O09557,2026-01-04,P011,C0605,WH-North,11,11449.02,125939.22,Delivered,2026-01-10,2026,1,January,1
O09558,2025-01-29,P086,C0840,WH-North,12,3132.13,37585.56,Processing,2025-02-05,2025,1,January,0
O09559,2025-08-09,P034,C0489,WH-South,2,7873.1,15746.2,Delivered,2025-08-15,2025,8,August,1
O09560,2025-02-22,P018,C0626,WH-West,3,6842.11,20526.33,Delivered,2025-03-01,2025,2,February,1
O09561,2025-12-19,P019,C0859,WH-West,12,6267.38,75208.56,Returned,2025-12-23,2025,12,December,0
O09562,2026-01-27,P054,C0282,WH-North,9,5559.97,50039.73,Delivered,2026-02-06,2026,1,January,1
O09563,2025-03-17,P082,C0615,WH-East,8,7665.58,61324.64,Delivered,2025-03-20,2025,3,March,1
O09564,2026-05-09,P037,C0202,WH-South,15,2141.55,32123.25,Delivered,2026-05-12,2026,5,May,1
O09565,2026-06-06,P082,C0574,WH-East,4,7665.58,30662.32,Cancelled,Unknown,2026,6,June,0
O09566,2025-04-27,P012,C0606,WH-East,8,3219.93,25759.44,Delivered,2025-05-01,2025,4,April,1
O09567,2025-10-07,P004,C0417,WH-East,13,5647.39,73416.07,Cancelled,Unknown,2025,10,October,0
O09568,2025-06-24,P043,C0317,WH-West,9,7218.47,64966.23,Delivered,2025-07-01,2025,6,June,1
O09569,2025-10-22,P027,C0228,WH-East,3,3927.78,11783.34,Returned,2025-10-29,2025,10,October,0
O09570,2026-03-27,P051,C0916,WH-East,6,506.74,3040.44,Delivered,2026-04-04,2026,3,March,1
O09571,2026-06-02,P005,C0068,WH-West,8,5461.2,43689.6,Delivered,2026-06-07,2026,6,June,1
O09572,2025-01-21,P006,C0983,WH-North,10,716.9,7169.0,Delivered,2025-01-30,2025,1,January,1
O09573,2025-03-14,P077,C0797,WH-West,7,12073.98,84517.86,Delivered,2025-03-18,2025,3,March,1
O09574,2025-02-05,P087,C0814,WH-West,9,6619.57,59576.13,Cancelled,Unknown,2025,2,February,0
O09575,2026-05-22,P056,C0480,WH-North,7,888.53,6219.71,Delivered,2026-05-28,2026,5,May,1
O09576,2025-08-21,P089,C0677,WH-East,1,5210.42,5210.42,Delivered,2025-08-28,2025,8,August,1
O09577,2026-05-12,P068,C0101,WH-East,9,7862.75,70764.75,Delivered,2026-05-16,2026,5,May,1
O09578,2025-07-25,P096,C0243,WH-North,12,6299.54,75594.48,Delivered,2025-07-28,2025,7,July,1
O09579,2026-03-02,P044,C0090,WH-East,5,3533.01,17665.05,Delivered,2026-03-06,2026,3,March,1
O09580,2025-02-13,P015,C0949,WH-North,6,10925.43,65552.58,Delivered,2025-02-17,2025,2,February,1
O09581,2025-04-01,P090,C0901,WH-West,2,2450.87,4901.74,Delivered,2025-04-09,2025,4,April,1
O09582,2026-04-15,P042,C0600,WH-East,15,4932.36,73985.4,Delivered,2026-04-17,2026,4,April,1
O09583,2026-04-12,P011,C0127,WH-East,2,11449.02,22898.04,Delivered,2026-04-17,2026,4,April,1
O09584,2026-03-30,P073,C0619,WH-South,13,5286.08,68719.04,Processing,2026-04-03,2026,3,March,0
O09585,2025-11-29,P011,C0834,WH-East,4,11449.02,45796.08,Delivered,2025-12-07,2025,11,November,1
O09586,2026-05-22,P066,C0399,WH-South,4,9296.31,37185.24,Delivered,2026-05-24,2026,5,May,1
O09587,2026-04-15,P027,C0302,WH-East,5,3927.78,19638.9,Returned,2026-04-24,2026,4,April,0
O09588,2025-01-21,P058,C0494,WH-South,7,3596.21,25173.47,Delivered,2025-01-29,2025,1,January,1
O09589,2025-08-16,P090,C1000,WH-North,13,2450.87,31861.31,Delivered,2025-08-25,2025,8,August,1
O09590,2026-01-11,P072,C0756,WH-East,11,7933.68,87270.48,Delivered,2026-01-20,2026,1,January,1
O09591,2025-05-10,P021,C0697,WH-North,12,2945.59,35347.08,Delivered,2025-05-20,2025,5,May,1
O09592,2026-02-18,P021,C0776,WH-South,15,2945.59,44183.85,Delivered,2026-02-20,2026,2,February,1
O09593,2025-03-12,P072,C0421,WH-South,1,7933.68,7933.68,Delivered,2025-03-22,2025,3,March,1
O09594,2026-02-08,P001,C0613,WH-South,10,2324.33,23243.3,Delivered,2026-02-10,2026,2,February,1
O09595,2026-02-01,P058,C0953,WH-South,4,3596.21,14384.84,Delivered,2026-02-05,2026,2,February,1
O09596,2025-12-03,P013,C0765,WH-West,13,359.86,4678.18,Delivered,2025-12-11,2025,12,December,1
O09597,2026-05-20,P073,C0142,WH-North,9,5286.08,47574.72,Delivered,2026-05-29,2026,5,May,1
O09598,2025-10-03,P092,C0901,WH-South,8,9918.59,79348.72,Delivered,2025-10-09,2025,10,October,1
O09599,2025-01-13,P006,C0253,WH-East,3,716.9,2150.7,Delivered,2025-01-15,2025,1,January,1
O09600,2025-01-03,P087,C0073,WH-South,6,6619.57,39717.42,Delivered,2025-01-07,2025,1,January,1
O09601,2025-08-12,P100,C0214,WH-North,11,6160.6,67766.6,Delivered,2025-08-20,2025,8,August,1
O09602,2025-06-24,P058,C0379,WH-West,9,3596.21,32365.89,Delivered,2025-06-27,2025,6,June,1
O09603,2026-01-20,P017,C0299,WH-North,8,8360.81,66886.48,Processing,2026-01-23,2026,1,January,0
O09604,2025-08-29,P073,C0945,WH-East,7,5286.08,37002.56,Delivered,2025-09-08,2025,8,August,1
O09605,2025-01-14,P012,C0379,WH-West,7,3219.93,22539.51,Cancelled,Unknown,2025,1,January,0
O09606,2025-07-14,P086,C0492,WH-North,1,3132.13,3132.13,Delivered,2025-07-19,2025,7,July,1
O09607,2026-02-01,P052,C0684,WH-South,15,2109.04,31635.6,Returned,2026-02-11,2026,2,February,0
O09608,2026-03-07,P076,C0952,WH-East,5,2781.69,13908.45,Delivered,2026-03-15,2026,3,March,1
O09609,2025-11-02,P070,C0304,WH-East,7,2886.35,20204.45,Delivered,2025-11-10,2025,11,November,1
O09610,2025-11-30,P073,C0926,WH-West,14,5286.08,74005.12,Delivered,2025-12-09,2025,11,November,1
O09611,2026-02-14,P052,C0929,WH-North,13,2109.04,27417.52,Delivered,2026-02-18,2026,2,February,1
O09612,2025-01-03,P037,C0498,WH-East,2,2141.55,4283.1,Delivered,2025-01-06,2025,1,January,1
O09613,2026-03-28,P003,C0742,WH-West,15,8874.43,133116.45,Delivered,2026-03-30,2026,3,March,1
O09614,2026-05-10,P098,C0933,WH-South,6,2843.84,17063.04,Delivered,2026-05-13,2026,5,May,1
O09615,2026-02-21,P008,C0946,WH-South,14,7685.98,107603.72,Delivered,2026-02-25,2026,2,February,1
O09616,2026-01-26,P010,C0237,WH-West,2,8992.72,17985.44,Delivered,2026-02-01,2026,1,January,1
O09617,2026-01-08,P047,C0230,WH-North,3,9554.1,28662.3,Delivered,2026-01-17,2026,1,January,1
O09618,2025-02-21,P041,C0007,WH-South,1,10031.16,10031.16,Delivered,2025-02-25,2025,2,February,1
O09619,2026-01-11,P064,C0707,WH-South,3,9772.25,29316.75,Processing,2026-01-19,2026,1,January,0
O09620,2026-01-30,P042,C0256,WH-West,15,4932.36,73985.4,Delivered,2026-02-05,2026,1,January,1
O09621,2025-05-22,P043,C0171,WH-North,7,7218.47,50529.29,Returned,2025-05-28,2025,5,May,0
O09622,2025-03-27,P009,C0552,WH-South,5,6820.58,34102.9,Delivered,2025-04-05,2025,3,March,1
O09623,2026-04-09,P014,C0288,WH-North,4,8215.45,32861.8,Returned,2026-04-15,2026,4,April,0
O09624,2025-02-15,P091,C0740,WH-West,15,3806.53,57097.95,Delivered,2025-02-23,2025,2,February,1
O09625,2025-08-26,P096,C0234,WH-North,15,6299.54,94493.1,Delivered,2025-09-04,2025,8,August,1
O09626,2025-01-10,P004,C0873,WH-North,13,5647.39,73416.07,Delivered,2025-01-19,2025,1,January,1
O09627,2026-06-14,P002,C0695,WH-East,12,9662.88,115954.56,Delivered,2026-06-18,2026,6,June,1
O09628,2025-06-27,P097,C0493,WH-South,8,7927.96,63423.68,Delivered,2025-07-02,2025,6,June,1
O09629,2025-01-06,P085,C0211,WH-South,8,1090.03,8720.24,Delivered,2025-01-15,2025,1,January,1
O09630,2025-11-03,P001,C0991,WH-South,1,2324.33,2324.33,Delivered,2025-11-09,2025,11,November,1
O09631,2025-11-23,P075,C0862,WH-North,9,4757.22,42814.98,Delivered,2025-11-25,2025,11,November,1
O09632,2025-12-22,P065,C0367,WH-West,14,6932.91,97060.74,Delivered,2025-12-30,2025,12,December,1
O09633,2026-01-30,P046,C0229,WH-North,9,2032.34,18291.06,Returned,2026-02-03,2026,1,January,0
O09634,2025-10-27,P059,C0345,WH-South,2,722.03,1444.06,Delivered,2025-10-30,2025,10,October,1
O09635,2026-06-10,P075,C0767,WH-South,2,4757.22,9514.44,Delivered,2026-06-16,2026,6,June,1
O09636,2025-10-12,P007,C0077,WH-South,8,11389.37,91114.96,Delivered,2025-10-14,2025,10,October,1
O09637,2025-11-26,P066,C0460,WH-South,12,9296.31,111555.72,Delivered,2025-12-06,2025,11,November,1
O09638,2025-02-19,P015,C0265,WH-West,11,10925.43,120179.73,Processing,2025-02-25,2025,2,February,0
O09639,2026-01-13,P072,C0504,WH-East,6,7933.68,47602.08,Delivered,2026-01-20,2026,1,January,1
O09640,2026-06-22,P047,C0744,WH-North,3,9554.1,28662.3,Delivered,2026-06-30,2026,6,June,1
O09641,2025-05-24,P090,C0649,WH-West,12,2450.87,29410.44,Delivered,2025-06-03,2025,5,May,1
O09642,2025-03-01,P040,C0576,WH-East,2,7396.64,14793.28,Delivered,2025-03-07,2025,3,March,1
O09643,2025-03-16,P042,C0245,WH-South,5,4932.36,24661.8,Delivered,2025-03-21,2025,3,March,1
O09644,2025-01-03,P051,C0429,WH-West,15,506.74,7601.1,Delivered,2025-01-07,2025,1,January,1
O09645,2026-03-24,P035,C0091,WH-West,8,10862.84,86902.72,Delivered,2026-03-30,2026,3,March,1
O09646,2025-10-02,P041,C0445,WH-West,6,10031.16,60186.96,Delivered,2025-10-06,2025,10,October,1
O09647,2026-06-14,P085,C0233,WH-North,12,1090.03,13080.36,Delivered,2026-06-20,2026,6,June,1
O09648,2025-08-03,P057,C0863,WH-East,3,919.99,2759.97,Delivered,2025-08-12,2025,8,August,1
O09649,2026-04-30,P038,C0454,WH-East,12,9847.32,118167.84,Delivered,2026-05-03,2026,4,April,1
O09650,2025-11-25,P072,C0349,WH-North,12,7933.68,95204.16,Delivered,2025-11-30,2025,11,November,1
O09651,2025-09-12,P096,C0094,WH-East,9,6299.54,56695.86,Delivered,2025-09-21,2025,9,September,1
O09652,2026-01-22,P008,C0422,WH-South,8,7685.98,61487.84,Delivered,2026-01-28,2026,1,January,1
O09653,2025-05-06,P074,C0715,WH-West,10,8610.83,86108.3,Delivered,2025-05-15,2025,5,May,1
O09654,2025-11-20,P063,C0490,WH-East,6,6119.08,36714.48,Delivered,2025-11-27,2025,11,November,1
O09655,2025-07-23,P087,C0686,WH-East,1,6619.57,6619.57,Returned,2025-07-25,2025,7,July,0
O09656,2025-06-21,P004,C0124,WH-West,2,5647.39,11294.78,Delivered,2025-06-27,2025,6,June,1
O09657,2025-08-05,P048,C0582,WH-South,4,8206.14,32824.56,Delivered,2025-08-08,2025,8,August,1
O09658,2025-09-02,P052,C0615,WH-South,2,2109.04,4218.08,Delivered,2025-09-10,2025,9,September,1
O09659,2025-12-02,P038,C0233,WH-East,3,9847.32,29541.96,Delivered,2025-12-07,2025,12,December,1
O09660,2025-10-25,P094,C0064,WH-South,14,9560.46,133846.44,Delivered,2025-10-28,2025,10,October,1
O09661,2025-07-01,P087,C0607,WH-North,8,6619.57,52956.56,Processing,2025-07-03,2025,7,July,0
O09662,2025-11-30,P005,C0163,WH-West,9,5461.2,49150.8,Delivered,2025-12-06,2025,11,November,1
O09663,2026-05-26,P085,C0780,WH-West,6,1090.03,6540.18,Delivered,2026-06-04,2026,5,May,1
O09664,2026-01-18,P070,C0304,WH-North,4,2886.35,11545.4,Delivered,2026-01-27,2026,1,January,1
O09665,2025-07-18,P081,C0319,WH-South,11,8788.43,96672.73,Returned,2025-07-21,2025,7,July,0
O09666,2025-11-28,P089,C0685,WH-South,2,5210.42,10420.84,Delivered,2025-12-05,2025,11,November,1
O09667,2025-06-14,P024,C0006,WH-West,7,5645.0,39515.0,Delivered,2025-06-22,2025,6,June,1
O09668,2025-08-30,P086,C0301,WH-North,10,3132.13,31321.3,Delivered,2025-09-01,2025,8,August,1
O09669,2025-08-15,P077,C0858,WH-North,11,12073.98,132813.78,Delivered,2025-08-21,2025,8,August,1
O09670,2026-03-27,P017,C0101,WH-West,7,8360.81,58525.67,Delivered,2026-04-03,2026,3,March,1
O09671,2025-07-15,P078,C0416,WH-East,10,8749.35,87493.5,Cancelled,Unknown,2025,7,July,0
O09672,2025-07-23,P098,C0964,WH-West,9,2843.84,25594.56,Delivered,2025-08-02,2025,7,July,1
O09673,2026-04-03,P090,C0360,WH-East,5,2450.87,12254.35,Delivered,2026-04-07,2026,4,April,1
O09674,2025-09-14,P083,C0131,WH-East,10,1377.9,13779.0,Cancelled,Unknown,2025,9,September,0
O09675,2026-06-13,P026,C0895,WH-East,4,8058.43,32233.72,Cancelled,Unknown,2026,6,June,0
O09676,2025-09-29,P003,C0386,WH-West,10,8874.43,88744.3,Delivered,2025-10-09,2025,9,September,1
O09677,2025-01-09,P002,C0020,WH-North,6,9662.88,57977.28,Delivered,2025-01-18,2025,1,January,1
O09678,2025-07-20,P092,C0723,WH-North,12,9918.59,119023.08,Delivered,2025-07-30,2025,7,July,1
O09679,2025-02-28,P002,C0295,WH-North,2,9662.88,19325.76,Cancelled,Unknown,2025,2,February,0
O09680,2026-01-28,P022,C0396,WH-West,2,9065.34,18130.68,Delivered,2026-02-07,2026,1,January,1
O09681,2025-04-29,P071,C0445,WH-West,12,4401.72,52820.64,Delivered,2025-05-03,2025,4,April,1
O09682,2026-02-03,P004,C0292,WH-South,9,5647.39,50826.51,Delivered,2026-02-11,2026,2,February,1
O09683,2025-11-27,P038,C0490,WH-West,7,9847.32,68931.24,Delivered,2025-12-01,2025,11,November,1
O09684,2025-09-24,P084,C0348,WH-North,7,9567.6,66973.2,Delivered,2025-10-01,2025,9,September,1
O09685,2026-06-04,P070,C0265,WH-South,13,2886.35,37522.55,Delivered,2026-06-13,2026,6,June,1
O09686,2026-04-25,P073,C0765,WH-West,5,5286.08,26430.4,Delivered,2026-04-28,2026,4,April,1
O09687,2025-05-14,P052,C0044,WH-West,7,2109.04,14763.28,Delivered,2025-05-23,2025,5,May,1
O09688,2025-12-21,P031,C0075,WH-West,9,1882.62,16943.58,Delivered,2025-12-23,2025,12,December,1
O09689,2026-05-13,P026,C0053,WH-South,10,8058.43,80584.3,Delivered,2026-05-18,2026,5,May,1
O09690,2025-04-17,P036,C0286,WH-South,5,9014.91,45074.55,Delivered,2025-04-25,2025,4,April,1
O09691,2025-10-17,P026,C0883,WH-East,9,8058.43,72525.87,Delivered,2025-10-19,2025,10,October,1
O09692,2025-05-27,P028,C0066,WH-South,1,1732.59,1732.59,Delivered,2025-06-03,2025,5,May,1
O09693,2025-11-23,P005,C0038,WH-North,13,5461.2,70995.6,Processing,2025-11-30,2025,11,November,0
O09694,2026-02-19,P074,C0766,WH-North,15,8610.83,129162.45,Delivered,2026-02-27,2026,2,February,1
O09695,2025-07-29,P018,C0806,WH-West,12,6842.11,82105.32,Delivered,2025-08-08,2025,7,July,1
O09696,2025-10-23,P015,C0417,WH-North,3,10925.43,32776.29,Delivered,2025-10-31,2025,10,October,1
O09697,2026-02-02,P057,C0711,WH-North,7,919.99,6439.93,Delivered,2026-02-06,2026,2,February,1
O09698,2025-04-13,P097,C0748,WH-North,4,7927.96,31711.84,Delivered,2025-04-18,2025,4,April,1
O09699,2026-05-23,P005,C0469,WH-North,15,5461.2,81918.0,Delivered,2026-05-25,2026,5,May,1
O09700,2025-07-28,P037,C0055,WH-South,2,2141.55,4283.1,Delivered,2025-08-03,2025,7,July,1
O09701,2026-03-04,P086,C0844,WH-North,12,3132.13,37585.56,Delivered,2026-03-12,2026,3,March,1
O09702,2026-01-28,P086,C0116,WH-West,14,3132.13,43849.82,Cancelled,Unknown,2026,1,January,0
O09703,2025-04-19,P022,C0597,WH-South,3,9065.34,27196.02,Delivered,2025-04-26,2025,4,April,1
O09704,2025-12-14,P052,C0279,WH-East,7,2109.04,14763.28,Delivered,2025-12-18,2025,12,December,1
O09705,2025-02-19,P015,C0454,WH-North,8,10925.43,87403.44,Delivered,2025-02-24,2025,2,February,1
O09706,2025-04-15,P017,C0142,WH-East,11,8360.81,91968.91,Delivered,2025-04-21,2025,4,April,1
O09707,2026-02-24,P051,C0608,WH-East,9,506.74,4560.66,Delivered,2026-03-03,2026,2,February,1
O09708,2026-01-08,P045,C0049,WH-West,6,11503.77,69022.62,Delivered,2026-01-15,2026,1,January,1
O09709,2025-01-27,P063,C0369,WH-East,10,6119.08,61190.8,Delivered,2025-01-29,2025,1,January,1
O09710,2025-09-30,P028,C0370,WH-North,9,1732.59,15593.31,Delivered,2025-10-09,2025,9,September,1
O09711,2025-12-06,P059,C0301,WH-West,4,722.03,2888.12,Delivered,2025-12-10,2025,12,December,1
O09712,2025-10-28,P086,C0717,WH-West,12,3132.13,37585.56,Delivered,2025-11-02,2025,10,October,1
O09713,2026-04-25,P021,C0923,WH-South,5,2945.59,14727.95,Delivered,2026-05-04,2026,4,April,1
O09714,2026-06-28,P042,C0971,WH-West,1,4932.36,4932.36,Delivered,2026-07-04,2026,6,June,1
O09715,2025-09-22,P081,C0352,WH-East,14,8788.43,123038.02,Delivered,2025-09-29,2025,9,September,1
O09716,2026-06-26,P069,C0195,WH-North,9,7876.01,70884.09,Delivered,2026-06-28,2026,6,June,1
O09717,2025-06-15,P082,C0305,WH-South,9,7665.58,68990.22,Delivered,2025-06-24,2025,6,June,1
O09718,2025-11-12,P017,C0250,WH-East,9,8360.81,75247.29,Delivered,2025-11-18,2025,11,November,1
O09719,2025-01-01,P068,C0258,WH-West,3,7862.75,23588.25,Returned,2025-01-03,2025,1,January,0
O09720,2025-09-18,P007,C0990,WH-North,13,11389.37,148061.81,Returned,2025-09-26,2025,9,September,0
O09721,2025-03-04,P089,C0956,WH-West,15,5210.42,78156.3,Delivered,2025-03-07,2025,3,March,1
O09722,2026-04-28,P040,C0450,WH-South,10,7396.64,73966.4,Delivered,2026-05-05,2026,4,April,1
O09723,2025-11-17,P040,C0871,WH-South,10,7396.64,73966.4,Delivered,2025-11-21,2025,11,November,1
O09724,2025-07-20,P043,C0059,WH-North,10,7218.47,72184.7,Delivered,2025-07-27,2025,7,July,1
O09725,2025-08-10,P073,C0221,WH-East,8,5286.08,42288.64,Cancelled,Unknown,2025,8,August,0
O09726,2025-06-01,P083,C0572,WH-North,3,1377.9,4133.7,Delivered,2025-06-08,2025,6,June,1
O09727,2026-04-07,P051,C0534,WH-East,13,506.74,6587.62,Delivered,2026-04-09,2026,4,April,1
O09728,2025-08-05,P073,C0857,WH-North,6,5286.08,31716.48,Delivered,2025-08-12,2025,8,August,1
O09729,2025-07-15,P023,C0362,WH-South,5,2561.5,12807.5,Delivered,2025-07-19,2025,7,July,1
O09730,2025-07-21,P095,C0942,WH-South,8,5427.18,43417.44,Processing,2025-07-26,2025,7,July,0
O09731,2025-08-22,P032,C0053,WH-West,3,8387.44,25162.32,Returned,2025-08-27,2025,8,August,0
O09732,2025-05-21,P031,C0787,WH-South,14,1882.62,26356.68,Delivered,2025-05-31,2025,5,May,1
O09733,2026-05-13,P017,C0561,WH-West,1,8360.81,8360.81,Delivered,2026-05-22,2026,5,May,1
O09734,2025-02-26,P058,C0976,WH-South,12,3596.21,43154.52,Delivered,2025-03-06,2025,2,February,1
O09735,2026-05-19,P086,C0529,WH-South,9,3132.13,28189.17,Delivered,2026-05-25,2026,5,May,1
O09736,2025-05-22,P035,C0498,WH-West,10,10862.84,108628.4,Processing,2025-05-27,2025,5,May,0
O09737,2026-06-23,P030,C0639,WH-North,9,6989.65,62906.85,Delivered,2026-06-27,2026,6,June,1
O09738,2025-04-16,P064,C0155,WH-North,3,9772.25,29316.75,Delivered,2025-04-18,2025,4,April,1
O09739,2025-06-14,P053,C0787,WH-North,2,8550.49,17100.98,Delivered,2025-06-24,2025,6,June,1
O09740,2025-08-03,P051,C0747,WH-East,4,506.74,2026.96,Delivered,2025-08-12,2025,8,August,1
O09741,2025-03-12,P037,C0490,WH-East,14,2141.55,29981.7,Delivered,2025-03-14,2025,3,March,1
O09742,2025-03-31,P090,C0798,WH-South,8,2450.87,19606.96,Delivered,2025-04-03,2025,3,March,1
O09743,2025-08-16,P006,C0078,WH-South,6,716.9,4301.4,Delivered,2025-08-18,2025,8,August,1
O09744,2025-03-20,P034,C0174,WH-South,10,7873.1,78731.0,Delivered,2025-03-22,2025,3,March,1
O09745,2025-12-15,P056,C0618,WH-West,15,888.53,13327.95,Delivered,2025-12-25,2025,12,December,1
O09746,2025-09-03,P096,C0320,WH-East,15,6299.54,94493.1,Delivered,2025-09-09,2025,9,September,1
O09747,2025-09-29,P025,C0032,WH-East,1,2564.25,2564.25,Delivered,2025-10-03,2025,9,September,1
O09748,2026-02-07,P013,C0949,WH-North,15,359.86,5397.9,Cancelled,Unknown,2026,2,February,0
O09749,2025-04-26,P063,C0919,WH-East,8,6119.08,48952.64,Processing,2025-05-05,2025,4,April,0
O09750,2026-03-11,P066,C0292,WH-West,5,9296.31,46481.55,Delivered,2026-03-20,2026,3,March,1
O09751,2026-06-14,P005,C0522,WH-West,13,5461.2,70995.6,Delivered,2026-06-21,2026,6,June,1
O09752,2026-03-18,P075,C0315,WH-West,6,4757.22,28543.32,Delivered,2026-03-21,2026,3,March,1
O09753,2025-06-21,P011,C0614,WH-West,5,11449.02,57245.1,Delivered,2025-06-23,2025,6,June,1
O09754,2025-01-16,P088,C0630,WH-South,10,7327.81,73278.1,Processing,2025-01-23,2025,1,January,0
O09755,2025-02-25,P078,C0669,WH-West,5,8749.35,43746.75,Delivered,2025-02-27,2025,2,February,1
O09756,2025-04-13,P094,C0267,WH-North,3,9560.46,28681.38,Delivered,2025-04-20,2025,4,April,1
O09757,2025-10-11,P044,C0422,WH-West,14,3533.01,49462.14,Delivered,2025-10-14,2025,10,October,1
O09758,2026-06-01,P099,C0245,WH-East,4,1477.4,5909.6,Delivered,2026-06-09,2026,6,June,1
O09759,2025-10-05,P085,C0591,WH-West,5,1090.03,5450.15,Returned,2025-10-08,2025,10,October,0
O09760,2025-09-26,P069,C0672,WH-North,11,7876.01,86636.11,Delivered,2025-09-29,2025,9,September,1
O09761,2026-02-04,P002,C0091,WH-East,11,9662.88,106291.68,Delivered,2026-02-11,2026,2,February,1
O09762,2026-05-18,P040,C0870,WH-East,2,7396.64,14793.28,Delivered,2026-05-23,2026,5,May,1
O09763,2025-03-27,P037,C0436,WH-East,6,2141.55,12849.3,Delivered,2025-04-03,2025,3,March,1
O09764,2025-11-16,P049,C0641,WH-South,2,3014.05,6028.1,Delivered,2025-11-25,2025,11,November,1
O09765,2025-02-01,P098,C0489,WH-East,4,2843.84,11375.36,Delivered,2025-02-05,2025,2,February,1
O09766,2025-12-02,P075,C0014,WH-South,12,4757.22,57086.64,Delivered,2025-12-08,2025,12,December,1
O09767,2025-02-20,P036,C0899,WH-West,1,9014.91,9014.91,Returned,2025-02-26,2025,2,February,0
O09768,2025-03-20,P075,C0286,WH-North,4,4757.22,19028.88,Delivered,2025-03-30,2025,3,March,1
O09769,2025-06-23,P073,C0671,WH-East,14,5286.08,74005.12,Delivered,2025-07-01,2025,6,June,1
O09770,2026-05-16,P070,C0641,WH-West,7,2886.35,20204.45,Delivered,2026-05-26,2026,5,May,1
O09771,2025-03-17,P034,C0686,WH-South,15,7873.1,118096.5,Delivered,2025-03-26,2025,3,March,1
O09772,2025-11-12,P058,C0398,WH-South,14,3596.21,50346.94,Cancelled,Unknown,2025,11,November,0
O09773,2026-01-08,P037,C0932,WH-North,8,2141.55,17132.4,Delivered,2026-01-11,2026,1,January,1
O09774,2025-03-22,P096,C0686,WH-West,2,6299.54,12599.08,Returned,2025-03-26,2025,3,March,0
O09775,2025-03-12,P060,C0951,WH-North,3,1239.87,3719.61,Delivered,2025-03-19,2025,3,March,1
O09776,2025-03-12,P012,C0932,WH-North,1,3219.93,3219.93,Returned,2025-03-17,2025,3,March,0
O09777,2025-02-15,P032,C0427,WH-East,15,8387.44,125811.6,Delivered,2025-02-17,2025,2,February,1
O09778,2025-02-16,P081,C0361,WH-East,7,8788.43,61519.01,Delivered,2025-02-26,2025,2,February,1
O09779,2026-02-26,P004,C0043,WH-North,4,5647.39,22589.56,Delivered,2026-03-05,2026,2,February,1
O09780,2025-05-29,P033,C0911,WH-East,11,7876.29,86639.19,Delivered,2025-05-31,2025,5,May,1
O09781,2025-05-10,P043,C0294,WH-West,10,7218.47,72184.7,Delivered,2025-05-14,2025,5,May,1
O09782,2026-04-01,P009,C0345,WH-South,8,6820.58,54564.64,Delivered,2026-04-03,2026,4,April,1
O09783,2026-05-20,P098,C0812,WH-South,5,2843.84,14219.2,Delivered,2026-05-30,2026,5,May,1
O09784,2025-09-01,P051,C0621,WH-East,9,506.74,4560.66,Returned,2025-09-06,2025,9,September,0
O09785,2026-04-19,P094,C0242,WH-West,6,9560.46,57362.76,Delivered,2026-04-22,2026,4,April,1
O09786,2026-01-17,P020,C0055,WH-East,11,2297.9,25276.9,Cancelled,Unknown,2026,1,January,0
O09787,2025-04-13,P039,C0567,WH-West,10,2741.34,27413.4,Delivered,2025-04-16,2025,4,April,1
O09788,2026-05-04,P023,C0846,WH-South,2,2561.5,5123.0,Delivered,2026-05-11,2026,5,May,1
O09789,2025-02-06,P041,C0728,WH-West,1,10031.16,10031.16,Delivered,2025-02-13,2025,2,February,1
O09790,2026-06-04,P044,C0442,WH-South,1,3533.01,3533.01,Returned,2026-06-12,2026,6,June,0
O09791,2025-11-29,P035,C0107,WH-East,12,10862.84,130354.08,Delivered,2025-12-09,2025,11,November,1
O09792,2026-02-01,P023,C0313,WH-West,12,2561.5,30738.0,Delivered,2026-02-11,2026,2,February,1
O09793,2025-10-23,P058,C0184,WH-East,14,3596.21,50346.94,Delivered,2025-10-28,2025,10,October,1
O09794,2025-04-17,P048,C0130,WH-North,14,8206.14,114885.96,Delivered,2025-04-27,2025,4,April,1
O09795,2026-06-14,P087,C0499,WH-North,9,6619.57,59576.13,Processing,2026-06-23,2026,6,June,0
O09796,2025-03-24,P058,C0636,WH-East,1,3596.21,3596.21,Delivered,2025-03-26,2025,3,March,1
O09797,2025-10-15,P057,C0418,WH-South,3,919.99,2759.97,Delivered,2025-10-23,2025,10,October,1
O09798,2026-04-06,P087,C0049,WH-West,12,6619.57,79434.84,Delivered,2026-04-14,2026,4,April,1
O09799,2025-08-03,P039,C0320,WH-East,2,2741.34,5482.68,Delivered,2025-08-08,2025,8,August,1
O09800,2025-10-08,P028,C0253,WH-South,15,1732.59,25988.85,Delivered,2025-10-16,2025,10,October,1
O09801,2026-04-04,P064,C0855,WH-West,15,9772.25,146583.75,Delivered,2026-04-10,2026,4,April,1
O09802,2025-12-10,P062,C0392,WH-East,15,11436.7,171550.5,Delivered,2025-12-16,2025,12,December,1
O09803,2025-07-13,P083,C0069,WH-East,12,1377.9,16534.8,Delivered,2025-07-19,2025,7,July,1
O09804,2025-06-07,P062,C0442,WH-South,4,11436.7,45746.8,Delivered,2025-06-14,2025,6,June,1
O09805,2026-04-10,P094,C0477,WH-West,1,9560.46,9560.46,Delivered,2026-04-18,2026,4,April,1
O09806,2025-04-14,P085,C0939,WH-West,15,1090.03,16350.45,Cancelled,Unknown,2025,4,April,0
O09807,2025-02-03,P088,C0830,WH-South,1,7327.81,7327.81,Delivered,2025-02-13,2025,2,February,1
O09808,2025-04-12,P085,C0377,WH-East,4,1090.03,4360.12,Delivered,2025-04-22,2025,4,April,1
O09809,2025-11-21,P026,C0564,WH-South,13,8058.43,104759.59,Delivered,2025-11-29,2025,11,November,1
O09810,2025-05-21,P051,C0545,WH-South,13,506.74,6587.62,Delivered,2025-05-25,2025,5,May,1
O09811,2026-04-19,P050,C0532,WH-East,14,1973.84,27633.76,Delivered,2026-04-24,2026,4,April,1
O09812,2025-01-31,P036,C0976,WH-West,4,9014.91,36059.64,Delivered,2025-02-05,2025,1,January,1
O09813,2025-03-04,P026,C0741,WH-North,7,8058.43,56409.01,Processing,2025-03-12,2025,3,March,0
O09814,2025-03-28,P033,C0187,WH-North,8,7876.29,63010.32,Delivered,2025-03-31,2025,3,March,1
O09815,2025-10-31,P100,C0700,WH-South,13,6160.6,80087.8,Delivered,2025-11-06,2025,10,October,1
O09816,2025-03-02,P068,C0703,WH-West,8,7862.75,62902.0,Delivered,2025-03-07,2025,3,March,1
O09817,2026-01-31,P073,C0112,WH-East,8,5286.08,42288.64,Delivered,2026-02-10,2026,1,January,1
O09818,2025-11-30,P008,C0184,WH-West,14,7685.98,107603.72,Delivered,2025-12-02,2025,11,November,1
O09819,2026-02-15,P066,C0293,WH-South,14,9296.31,130148.34,Delivered,2026-02-19,2026,2,February,1
O09820,2025-10-11,P093,C0956,WH-West,12,11181.17,134174.04,Delivered,2025-10-18,2025,10,October,1
O09821,2026-04-11,P023,C0874,WH-West,14,2561.5,35861.0,Delivered,2026-04-16,2026,4,April,1
O09822,2025-03-21,P070,C0361,WH-East,9,2886.35,25977.15,Delivered,2025-03-25,2025,3,March,1
O09823,2025-03-18,P055,C0502,WH-North,1,1487.11,1487.11,Delivered,2025-03-25,2025,3,March,1
O09824,2026-06-24,P043,C0984,WH-West,9,7218.47,64966.23,Delivered,2026-06-28,2026,6,June,1
O09825,2025-12-27,P100,C0307,WH-West,10,6160.6,61606.0,Delivered,2026-01-04,2025,12,December,1
O09826,2025-03-18,P021,C0797,WH-North,8,2945.59,23564.72,Delivered,2025-03-20,2025,3,March,1
O09827,2026-05-24,P022,C0739,WH-West,1,9065.34,9065.34,Delivered,2026-06-03,2026,5,May,1
O09828,2025-06-13,P009,C0649,WH-West,7,6820.58,47744.06,Delivered,2025-06-16,2025,6,June,1
O09829,2025-01-09,P034,C0086,WH-West,9,7873.1,70857.9,Delivered,2025-01-14,2025,1,January,1
O09830,2025-06-24,P059,C0980,WH-North,4,722.03,2888.12,Delivered,2025-07-01,2025,6,June,1
O09831,2026-04-07,P026,C0296,WH-South,13,8058.43,104759.59,Processing,2026-04-14,2026,4,April,0
O09832,2025-11-03,P001,C0452,WH-North,15,2324.33,34864.95,Delivered,2025-11-12,2025,11,November,1
O09833,2025-09-02,P100,C0171,WH-North,13,6160.6,80087.8,Delivered,2025-09-11,2025,9,September,1
O09834,2025-05-02,P005,C0356,WH-South,9,5461.2,49150.8,Delivered,2025-05-07,2025,5,May,1
O09835,2025-07-04,P041,C0460,WH-East,1,10031.16,10031.16,Delivered,2025-07-11,2025,7,July,1
O09836,2025-02-01,P063,C0279,WH-North,9,6119.08,55071.72,Delivered,2025-02-11,2025,2,February,1
O09837,2025-11-06,P022,C0871,WH-West,6,9065.34,54392.04,Returned,2025-11-14,2025,11,November,0
O09838,2026-01-07,P068,C0252,WH-East,4,7862.75,31451.0,Delivered,2026-01-16,2026,1,January,1
O09839,2025-02-25,P048,C0008,WH-East,12,8206.14,98473.68,Delivered,2025-03-06,2025,2,February,1
O09840,2025-09-30,P066,C0586,WH-South,12,9296.31,111555.72,Delivered,2025-10-03,2025,9,September,1
O09841,2026-04-09,P016,C0320,WH-East,5,6037.0,30185.0,Delivered,2026-04-17,2026,4,April,1
O09842,2026-04-01,P080,C0151,WH-West,15,6733.38,101000.7,Delivered,2026-04-05,2026,4,April,1
O09843,2025-09-06,P053,C0605,WH-East,7,8550.49,59853.43,Delivered,2025-09-14,2025,9,September,1
O09844,2025-03-19,P086,C0376,WH-West,10,3132.13,31321.3,Delivered,2025-03-22,2025,3,March,1
O09845,2026-06-18,P065,C0365,WH-South,13,6932.91,90127.83,Cancelled,Unknown,2026,6,June,0
O09846,2025-04-18,P079,C0608,WH-East,4,8889.27,35557.08,Delivered,2025-04-28,2025,4,April,1
O09847,2025-09-30,P064,C0440,WH-North,8,9772.25,78178.0,Delivered,2025-10-02,2025,9,September,1
O09848,2025-01-15,P088,C0142,WH-South,3,7327.81,21983.43,Delivered,2025-01-17,2025,1,January,1
O09849,2026-01-05,P068,C0592,WH-South,2,7862.75,15725.5,Delivered,2026-01-09,2026,1,January,1
O09850,2025-10-31,P063,C0871,WH-West,1,6119.08,6119.08,Delivered,2025-11-02,2025,10,October,1
O09851,2025-07-24,P062,C0752,WH-South,14,11436.7,160113.8,Delivered,2025-08-01,2025,7,July,1
O09852,2025-04-23,P082,C0785,WH-North,13,7665.58,99652.54,Delivered,2025-05-01,2025,4,April,1
O09853,2025-09-10,P081,C0020,WH-East,6,8788.43,52730.58,Delivered,2025-09-19,2025,9,September,1
O09854,2026-03-17,P071,C0883,WH-East,2,4401.72,8803.44,Delivered,2026-03-20,2026,3,March,1
O09855,2025-07-05,P045,C0012,WH-East,8,11503.77,92030.16,Processing,2025-07-13,2025,7,July,0
O09856,2025-08-15,P052,C0969,WH-West,15,2109.04,31635.6,Delivered,2025-08-25,2025,8,August,1
O09857,2026-06-12,P074,C0636,WH-North,11,8610.83,94719.13,Delivered,2026-06-18,2026,6,June,1
O09858,2025-12-20,P065,C0122,WH-West,10,6932.91,69329.1,Delivered,2025-12-24,2025,12,December,1
O09859,2025-01-01,P002,C0840,WH-East,13,9662.88,125617.44,Delivered,2025-01-11,2025,1,January,1
O09860,2026-02-24,P049,C0425,WH-East,4,3014.05,12056.2,Delivered,2026-02-26,2026,2,February,1
O09861,2025-06-10,P022,C0229,WH-North,9,9065.34,81588.06,Delivered,2025-06-14,2025,6,June,1
O09862,2025-06-10,P096,C0597,WH-West,4,6299.54,25198.16,Delivered,2025-06-13,2025,6,June,1
O09863,2025-05-08,P029,C0928,WH-North,4,7630.58,30522.32,Delivered,2025-05-11,2025,5,May,1
O09864,2025-05-31,P035,C0933,WH-East,13,10862.84,141216.92,Delivered,2025-06-04,2025,5,May,1
O09865,2026-03-20,P081,C0878,WH-North,12,8788.43,105461.16,Delivered,2026-03-28,2026,3,March,1
O09866,2026-04-16,P076,C0786,WH-North,8,2781.69,22253.52,Delivered,2026-04-23,2026,4,April,1
O09867,2026-04-08,P024,C0029,WH-West,12,5645.0,67740.0,Delivered,2026-04-18,2026,4,April,1
O09868,2025-01-30,P094,C0135,WH-West,13,9560.46,124285.98,Delivered,2025-02-03,2025,1,January,1
O09869,2026-04-18,P030,C0552,WH-North,8,6989.65,55917.2,Delivered,2026-04-24,2026,4,April,1
O09870,2025-03-21,P084,C0101,WH-South,5,9567.6,47838.0,Delivered,2025-03-31,2025,3,March,1
O09871,2025-02-08,P042,C0376,WH-South,3,4932.36,14797.08,Delivered,2025-02-12,2025,2,February,1
O09872,2025-08-28,P071,C0646,WH-West,12,4401.72,52820.64,Delivered,2025-09-06,2025,8,August,1
O09873,2025-12-03,P050,C0916,WH-East,2,1973.84,3947.68,Delivered,2025-12-13,2025,12,December,1
O09874,2025-10-07,P071,C0311,WH-East,15,4401.72,66025.8,Returned,2025-10-15,2025,10,October,0
O09875,2025-04-26,P060,C0440,WH-West,9,1239.87,11158.83,Delivered,2025-05-03,2025,4,April,1
O09876,2025-09-26,P030,C0841,WH-West,14,6989.65,97855.1,Returned,2025-10-03,2025,9,September,0
O09877,2025-12-01,P012,C0693,WH-North,9,3219.93,28979.37,Delivered,2025-12-08,2025,12,December,1
O09878,2025-11-08,P049,C0457,WH-East,5,3014.05,15070.25,Delivered,2025-11-14,2025,11,November,1
O09879,2025-02-22,P095,C0200,WH-South,14,5427.18,75980.52,Delivered,2025-03-02,2025,2,February,1
O09880,2025-03-09,P082,C0721,WH-West,13,7665.58,99652.54,Delivered,2025-03-17,2025,3,March,1
O09881,2025-02-03,P046,C0600,WH-West,15,2032.34,30485.1,Delivered,2025-02-11,2025,2,February,1
O09882,2026-01-21,P043,C1000,WH-East,8,7218.47,57747.76,Delivered,2026-01-25,2026,1,January,1
O09883,2025-09-06,P002,C0125,WH-East,7,9662.88,67640.16,Delivered,2025-09-13,2025,9,September,1
O09884,2025-04-21,P097,C0471,WH-South,3,7927.96,23783.88,Delivered,2025-05-01,2025,4,April,1
O09885,2025-04-04,P075,C0929,WH-West,12,4757.22,57086.64,Delivered,2025-04-14,2025,4,April,1
O09886,2026-02-14,P098,C0022,WH-South,5,2843.84,14219.2,Delivered,2026-02-19,2026,2,February,1
O09887,2025-06-28,P080,C0050,WH-North,15,6733.38,101000.7,Delivered,2025-07-08,2025,6,June,1
O09888,2025-02-16,P054,C0751,WH-North,13,5559.97,72279.61,Delivered,2025-02-19,2025,2,February,1
O09889,2026-01-11,P035,C0726,WH-West,9,10862.84,97765.56,Processing,2026-01-20,2026,1,January,0
O09890,2025-07-21,P052,C0795,WH-North,4,2109.04,8436.16,Delivered,2025-07-24,2025,7,July,1
O09891,2026-03-21,P033,C0560,WH-East,3,7876.29,23628.87,Delivered,2026-03-27,2026,3,March,1
O09892,2025-10-24,P085,C0066,WH-East,7,1090.03,7630.21,Delivered,2025-10-31,2025,10,October,1
O09893,2025-11-04,P084,C0991,WH-East,8,9567.6,76540.8,Delivered,2025-11-07,2025,11,November,1
O09894,2026-05-08,P072,C0909,WH-South,5,7933.68,39668.4,Delivered,2026-05-18,2026,5,May,1
O09895,2025-12-04,P051,C0130,WH-East,13,506.74,6587.62,Delivered,2025-12-11,2025,12,December,1
O09896,2025-03-07,P026,C0302,WH-South,8,8058.43,64467.44,Delivered,2025-03-16,2025,3,March,1
O09897,2026-02-26,P097,C0327,WH-West,5,7927.96,39639.8,Delivered,2026-03-03,2026,2,February,1
O09898,2026-06-24,P062,C0384,WH-West,9,11436.7,102930.3,Delivered,2026-06-28,2026,6,June,1
O09899,2026-05-08,P061,C0779,WH-East,7,9046.33,63324.31,Delivered,2026-05-13,2026,5,May,1
O09900,2025-11-13,P026,C0751,WH-East,5,8058.43,40292.15,Delivered,2025-11-15,2025,11,November,1
O09901,2025-03-16,P037,C0538,WH-West,13,2141.55,27840.15,Delivered,2025-03-18,2025,3,March,1
O09902,2025-02-28,P030,C0703,WH-South,9,6989.65,62906.85,Returned,2025-03-09,2025,2,February,0
O09903,2026-01-21,P095,C0049,WH-South,5,5427.18,27135.9,Delivered,2026-01-23,2026,1,January,1
O09904,2025-01-15,P097,C0319,WH-South,8,7927.96,63423.68,Cancelled,Unknown,2025,1,January,0
O09905,2025-08-19,P011,C0021,WH-North,12,11449.02,137388.24,Delivered,2025-08-29,2025,8,August,1
O09906,2025-07-18,P053,C0433,WH-North,4,8550.49,34201.96,Delivered,2025-07-22,2025,7,July,1
O09907,2025-12-20,P041,C0591,WH-East,9,10031.16,90280.44,Delivered,2025-12-23,2025,12,December,1
O09908,2025-02-04,P005,C0592,WH-East,12,5461.2,65534.4,Delivered,2025-02-10,2025,2,February,1
O09909,2025-06-11,P066,C0009,WH-West,6,9296.31,55777.86,Delivered,2025-06-14,2025,6,June,1
O09910,2026-04-16,P013,C0149,WH-East,6,359.86,2159.16,Delivered,2026-04-18,2026,4,April,1
O09911,2026-06-15,P063,C0437,WH-West,14,6119.08,85667.12,Delivered,2026-06-25,2026,6,June,1
O09912,2026-02-27,P082,C0884,WH-North,3,7665.58,22996.74,Delivered,2026-03-09,2026,2,February,1
O09913,2025-12-14,P090,C0499,WH-East,13,2450.87,31861.31,Delivered,2025-12-16,2025,12,December,1
O09914,2025-05-27,P025,C0888,WH-South,3,2564.25,7692.75,Returned,2025-06-01,2025,5,May,0
O09915,2026-01-09,P044,C0055,WH-West,4,3533.01,14132.04,Delivered,2026-01-15,2026,1,January,1
O09916,2026-02-20,P014,C0297,WH-South,1,8215.45,8215.45,Processing,2026-02-23,2026,2,February,0
O09917,2026-05-09,P069,C0518,WH-North,6,7876.01,47256.06,Delivered,2026-05-19,2026,5,May,1
O09918,2025-09-13,P059,C0769,WH-South,1,722.03,722.03,Delivered,2025-09-23,2025,9,September,1
O09919,2025-04-13,P056,C0863,WH-South,11,888.53,9773.83,Delivered,2025-04-23,2025,4,April,1
O09920,2025-05-01,P052,C0704,WH-East,4,2109.04,8436.16,Delivered,2025-05-10,2025,5,May,1
O09921,2026-02-23,P066,C0901,WH-South,15,9296.31,139444.65,Delivered,2026-03-02,2026,2,February,1
O09922,2025-12-16,P068,C0229,WH-South,13,7862.75,102215.75,Delivered,2025-12-18,2025,12,December,1
O09923,2025-02-11,P012,C0247,WH-North,7,3219.93,22539.51,Delivered,2025-02-17,2025,2,February,1
O09924,2026-01-02,P075,C0282,WH-South,12,4757.22,57086.64,Delivered,2026-01-11,2026,1,January,1
O09925,2025-01-29,P068,C0769,WH-West,6,7862.75,47176.5,Delivered,2025-02-03,2025,1,January,1
O09926,2025-01-14,P043,C0257,WH-South,8,7218.47,57747.76,Delivered,2025-01-23,2025,1,January,1
O09927,2026-04-30,P073,C0093,WH-West,4,5286.08,21144.32,Delivered,2026-05-07,2026,4,April,1
O09928,2025-07-08,P074,C0214,WH-East,9,8610.83,77497.47,Delivered,2025-07-10,2025,7,July,1
O09929,2025-10-22,P091,C0806,WH-West,10,3806.53,38065.3,Processing,2025-10-24,2025,10,October,0
O09930,2025-07-02,P006,C0553,WH-West,8,716.9,5735.2,Delivered,2025-07-06,2025,7,July,1
O09931,2025-02-06,P015,C0979,WH-East,14,10925.43,152956.02,Delivered,2025-02-08,2025,2,February,1
O09932,2025-01-14,P042,C0668,WH-East,15,4932.36,73985.4,Delivered,2025-01-19,2025,1,January,1
O09933,2025-06-08,P031,C0133,WH-North,5,1882.62,9413.1,Delivered,2025-06-12,2025,6,June,1
O09934,2026-05-09,P086,C0917,WH-West,14,3132.13,43849.82,Delivered,2026-05-17,2026,5,May,1
O09935,2025-11-25,P053,C0497,WH-East,6,8550.49,51302.94,Delivered,2025-12-05,2025,11,November,1
O09936,2025-03-24,P006,C0831,WH-South,5,716.9,3584.5,Delivered,2025-04-01,2025,3,March,1
O09937,2025-01-22,P033,C0086,WH-North,15,7876.29,118144.35,Delivered,2025-01-28,2025,1,January,1
O09938,2025-05-12,P029,C0596,WH-South,6,7630.58,45783.48,Cancelled,Unknown,2025,5,May,0
O09939,2026-04-10,P021,C0396,WH-South,1,2945.59,2945.59,Delivered,2026-04-16,2026,4,April,1
O09940,2026-04-01,P054,C0902,WH-East,4,5559.97,22239.88,Delivered,2026-04-03,2026,4,April,1
O09941,2025-10-29,P056,C0925,WH-North,9,888.53,7996.77,Delivered,2025-11-05,2025,10,October,1
O09942,2025-09-24,P094,C0877,WH-North,4,9560.46,38241.84,Delivered,2025-10-03,2025,9,September,1
O09943,2026-01-30,P021,C0760,WH-East,2,2945.59,5891.18,Processing,2026-02-07,2026,1,January,0
O09944,2025-04-30,P100,C0872,WH-West,6,6160.6,36963.6,Delivered,2025-05-02,2025,4,April,1
O09945,2025-09-03,P055,C0957,WH-North,2,1487.11,2974.22,Delivered,2025-09-12,2025,9,September,1
O09946,2025-02-07,P058,C0547,WH-South,3,3596.21,10788.63,Cancelled,Unknown,2025,2,February,0
O09947,2025-09-02,P064,C0249,WH-West,7,9772.25,68405.75,Delivered,2025-09-05,2025,9,September,1
O09948,2025-01-21,P086,C0843,WH-North,4,3132.13,12528.52,Delivered,2025-01-23,2025,1,January,1
O09949,2025-04-20,P046,C0637,WH-South,1,2032.34,2032.34,Delivered,2025-04-27,2025,4,April,1
O09950,2026-01-29,P084,C0564,WH-North,9,9567.6,86108.4,Delivered,2026-02-03,2026,1,January,1
O09951,2026-02-14,P022,C0289,WH-North,6,9065.34,54392.04,Delivered,2026-02-22,2026,2,February,1
O09952,2025-01-08,P060,C0409,WH-East,9,1239.87,11158.83,Returned,2025-01-12,2025,1,January,0
O09953,2026-03-20,P011,C0782,WH-East,3,11449.02,34347.06,Delivered,2026-03-24,2026,3,March,1
O09954,2025-11-24,P047,C0733,WH-West,5,9554.1,47770.5,Processing,2025-12-03,2025,11,November,0
O09955,2025-10-17,P031,C0309,WH-North,9,1882.62,16943.58,Delivered,2025-10-25,2025,10,October,1
O09956,2026-05-26,P077,C0061,WH-West,6,12073.98,72443.88,Delivered,2026-06-01,2026,5,May,1
O09957,2025-12-27,P018,C0504,WH-South,2,6842.11,13684.22,Delivered,2025-12-31,2025,12,December,1
O09958,2025-08-07,P022,C0781,WH-East,15,9065.34,135980.1,Delivered,2025-08-09,2025,8,August,1
O09959,2026-02-10,P056,C0527,WH-East,1,888.53,888.53,Delivered,2026-02-14,2026,2,February,1
O09960,2025-08-08,P017,C0311,WH-West,9,8360.81,75247.29,Delivered,2025-08-18,2025,8,August,1
O09961,2025-04-17,P038,C0693,WH-West,1,9847.32,9847.32,Delivered,2025-04-19,2025,4,April,1
O09962,2025-10-13,P025,C0200,WH-East,14,2564.25,35899.5,Delivered,2025-10-19,2025,10,October,1
O09963,2025-01-08,P032,C0815,WH-West,15,8387.44,125811.6,Returned,2025-01-13,2025,1,January,0
O09964,2025-07-08,P015,C0941,WH-North,5,10925.43,54627.15,Delivered,2025-07-15,2025,7,July,1
O09965,2025-03-22,P013,C0353,WH-South,1,359.86,359.86,Delivered,2025-03-25,2025,3,March,1
O09966,2025-04-18,P058,C0075,WH-West,5,3596.21,17981.05,Delivered,2025-04-23,2025,4,April,1
O09967,2025-11-17,P090,C0960,WH-South,5,2450.87,12254.35,Delivered,2025-11-27,2025,11,November,1
O09968,2025-12-12,P050,C0756,WH-North,7,1973.84,13816.88,Cancelled,Unknown,2025,12,December,0
O09969,2025-11-24,P011,C0271,WH-South,7,11449.02,80143.14,Delivered,2025-12-03,2025,11,November,1
O09970,2025-10-29,P013,C0021,WH-East,11,359.86,3958.46,Delivered,2025-11-01,2025,10,October,1
O09971,2025-07-19,P097,C0036,WH-South,10,7927.96,79279.6,Delivered,2025-07-29,2025,7,July,1
O09972,2026-02-23,P050,C0198,WH-West,1,1973.84,1973.84,Delivered,2026-03-03,2026,2,February,1
O09973,2025-02-08,P038,C0153,WH-West,9,9847.32,88625.88,Delivered,2025-02-16,2025,2,February,1
O09974,2025-11-03,P001,C0044,WH-East,1,2324.33,2324.33,Delivered,2025-11-06,2025,11,November,1
O09975,2025-01-04,P039,C0641,WH-East,5,2741.34,13706.7,Delivered,2025-01-13,2025,1,January,1
O09976,2025-03-18,P027,C0554,WH-North,7,3927.78,27494.46,Delivered,2025-03-28,2025,3,March,1
O09977,2026-04-13,P036,C0955,WH-East,12,9014.91,108178.92,Delivered,2026-04-19,2026,4,April,1
O09978,2025-06-28,P032,C0545,WH-South,8,8387.44,67099.52,Delivered,2025-07-02,2025,6,June,1
O09979,2025-10-03,P041,C0871,WH-South,2,10031.16,20062.32,Delivered,2025-10-07,2025,10,October,1
O09980,2025-06-01,P015,C0510,WH-South,14,10925.43,152956.02,Delivered,2025-06-08,2025,6,June,1
O09981,2025-06-13,P031,C0416,WH-South,1,1882.62,1882.62,Delivered,2025-06-15,2025,6,June,1
O09982,2025-10-17,P006,C0962,WH-South,4,716.9,2867.6,Delivered,2025-10-27,2025,10,October,1
O09983,2026-01-13,P089,C0409,WH-East,12,5210.42,62525.04,Delivered,2026-01-20,2026,1,January,1
O09984,2025-11-06,P052,C0296,WH-North,15,2109.04,31635.6,Delivered,2025-11-16,2025,11,November,1
O09985,2026-01-24,P082,C0954,WH-North,4,7665.58,30662.32,Delivered,2026-01-28,2026,1,January,1
O09986,2025-07-02,P022,C0865,WH-West,10,9065.34,90653.4,Delivered,2025-07-06,2025,7,July,1
O09987,2025-11-02,P031,C0627,WH-South,12,1882.62,22591.44,Delivered,2025-11-10,2025,11,November,1
O09988,2025-03-13,P100,C0870,WH-East,6,6160.6,36963.6,Delivered,2025-03-21,2025,3,March,1
O09989,2025-08-07,P073,C0203,WH-West,1,5286.08,5286.08,Delivered,2025-08-12,2025,8,August,1
O09990,2025-06-22,P046,C0576,WH-North,14,2032.34,28452.76,Delivered,2025-07-01,2025,6,June,1
O09991,2025-09-29,P067,C0915,WH-South,1,3626.7,3626.7,Delivered,2025-10-02,2025,9,September,1
O09992,2026-04-13,P097,C0985,WH-East,3,7927.96,23783.88,Delivered,2026-04-15,2026,4,April,1
O09993,2025-09-26,P091,C0796,WH-North,5,3806.53,19032.65,Delivered,2025-09-28,2025,9,September,1
O09994,2025-01-20,P043,C0970,WH-East,12,7218.47,86621.64,Delivered,2025-01-23,2025,1,January,1
O09995,2026-05-18,P001,C0735,WH-South,6,2324.33,13945.98,Delivered,2026-05-25,2026,5,May,1
O09996,2025-05-27,P044,C0848,WH-East,5,3533.01,17665.05,Delivered,2025-06-05,2025,5,May,1
O09997,2026-03-05,P057,C0368,WH-North,13,919.99,11959.87,Delivered,2026-03-09,2026,3,March,1
O09998,2025-06-14,P009,C0426,WH-North,13,6820.58,88667.54,Processing,2025-06-21,2025,6,June,0
O09999,2025-11-06,P005,C0210,WH-West,13,5461.2,70995.6,Delivered,2025-11-15,2025,11,November,1
O10000,2026-06-02,P079,C0598,WH-East,5,8889.27,44446.35,Delivered,2026-06-12,2026,6,June,1
