procurement_id,po_date,supplier_id,product_id,warehouse,quantity_ordered,quantity_received,unit_cost,procurement_cost,expected_delivery_date,actual_delivery_date
PO00001,2025-08-15,S022,P002,WH-South,418,387,6949.48,2689448.76,2025-09-03,2025-09-10
PO00002,2026-04-04,S009,P097,WH-West,425,425,6093.09,2589563.25,2026-04-16,2026-04-16
PO00003,2025-05-25,S014,P074,WH-East,165,158,7257.25,1146645.5,2025-06-07,2025-06-04
PO00004,2026-04-28,S023,P045,WH-West,453,426,7714.42,3286342.92,2026-05-03,2026-05-09
PO00005,2026-03-09,S010,P033,WH-West,347,306,5454.17,1668976.02,2026-03-25,2026-03-26
PO00006,2025-08-30,S003,P023,WH-North,413,410,1939.29,795108.9,2025-09-19,2025-09-25
PO00007,2025-10-04,S008,P098,WH-North,248,206,2306.64,475167.84,2025-10-15,2025-10-14
PO00008,2025-07-07,S020,P036,WH-West,250,250,6872.15,1718037.5,2025-07-23,2025-07-22
PO00009,2025-04-10,S025,P094,WH-West,68,65,7900.12,513507.8,2025-04-26,2025-04-26
PO00010,2026-06-06,S025,P069,WH-South,473,406,5619.39,2281472.34,2026-06-21,2026-06-29
PO00011,2025-03-25,S013,P085,WH-West,382,382,800.7,305867.4,2025-04-14,2025-04-19
PO00012,2025-02-22,S019,P080,WH-North,270,239,5694.0,1360866.0,2025-03-06,2025-03-13
PO00013,2025-05-07,S023,P071,WH-West,413,353,3389.05,1196334.65,2025-05-30,2025-06-01
PO00014,2025-10-13,S004,P009,WH-South,314,278,5350.8,1487522.4,2025-10-25,2025-10-31
PO00015,2025-02-24,S012,P088,WH-South,77,77,5620.86,432806.22,2025-03-05,2025-03-12
PO00016,2025-01-21,S025,P049,WH-West,218,212,2161.22,458178.64,2025-02-11,2025-02-15
PO00017,2025-10-27,S017,P026,WH-North,189,189,5615.99,1061422.11,2025-11-16,2025-11-23
PO00018,2025-12-25,S005,P096,WH-East,320,282,4344.62,1225182.84,2026-01-02,2026-01-10
PO00019,2025-05-23,S001,P027,WH-West,246,206,3376.64,695587.84,2025-06-14,2025-06-15
PO00020,2025-01-02,S001,P041,WH-South,47,44,7152.57,314713.08,2025-01-18,2025-01-20
PO00021,2025-12-23,S020,P083,WH-South,108,99,1022.9,101267.1,2025-12-31,2025-12-30
PO00022,2026-03-28,S017,P072,WH-North,111,107,5486.78,587085.46,2026-04-19,2026-04-26
PO00023,2025-02-16,S007,P006,WH-South,92,85,514.64,43744.4,2025-02-27,2025-03-06
PO00024,2026-03-03,S020,P083,WH-West,280,252,1022.9,257770.8,2026-03-09,2026-03-16
PO00025,2026-06-23,S017,P087,WH-East,332,273,5608.98,1531251.54,2026-06-29,2026-07-02
PO00026,2026-05-03,S013,P066,WH-North,99,90,6590.35,593131.5,2026-05-20,2026-05-28
PO00027,2025-12-08,S005,P061,WH-South,48,41,6142.41,251838.81,2025-12-16,2025-12-23
PO00028,2026-06-13,S017,P067,WH-North,254,254,3111.48,790315.92,2026-06-22,2026-06-29
PO00029,2025-10-06,S013,P066,WH-West,330,330,6590.35,2174815.5,2025-10-22,2025-10-27
PO00030,2025-06-21,S023,P077,WH-East,170,167,7797.85,1302240.95,2025-07-06,2025-07-11
PO00031,2025-10-29,S005,P096,WH-West,76,65,4344.62,282400.3,2025-11-05,2025-11-08
PO00032,2026-01-31,S014,P043,WH-North,165,140,6183.15,865641.0,2026-02-15,2026-02-14
PO00033,2026-06-09,S017,P025,WH-East,429,400,1867.3,746920.0,2026-06-22,2026-06-23
PO00034,2025-11-23,S010,P062,WH-West,152,147,7600.79,1117316.13,2025-12-05,Unknown
PO00035,2026-03-26,S008,P013,WH-North,411,411,272.75,112100.25,2026-04-07,2026-04-12
PO00036,2025-03-03,S025,P094,WH-East,166,166,7900.12,1311419.92,2025-03-17,2025-03-24
PO00037,2025-07-20,S020,P083,WH-North,248,211,1022.9,215831.9,2025-07-30,2025-08-04
PO00038,2025-03-11,S015,P024,WH-West,431,431,3955.92,1705001.52,2025-04-02,2025-04-01
PO00039,2026-05-12,S009,P097,WH-North,215,183,6093.09,1115035.47,2026-05-22,2026-05-23
PO00040,2025-07-27,S022,P059,WH-South,103,102,524.57,53506.14,2025-08-12,2025-08-09
PO00041,2026-04-10,S023,P077,WH-North,69,65,7797.85,506860.25,2026-04-30,2026-05-03
PO00042,2026-04-23,S021,P095,WH-South,361,345,4617.29,1592965.05,2026-05-13,2026-05-11
PO00043,2026-04-01,S022,P038,WH-East,351,330,7793.26,2571775.8,2026-04-09,2026-04-15
PO00044,2025-05-11,S003,P008,WH-East,468,465,5513.62,2563833.3,2025-06-02,2025-06-08
PO00045,2026-04-18,S022,P058,WH-West,283,268,2347.48,629124.64,2026-05-05,2026-05-07
PO00046,2025-10-04,S009,P030,WH-North,463,458,5123.21,2346430.18,2025-10-11,2025-10-17
PO00047,2025-02-23,S013,P019,WH-South,461,392,4142.28,1623773.76,2025-03-11,2025-03-19
PO00048,2026-01-25,S005,P096,WH-South,430,427,4344.62,1855152.74,2026-02-18,2026-02-20
PO00049,2025-08-03,S009,P030,WH-West,232,232,5123.21,1188584.72,2025-08-26,2025-08-29
PO00050,2025-01-11,S017,P055,WH-North,128,122,1236.07,150800.54,2025-01-20,2025-01-19
PO00051,2026-03-30,S008,P046,WH-South,52,52,1480.52,76987.04,2026-04-22,2026-04-26
PO00052,2026-02-15,S022,P038,WH-West,121,105,7793.26,818292.3,2026-03-10,2026-03-11
PO00053,2025-04-19,S007,P017,WH-West,193,190,5748.97,1092304.3,2025-05-05,2025-05-11
PO00054,2025-01-27,S008,P098,WH-North,440,376,2306.64,867296.64,2025-02-05,Unknown
PO00055,2026-02-20,S019,P080,WH-North,256,236,5694.0,1343784.0,2026-02-26,2026-03-05
PO00056,2025-12-15,S022,P059,WH-North,396,377,524.57,197762.89,2026-01-04,2026-01-12
PO00057,2025-10-16,S016,P037,WH-South,472,449,1418.79,637036.71,2025-10-24,2025-10-29
PO00058,2026-06-01,S017,P055,WH-West,146,139,1236.07,171813.73,2026-06-20,2026-06-25
PO00059,2026-05-01,S007,P006,WH-North,418,370,514.64,190416.8,2026-05-15,2026-05-13
PO00060,2025-09-22,S013,P066,WH-East,241,241,6590.35,1588274.35,2025-10-02,2025-09-29
PO00061,2025-08-13,S025,P069,WH-North,214,176,5619.39,989012.64,2025-08-24,2025-08-23
PO00062,2025-12-16,S019,P042,WH-South,431,407,4016.26,1634617.82,2025-12-22,2025-12-28
PO00063,2025-03-30,S020,P083,WH-North,210,209,1022.9,213786.1,2025-04-07,2025-04-11
PO00064,2025-04-13,S005,P065,WH-North,113,113,5199.81,587578.53,2025-05-02,2025-05-02
PO00065,2025-11-26,S004,P089,WH-East,278,268,3726.91,998811.88,2025-12-13,2025-12-14
PO00066,2025-05-05,S019,P080,WH-East,327,306,5694.0,1742364.0,2025-05-18,2025-05-19
PO00067,2025-10-31,S025,P094,WH-South,63,57,7900.12,450306.84,2025-11-09,2025-11-16
PO00068,2025-03-24,S025,P094,WH-North,335,305,7900.12,2409536.6,2025-04-14,2025-04-12
PO00069,2025-09-24,S014,P010,WH-North,77,70,6761.94,473335.8,2025-10-04,2025-10-01
PO00070,2026-02-05,S019,P040,WH-East,114,109,5809.38,633222.42,2026-02-23,2026-02-27
PO00071,2026-01-21,S017,P052,WH-North,161,156,1367.08,213264.48,2026-01-30,2026-02-05
PO00072,2025-12-27,S015,P024,WH-South,409,377,3955.92,1491381.84,2026-01-02,2026-01-10
PO00073,2025-02-26,S022,P059,WH-East,294,285,524.57,149502.45,2025-03-16,2025-03-17
PO00074,2026-01-12,S012,P021,WH-West,465,430,2470.72,1062409.6,2026-02-04,2026-02-02
PO00075,2025-07-06,S017,P052,WH-West,24,20,1367.08,27341.6,2025-07-29,2025-08-01
PO00076,2026-04-24,S009,P079,WH-West,266,263,6732.07,1770534.41,2026-05-11,2026-05-09
PO00077,2025-12-03,S023,P005,WH-West,452,449,3730.15,1674837.35,2025-12-19,2025-12-21
PO00078,2025-04-04,S020,P036,WH-East,454,396,6872.15,2721371.4,2025-04-09,2025-04-14
PO00079,2026-05-02,S007,P022,WH-South,142,139,7083.75,984641.25,2026-05-09,2026-05-09
PO00080,2026-02-02,S003,P008,WH-West,301,278,5513.62,1532786.36,2026-02-16,2026-02-17
PO00081,2026-06-05,S021,P095,WH-West,133,112,4617.29,517136.48,2026-06-17,2026-06-14
PO00082,2026-06-05,S017,P052,WH-North,459,413,1367.08,564604.04,2026-06-22,2026-06-19
PO00083,2025-04-23,S019,P001,WH-South,266,222,1589.96,352971.12,2025-05-16,2025-05-21
PO00084,2025-05-02,S025,P084,WH-West,383,374,6608.9,2471728.6,2025-05-09,2025-05-10
PO00085,2026-01-21,S023,P028,WH-East,37,32,1287.42,41197.44,2026-01-28,2026-02-05
PO00086,2025-12-08,S019,P031,WH-East,192,164,1614.17,264723.88,2025-12-30,2026-01-06
PO00087,2026-04-08,S001,P053,WH-South,247,213,6607.41,1407378.33,2026-04-15,2026-04-14
PO00088,2026-01-17,S015,P024,WH-West,242,209,3955.92,826787.28,2026-02-02,2026-01-31
PO00089,2025-06-05,S023,P045,WH-East,229,219,7714.42,1689457.98,2025-06-11,2025-06-17
PO00090,2025-05-08,S021,P007,WH-North,263,249,7730.21,1924822.29,2025-05-20,2025-05-23
PO00091,2025-02-12,S022,P002,WH-East,28,24,6949.48,166787.52,2025-03-02,2025-03-02
PO00092,2026-01-16,S017,P073,WH-South,365,352,4048.01,1424899.52,2026-02-08,2026-02-07
PO00093,2025-10-02,S004,P063,WH-West,405,360,4099.62,1475863.2,2025-10-17,2025-10-15
PO00094,2026-01-24,S020,P083,WH-South,141,129,1022.9,131954.1,2026-02-13,2026-02-20
PO00095,2025-01-23,S001,P041,WH-East,499,422,7152.57,3018384.54,2025-02-10,2025-02-17
PO00096,2026-01-19,S004,P089,WH-West,317,305,3726.91,1136707.55,2026-01-31,2026-02-07
PO00097,2025-05-09,S003,P023,WH-South,384,344,1939.29,667115.76,2025-06-02,2025-06-08
PO00098,2026-02-15,S012,P050,WH-South,345,327,1675.05,547741.35,2026-03-05,2026-03-11
PO00099,2025-10-08,S014,P074,WH-West,359,325,7257.25,2358606.25,2025-10-24,2025-10-24
PO00100,2025-07-01,S017,P087,WH-North,347,288,5608.98,1615386.24,2025-07-22,2025-07-27
PO00101,2025-08-16,S010,P033,WH-East,128,123,5454.17,670862.91,2025-09-01,2025-09-07
PO00102,2025-03-22,S014,P043,WH-North,343,319,6183.15,1972424.85,2025-04-07,2025-04-10
PO00103,2025-10-08,S020,P083,WH-South,364,330,1022.9,337557.0,2025-10-24,2025-10-21
PO00104,2025-06-23,S017,P055,WH-South,50,43,1236.07,53151.01,2025-07-04,2025-07-03
PO00105,2025-12-25,S022,P051,WH-North,141,133,366.79,48783.07,2026-01-08,2026-01-16
PO00106,2026-01-10,S008,P098,WH-East,294,257,2306.64,592806.48,2026-01-30,2026-01-31
PO00107,2025-02-24,S016,P037,WH-South,90,82,1418.79,116340.78,2025-03-03,2025-03-06
PO00108,2025-11-27,S004,P063,WH-West,194,161,4099.62,660038.82,2025-12-04,2025-12-05
PO00109,2026-01-22,S017,P067,WH-South,312,304,3111.48,945889.92,2026-01-27,2026-02-01
PO00110,2025-05-28,S023,P045,WH-South,369,309,7714.42,2383755.78,2025-06-06,2025-06-09
PO00111,2025-12-09,S023,P071,WH-East,494,493,3389.05,1670801.65,2025-12-21,2025-12-29
PO00112,2025-07-16,S025,P049,WH-West,228,227,2161.22,490596.94,2025-08-06,2025-08-03
PO00113,2025-05-04,S019,P001,WH-North,243,243,1589.96,386360.28,2025-05-24,2025-05-26
PO00114,2025-11-29,S015,P054,WH-North,38,38,3739.53,142102.14,2025-12-19,2025-12-17
PO00115,2026-04-29,S020,P036,WH-East,236,236,6872.15,1621827.4,2026-05-21,2026-05-23
PO00116,2026-03-30,S005,P065,WH-South,112,112,5199.81,582378.72,2026-04-21,2026-04-20
PO00117,2025-12-15,S001,P041,WH-South,428,361,7152.57,2582077.77,2026-01-02,2026-01-10
PO00118,2026-03-29,S025,P094,WH-East,72,65,7900.12,513507.8,2026-04-14,2026-04-12
PO00119,2025-03-20,S012,P050,WH-South,499,417,1675.05,698495.85,2025-04-03,2025-04-02
PO00120,2025-01-08,S005,P096,WH-North,94,87,4344.62,377981.94,2025-01-14,2025-01-21
PO00121,2026-01-08,S025,P049,WH-North,151,140,2161.22,302570.8,2026-01-15,2026-01-21
PO00122,2026-04-02,S020,P083,WH-South,65,65,1022.9,66488.5,2026-04-07,2026-04-07
PO00123,2025-09-27,S002,P047,WH-West,434,434,7921.92,3438113.28,2025-10-10,2025-10-07
PO00124,2026-03-08,S014,P010,WH-East,55,48,6761.94,324573.12,2026-03-16,2026-03-16
PO00125,2025-08-14,S017,P044,WH-West,151,141,3055.75,430860.75,2025-09-03,2025-09-05
PO00126,2025-11-19,S017,P044,WH-East,149,136,3055.75,415582.0,2025-11-27,2025-11-28
PO00127,2026-02-24,S009,P097,WH-South,186,173,6093.09,1054104.57,2026-03-17,2026-03-18
PO00128,2025-12-01,S010,P004,WH-West,262,243,4269.34,1037449.62,2025-12-20,2025-12-25
PO00129,2025-05-02,S012,P064,WH-South,244,244,6957.51,1697632.44,2025-05-10,2025-05-15
PO00130,2026-04-21,S002,P020,WH-South,319,319,1946.07,620796.33,2026-04-29,2026-05-04
PO00131,2025-08-25,S015,P054,WH-East,110,93,3739.53,347776.29,2025-09-10,2025-09-13
PO00132,2026-01-17,S009,P079,WH-East,365,324,6732.07,2181190.68,2026-01-24,2026-01-30
PO00133,2026-02-08,S001,P041,WH-East,422,410,7152.57,2932553.7,2026-03-04,2026-03-09
PO00134,2026-01-24,S009,P030,WH-South,396,379,5123.21,1941696.59,2026-02-02,2026-02-10
PO00135,2026-03-23,S023,P071,WH-West,383,362,3389.05,1226836.1,2026-04-15,2026-04-19
PO00136,2025-07-12,S001,P041,WH-East,316,316,7152.57,2260212.12,2025-07-22,2025-07-26
PO00137,2026-04-06,S010,P082,WH-East,141,125,5709.22,713652.5,2026-04-19,2026-04-20
PO00138,2025-04-20,S025,P094,WH-North,378,349,7900.12,2757141.88,2025-04-27,2025-05-02
PO00139,2025-08-02,S003,P008,WH-South,372,372,5513.62,2051066.64,2025-08-08,2025-08-12
PO00140,2026-04-08,S013,P085,WH-North,313,300,800.7,240210.0,2026-04-22,2026-04-25
PO00141,2026-05-30,S023,P071,WH-East,477,453,3389.05,1535239.65,2026-06-08,2026-06-12
PO00142,2025-01-02,S025,P069,WH-North,212,180,5619.39,1011490.2,2025-01-13,2025-01-18
PO00143,2026-01-31,S001,P032,WH-West,133,116,6504.58,754531.28,2026-02-19,2026-02-22
PO00144,2025-12-10,S019,P080,WH-West,438,392,5694.0,2232048.0,2025-12-16,2025-12-21
PO00145,2025-07-29,S019,P040,WH-North,30,27,5809.38,156853.26,2025-08-12,2025-08-16
PO00146,2025-02-27,S010,P062,WH-West,206,189,7600.79,1436549.31,2025-03-14,2025-03-12
PO00147,2026-04-29,S022,P090,WH-South,97,97,1950.75,189222.75,2026-05-11,2026-05-10
PO00148,2025-04-23,S001,P027,WH-North,89,75,3376.64,253248.0,2025-05-09,2025-05-11
PO00149,2026-04-30,S021,P039,WH-South,318,277,1910.51,529211.27,2026-05-08,2026-05-10
PO00150,2025-03-12,S025,P092,WH-West,123,104,7533.17,783449.68,2025-03-29,2025-04-01
PO00151,2026-04-28,S010,P033,WH-North,364,352,5454.17,1919867.84,2026-05-20,2026-05-18
PO00152,2025-02-14,S013,P066,WH-North,234,234,6590.35,1542141.9,2025-03-08,2025-03-16
PO00153,2026-06-26,S009,P079,WH-East,137,137,6732.07,922293.59,2026-07-03,2026-06-30
PO00154,2025-07-23,S023,P071,WH-South,24,23,3389.05,77948.15,2025-07-30,2025-08-06
PO00155,2026-04-21,S025,P084,WH-East,173,143,6608.9,945072.7,2026-05-02,2026-05-10
PO00156,2025-08-28,S008,P013,WH-East,229,204,272.75,55641.0,2025-09-18,2025-09-19
PO00157,2026-03-19,S005,P096,WH-West,307,305,4344.62,1325109.1,2026-03-29,2026-04-05
PO00158,2025-09-04,S005,P029,WH-South,322,306,6128.71,1875385.26,2025-09-24,2025-09-22
PO00159,2026-03-30,S007,P068,WH-South,459,396,6782.27,2685778.92,2026-04-08,2026-04-13
PO00160,2025-06-03,S020,P083,WH-West,488,446,1022.9,456213.4,2025-06-24,2025-06-23
PO00161,2026-04-11,S014,P010,WH-West,109,91,6761.94,615336.54,2026-04-26,2026-05-04
PO00162,2025-08-13,S016,P100,WH-South,69,64,4482.47,286878.08,2025-08-29,2025-08-27
PO00163,2025-08-30,S013,P076,WH-West,374,374,1819.91,680646.34,2025-09-15,2025-09-23
PO00164,2026-04-02,S022,P058,WH-South,221,183,2347.48,429588.84,2026-04-10,2026-04-18
PO00165,2026-05-07,S005,P086,WH-West,461,435,2683.09,1167144.15,2026-05-20,2026-05-23
PO00166,2026-03-29,S001,P027,WH-East,175,152,3376.64,513249.28,2026-04-16,2026-04-18
PO00167,2026-06-19,S018,P099,WH-West,114,114,1041.43,118723.02,2026-07-05,2026-07-09
PO00168,2026-05-14,S022,P058,WH-North,98,82,2347.48,192493.36,2026-05-28,2026-06-02
PO00169,2025-07-12,S013,P081,WH-West,202,191,7060.83,1348618.53,2025-07-24,2025-07-23
PO00170,2025-06-03,S003,P070,WH-North,333,290,2363.97,685551.3,2025-06-10,2025-06-14
PO00171,2026-04-11,S023,P045,WH-South,187,186,7714.42,1434882.12,2026-04-28,2026-04-28
PO00172,2025-01-15,S012,P050,WH-East,205,173,1675.05,289783.65,2025-02-04,2025-02-02
PO00173,2026-03-26,S010,P048,WH-West,347,314,6812.06,2138986.84,2026-04-12,2026-04-12
PO00174,2025-03-20,S014,P043,WH-South,449,385,6183.15,2380512.75,2025-04-06,2025-04-06
PO00175,2025-01-11,S010,P014,WH-North,349,342,5698.83,1948999.86,2025-02-03,2025-02-07
PO00176,2025-08-27,S009,P097,WH-East,192,171,6093.09,1041918.39,2025-09-18,2025-09-24
PO00177,2025-07-16,S017,P044,WH-South,157,135,3055.75,412526.25,2025-07-28,2025-08-01
PO00178,2025-06-10,S023,P028,WH-South,377,364,1287.42,468620.88,2025-06-15,2025-06-18
PO00179,2026-05-14,S005,P061,WH-South,229,225,6142.41,1382042.25,2026-06-04,2026-06-04
PO00180,2025-06-21,S022,P038,WH-South,323,295,7793.26,2299011.7,2025-07-04,2025-07-02
PO00181,2025-05-15,S023,P071,WH-West,239,214,3389.05,725256.7,2025-05-29,2025-05-26
PO00182,2025-08-14,S012,P075,WH-South,209,198,4020.25,796009.5,2025-08-27,2025-09-03
PO00183,2025-09-26,S010,P033,WH-South,303,288,5454.17,1570800.96,2025-10-12,2025-10-10
PO00184,2025-02-01,S017,P067,WH-West,133,127,3111.48,395157.96,2025-02-15,2025-02-13
PO00185,2025-10-22,S007,P022,WH-North,39,34,7083.75,240847.5,2025-11-03,2025-11-02
PO00186,2025-11-15,S008,P013,WH-East,107,107,272.75,29184.25,2025-11-23,2025-11-29
PO00187,2026-06-16,S022,P093,WH-East,345,298,7471.92,2226632.16,2026-07-04,2026-07-05
PO00188,2026-06-12,S007,P006,WH-West,316,283,514.64,145643.12,2026-06-23,2026-06-20
PO00189,2025-06-07,S012,P064,WH-West,387,339,6957.51,2358595.89,2025-06-21,2025-06-22
PO00190,2025-04-15,S015,P054,WH-North,371,371,3739.53,1387365.63,2025-04-29,2025-05-02
PO00191,2025-12-23,S014,P043,WH-East,281,277,6183.15,1712732.55,2026-01-11,2026-01-19
PO00192,2025-11-30,S017,P055,WH-West,414,407,1236.07,503080.49,2025-12-19,2025-12-16
PO00193,2025-12-28,S023,P028,WH-South,49,40,1287.42,51496.8,2026-01-03,2026-01-03
PO00194,2025-02-18,S022,P058,WH-West,406,389,2347.48,913169.72,2025-03-10,2025-03-17
PO00195,2026-01-11,S001,P015,WH-East,475,411,7332.43,3013628.73,2026-01-25,2026-01-23
PO00196,2026-05-05,S015,P024,WH-North,436,436,3955.92,1724781.12,2026-05-24,2026-05-28
PO00197,2025-05-13,S022,P090,WH-North,73,68,1950.75,132651.0,2025-06-05,2025-06-03
PO00198,2025-10-26,S010,P062,WH-South,194,181,7600.79,1375742.99,2025-11-09,2025-11-06
PO00199,2025-07-16,S005,P065,WH-South,486,433,5199.81,2251517.73,2025-08-09,2025-08-07
PO00200,2025-01-19,S017,P026,WH-East,269,249,5615.99,1398381.51,2025-02-07,2025-02-13
PO00201,2026-01-08,S021,P095,WH-South,29,28,4617.29,129284.12,2026-01-14,2026-01-14
PO00202,2025-06-03,S005,P061,WH-East,294,274,6142.41,1683020.34,2025-06-21,2025-06-22
PO00203,2025-07-13,S017,P087,WH-East,284,269,5608.98,1508815.62,2025-08-01,2025-07-30
PO00204,2026-02-02,S005,P096,WH-West,154,141,4344.62,612591.42,2026-02-16,2026-02-16
PO00205,2026-03-12,S019,P001,WH-South,80,77,1589.96,122426.92,2026-03-25,2026-03-28
PO00206,2026-01-23,S010,P082,WH-West,33,33,5709.22,188404.26,2026-02-15,2026-02-16
PO00207,2025-12-01,S013,P081,WH-West,277,230,7060.83,1623990.9,2025-12-11,2025-12-15
PO00208,2026-02-10,S008,P046,WH-East,425,358,1480.52,530026.16,2026-02-22,2026-02-28
PO00209,2026-01-03,S025,P092,WH-East,463,443,7533.17,3337194.31,2026-01-09,2026-01-14
PO00210,2026-05-05,S019,P001,WH-East,320,287,1589.96,456318.52,2026-05-10,2026-05-07
PO00211,2026-03-24,S022,P051,WH-East,295,259,366.79,94998.61,2026-04-10,2026-04-07
PO00212,2026-05-24,S020,P036,WH-West,45,39,6872.15,268013.85,2026-06-03,2026-06-02
PO00213,2026-06-12,S025,P069,WH-North,462,432,5619.39,2427576.48,2026-06-19,2026-06-23
PO00214,2025-04-10,S025,P069,WH-North,471,419,5619.39,2354524.41,2025-04-16,2025-04-13
PO00215,2026-05-12,S013,P066,WH-North,58,53,6590.35,349288.55,2026-05-26,2026-06-01
PO00216,2026-05-08,S012,P075,WH-East,265,265,4020.25,1065366.25,2026-05-20,2026-05-18
PO00217,2026-03-15,S018,P099,WH-South,170,165,1041.43,171835.95,2026-03-28,2026-03-25
PO00218,2025-10-05,S009,P030,WH-North,227,222,5123.21,1137352.62,2025-10-16,2025-10-13
PO00219,2026-01-13,S005,P096,WH-West,172,145,4344.62,629969.9,2026-01-30,2026-02-07
PO00220,2025-10-15,S003,P008,WH-West,135,119,5513.62,656120.78,2025-10-26,2025-10-31
PO00221,2026-03-04,S022,P002,WH-East,220,185,6949.48,1285653.8,2026-03-27,2026-04-04
PO00222,2025-11-25,S016,P100,WH-West,200,200,4482.47,896494.0,2025-11-30,2025-12-06
PO00223,2025-02-02,S017,P025,WH-West,400,383,1867.3,715175.9,2025-02-19,2025-02-16
PO00224,2025-04-30,S013,P019,WH-North,414,341,4142.28,1412517.48,2025-05-21,2025-05-21
PO00225,2025-04-07,S023,P071,WH-North,300,275,3389.05,931988.75,2025-04-23,2025-04-26
PO00226,2026-01-21,S010,P014,WH-West,434,379,5698.83,2159856.57,2026-02-08,2026-02-16
PO00227,2025-01-14,S010,P004,WH-North,193,179,4269.34,764211.86,2025-02-03,2025-02-04
PO00228,2025-11-13,S008,P046,WH-West,174,149,1480.52,220597.48,2025-11-29,2025-12-05
PO00229,2025-11-17,S010,P033,WH-West,375,312,5454.17,1701701.04,2025-12-07,2025-12-08
PO00230,2025-03-27,S016,P037,WH-North,338,299,1418.79,424218.21,2025-04-02,2025-04-05
PO00231,2026-06-26,S009,P030,WH-East,134,118,5123.21,604538.78,2026-07-20,2026-07-22
PO00232,2025-10-10,S025,P084,WH-North,322,310,6608.9,2048759.0,2025-11-02,2025-11-04
PO00233,2025-03-05,S012,P078,WH-East,161,147,5690.78,836544.66,2025-03-16,2025-03-20
PO00234,2025-03-21,S001,P027,WH-South,298,262,3376.64,884679.68,2025-04-06,2025-04-12
PO00235,2026-01-29,S008,P013,WH-West,35,33,272.75,9000.75,2026-02-16,2026-02-21
PO00236,2025-12-16,S023,P071,WH-South,167,139,3389.05,471077.95,2026-01-07,2026-01-14
PO00237,2025-07-30,S010,P082,WH-West,406,387,5709.22,2209468.14,2025-08-10,2025-08-08
PO00238,2026-02-07,S022,P038,WH-North,281,239,7793.26,1862589.14,2026-02-16,2026-02-24
PO00239,2026-01-06,S017,P052,WH-South,48,42,1367.08,57417.36,2026-01-11,2026-01-19
PO00240,2025-04-09,S017,P073,WH-South,279,245,4048.01,991762.45,2025-04-20,2025-04-26
PO00241,2025-09-24,S017,P087,WH-West,468,427,5608.98,2395034.46,2025-10-14,2025-10-14
PO00242,2025-02-21,S021,P095,WH-West,133,133,4617.29,614099.57,2025-03-13,2025-03-19
PO00243,2025-05-02,S013,P066,WH-East,27,24,6590.35,158168.4,2025-05-23,2025-05-28
PO00244,2025-02-01,S019,P040,WH-East,323,283,5809.38,1644054.54,2025-02-09,2025-02-15
PO00245,2025-12-02,S022,P038,WH-North,274,234,7793.26,1823622.84,2025-12-22,2025-12-19
PO00246,2026-04-13,S001,P041,WH-South,103,93,7152.57,665189.01,2026-04-21,2026-04-27
PO00247,2025-10-19,S023,P005,WH-South,35,30,3730.15,111904.5,2025-10-28,2025-11-01
PO00248,2026-03-07,S012,P064,WH-East,322,273,6957.51,1899400.23,2026-03-16,2026-03-23
PO00249,2025-06-20,S009,P056,WH-North,306,303,765.88,232061.64,2025-07-14,2025-07-11
PO00250,2026-01-03,S017,P087,WH-South,115,96,5608.98,538462.08,2026-01-18,2026-01-25
PO00251,2025-11-04,S025,P049,WH-West,141,136,2161.22,293925.92,2025-11-22,2025-11-22
PO00252,2025-03-09,S022,P059,WH-West,245,211,524.57,110684.27,2025-03-30,2025-04-04
PO00253,2025-05-13,S005,P096,WH-West,48,39,4344.62,169440.18,2025-05-26,2025-05-26
PO00254,2025-03-24,S021,P039,WH-South,95,93,1910.51,177677.43,2025-04-14,2025-04-15
PO00255,2025-06-25,S019,P080,WH-North,343,329,5694.0,1873326.0,2025-07-18,2025-07-23
PO00256,2025-04-22,S017,P055,WH-East,138,122,1236.07,150800.54,2025-04-27,2025-05-01
PO00257,2025-12-21,S012,P075,WH-East,190,159,4020.25,639219.75,2026-01-07,2026-01-04
PO00258,2025-07-10,S012,P078,WH-East,53,47,5690.78,267466.66,2025-07-24,2025-07-23
PO00259,2025-09-19,S012,P064,WH-West,281,241,6957.51,1676759.91,2025-10-03,2025-10-03
PO00260,2025-12-05,S001,P003,WH-South,324,324,5817.69,1884931.56,2025-12-16,2025-12-15
PO00261,2026-02-24,S003,P008,WH-South,207,192,5513.62,1058615.04,2026-03-06,2026-03-11
PO00262,2025-02-17,S009,P079,WH-East,70,70,6732.07,471244.9,2025-02-28,2025-03-02
PO00263,2025-04-30,S017,P073,WH-East,28,25,4048.01,101200.25,2025-05-09,2025-05-08
PO00264,2026-01-19,S003,P016,WH-South,152,142,4791.69,680419.98,2026-01-30,2026-02-03
PO00265,2025-11-25,S017,P026,WH-East,385,330,5615.99,1853276.7,2025-12-14,2025-12-19
PO00266,2026-06-28,S001,P032,WH-South,211,207,6504.58,1346448.06,2026-07-12,2026-07-18
PO00267,2025-03-26,S010,P082,WH-West,35,29,5709.22,165567.38,2025-04-19,2025-04-19
PO00268,2025-01-17,S003,P008,WH-East,206,198,5513.62,1091696.76,2025-02-03,2025-02-04
PO00269,2026-06-20,S020,P060,WH-East,203,182,1061.17,193132.94,2026-07-03,2026-07-02
PO00270,2026-01-19,S005,P096,WH-South,212,198,4344.62,860234.76,2026-01-29,2026-01-30
PO00271,2025-03-23,S014,P074,WH-North,103,97,7257.25,703953.25,2025-04-16,2025-04-14
PO00272,2026-06-02,S015,P012,WH-East,403,388,2355.34,913871.92,2026-06-13,2026-06-11
PO00273,2025-04-16,S013,P076,WH-North,438,377,1819.91,686106.07,2025-04-26,2025-05-03
PO00274,2025-05-27,S022,P059,WH-North,413,383,524.57,200910.31,2025-06-16,2025-06-17
PO00275,2025-01-08,S022,P059,WH-East,492,445,524.57,233433.65,2025-01-14,2025-01-17
PO00276,2025-10-01,S014,P074,WH-East,194,170,7257.25,1233732.5,2025-10-20,2025-10-17
PO00277,2026-05-26,S002,P034,WH-North,111,102,5330.87,543748.74,2026-06-02,2026-06-01
PO00278,2025-02-07,S009,P030,WH-North,310,310,5123.21,1588195.1,2025-02-24,2025-02-21
PO00279,2026-05-29,S017,P044,WH-East,81,81,3055.75,247515.75,2026-06-19,2026-06-23
PO00280,2025-08-12,S021,P095,WH-South,52,46,4617.29,212395.34,2025-09-04,2025-09-02
PO00281,2025-05-13,S022,P038,WH-East,162,161,7793.26,1254714.86,2025-05-28,2025-05-30
PO00282,2025-12-28,S017,P025,WH-West,360,358,1867.3,668493.4,2026-01-03,2026-01-10
PO00283,2025-08-09,S015,P024,WH-West,381,331,3955.92,1309409.52,2025-08-23,2025-08-25
PO00284,2025-03-23,S009,P097,WH-South,438,412,6093.09,2510353.08,2025-04-08,2025-04-13
PO00285,2026-01-31,S005,P061,WH-North,142,141,6142.41,866079.81,2026-02-17,2026-02-19
PO00286,2025-07-04,S004,P009,WH-North,134,124,5350.8,663499.2,2025-07-14,2025-07-20
PO00287,2025-09-06,S004,P089,WH-North,392,350,3726.91,1304418.5,2025-09-14,2025-09-16
PO00288,2025-10-10,S025,P084,WH-West,376,357,6608.9,2359377.3,2025-10-26,2025-11-02
PO00289,2026-03-13,S010,P048,WH-East,413,353,6812.06,2404657.18,2026-04-01,2026-03-29
PO00290,2025-09-09,S013,P081,WH-South,99,84,7060.83,593109.72,2025-10-02,2025-10-05
PO00291,2026-01-07,S017,P052,WH-East,423,417,1367.08,570072.36,2026-01-19,2026-01-27
PO00292,2025-10-28,S003,P070,WH-North,261,216,2363.97,510617.52,2025-11-06,2025-11-08
PO00293,2025-11-30,S012,P064,WH-East,155,152,6957.51,1057541.52,2025-12-08,2025-12-12
PO00294,2025-11-20,S020,P036,WH-South,384,337,6872.15,2315914.55,2025-12-07,2025-12-04
PO00295,2025-02-05,S002,P020,WH-West,114,104,1946.07,202391.28,2025-02-15,2025-02-19
PO00296,2026-04-04,S022,P090,WH-East,283,263,1950.75,513047.25,2026-04-28,2026-05-02
PO00297,2025-08-18,S012,P050,WH-East,160,156,1675.05,261307.8,2025-09-07,2025-09-04
PO00298,2025-10-10,S015,P012,WH-South,107,107,2355.34,252021.38,2025-10-24,2025-10-31
PO00299,2025-06-14,S021,P007,WH-South,479,470,7730.21,3633198.7,2025-06-23,2025-06-26
PO00300,2026-06-23,S019,P040,WH-North,256,239,5809.38,1388441.82,2026-07-12,2026-07-15
PO00301,2025-11-28,S025,P094,WH-South,78,69,7900.12,545108.28,2025-12-13,2025-12-16
PO00302,2025-06-24,S005,P086,WH-West,356,329,2683.09,882736.61,2025-07-18,2025-07-26
PO00303,2025-03-17,S019,P042,WH-North,194,160,4016.26,642601.6,2025-03-30,2025-03-29
PO00304,2026-03-16,S022,P093,WH-East,79,69,7471.92,515562.48,2026-04-07,2026-04-06
PO00305,2025-05-08,S005,P086,WH-North,188,168,2683.09,450759.12,2025-05-13,2025-05-20
PO00306,2026-05-27,S012,P088,WH-East,71,63,5620.86,354114.18,2026-06-09,2026-06-13
PO00307,2026-02-02,S017,P067,WH-South,247,207,3111.48,644076.36,2026-02-15,2026-02-19
PO00308,2025-10-05,S012,P050,WH-North,267,222,1675.05,371861.1,2025-10-24,2025-10-28
PO00309,2025-11-27,S001,P041,WH-West,351,317,7152.57,2267364.69,2025-12-05,2025-12-13
PO00310,2025-12-26,S015,P024,WH-North,395,330,3955.92,1305453.6,2026-01-03,2026-01-02
PO00311,2026-03-16,S022,P090,WH-West,457,401,1950.75,782250.75,2026-03-21,2026-03-21
PO00312,2025-04-12,S025,P069,WH-North,55,50,5619.39,280969.5,2025-04-17,2025-04-25
PO00313,2026-01-12,S008,P013,WH-South,352,303,272.75,82643.25,2026-01-17,2026-01-15
PO00314,2025-09-13,S005,P086,WH-East,118,99,2683.09,265625.91,2025-09-23,2025-09-30
PO00315,2026-02-08,S002,P034,WH-North,88,80,5330.87,426469.6,2026-02-23,2026-02-22
PO00316,2025-01-02,S001,P003,WH-East,160,146,5817.69,849382.74,2025-01-22,2025-01-23
PO00317,2025-05-08,S005,P096,WH-East,219,219,4344.62,951471.78,2025-05-17,2025-05-16
PO00318,2025-05-12,S012,P088,WH-East,286,242,5620.86,1360248.12,2025-05-26,2025-05-26
PO00319,2026-03-31,S017,P073,WH-North,27,25,4048.01,101200.25,2026-04-20,2026-04-23
PO00320,2025-12-10,S001,P003,WH-East,434,384,5817.69,2233992.96,2025-12-25,2025-12-24
PO00321,2025-12-18,S005,P086,WH-North,81,68,2683.09,182450.12,2026-01-09,2026-01-06
PO00322,2026-02-07,S015,P024,WH-West,159,143,3955.92,565696.56,2026-02-25,2026-02-22
PO00323,2025-02-11,S014,P074,WH-East,414,375,7257.25,2721468.75,2025-02-28,2025-02-28
PO00324,2025-12-21,S003,P035,WH-West,420,375,7193.14,2697427.5,2025-12-26,2025-12-23
PO00325,2025-09-16,S002,P020,WH-East,430,418,1946.07,813457.26,2025-09-23,2025-09-25
PO00326,2025-07-29,S017,P044,WH-North,352,348,3055.75,1063401.0,2025-08-17,2025-08-17
PO00327,2025-02-06,S013,P076,WH-North,416,353,1819.91,642428.23,2025-02-22,2025-02-23
PO00328,2025-01-22,S010,P048,WH-West,380,324,6812.06,2207107.44,2025-01-31,2025-02-02
PO00329,2025-06-10,S014,P043,WH-West,361,326,6183.15,2015706.9,2025-06-30,2025-06-28
PO00330,2025-12-25,S013,P076,WH-South,129,114,1819.91,207469.74,2026-01-12,2026-01-09
PO00331,2025-12-20,S013,P081,WH-South,191,188,7060.83,1327436.04,2026-01-03,2026-01-09
PO00332,2026-03-09,S007,P068,WH-South,77,77,6782.27,522234.79,2026-03-18,2026-03-26
PO00333,2026-03-14,S017,P072,WH-East,363,311,5486.78,1706388.58,2026-03-25,2026-04-02
PO00334,2025-10-12,S023,P071,WH-West,433,421,3389.05,1426790.05,2025-11-01,2025-10-30
PO00335,2025-11-02,S017,P055,WH-South,416,392,1236.07,484539.44,2025-11-21,2025-11-23
PO00336,2025-01-14,S010,P082,WH-West,27,26,5709.22,148439.72,2025-01-24,2025-01-30
PO00337,2025-02-17,S017,P026,WH-South,472,412,5615.99,2313787.88,2025-02-28,2025-03-05
PO00338,2025-10-27,S019,P031,WH-West,382,321,1614.17,518148.57,2025-11-18,2025-11-22
PO00339,2025-08-30,S015,P054,WH-West,395,367,3739.53,1372407.51,2025-09-22,2025-09-28
PO00340,2026-02-16,S009,P056,WH-South,83,78,765.88,59738.64,2026-03-11,2026-03-18
PO00341,2026-05-19,S009,P056,WH-East,327,327,765.88,250442.76,2026-06-09,2026-06-06
PO00342,2025-04-08,S001,P053,WH-South,409,391,6607.41,2583497.31,2025-04-26,2025-04-27
PO00343,2025-05-06,S017,P072,WH-West,346,314,5486.78,1722848.92,2025-05-19,2025-05-22
PO00344,2025-06-09,S005,P061,WH-North,457,457,6142.41,2807081.37,2025-06-29,2025-07-03
PO00345,2025-09-22,S002,P034,WH-East,297,266,5330.87,1418011.42,2025-10-06,2025-10-09
PO00346,2025-09-04,S008,P046,WH-East,210,179,1480.52,265013.08,2025-09-17,2025-09-14
PO00347,2025-07-04,S019,P080,WH-North,241,227,5694.0,1292538.0,2025-07-20,2025-07-28
PO00348,2026-04-12,S025,P084,WH-South,98,86,6608.9,568365.4,2026-04-25,2026-04-25
PO00349,2025-10-29,S014,P074,WH-West,56,56,7257.25,406406.0,2025-11-18,2025-11-18
PO00350,2026-03-21,S012,P050,WH-South,459,416,1675.05,696820.8,2026-04-10,2026-04-15
PO00351,2025-08-27,S025,P069,WH-West,444,377,5619.39,2118510.03,2025-09-02,2025-09-10
PO00352,2025-08-17,S021,P011,WH-North,207,176,7695.2,1354355.2,2025-08-28,2025-08-30
PO00353,2025-11-23,S005,P086,WH-West,167,159,2683.09,426611.31,2025-12-17,2025-12-19
PO00354,2025-10-18,S012,P075,WH-West,114,102,4020.25,410065.5,2025-10-29,2025-10-30
PO00355,2025-03-07,S007,P018,WH-South,134,120,5728.7,687444.0,2025-03-18,2025-03-19
PO00356,2025-11-09,S010,P082,WH-West,472,445,5709.22,2540602.9,2025-12-02,2025-12-07
PO00357,2025-10-17,S019,P031,WH-South,192,166,1614.17,267952.22,2025-10-24,2025-10-22
PO00358,2025-08-15,S025,P084,WH-South,141,120,6608.9,793068.0,2025-08-29,2025-09-04
PO00359,2026-06-08,S010,P062,WH-East,333,317,7600.79,2409450.43,2026-06-18,2026-06-19
PO00360,2025-06-24,S003,P023,WH-North,223,183,1939.29,354890.07,2025-06-30,2025-06-27
PO00361,2025-08-09,S001,P053,WH-South,184,184,6607.41,1215763.44,2025-09-02,2025-09-03
PO00362,2025-03-06,S010,P062,WH-North,241,206,7600.79,1565762.74,2025-03-28,2025-03-28
PO00363,2025-09-27,S014,P074,WH-East,442,402,7257.25,2917414.5,2025-10-10,2025-10-10
PO00364,2025-07-01,S007,P017,WH-South,278,240,5748.97,1379752.8,2025-07-20,2025-07-20
PO00365,2025-12-06,S001,P041,WH-North,96,83,7152.57,593663.31,2025-12-24,2025-12-23
PO00366,2025-11-02,S003,P008,WH-East,94,93,5513.62,512766.66,2025-11-15,2025-11-17
PO00367,2025-04-26,S019,P031,WH-East,477,447,1614.17,721533.99,2025-05-02,2025-05-01
PO00368,2025-01-11,S025,P049,WH-West,241,213,2161.22,460339.86,2025-01-25,2025-01-27
PO00369,2025-06-16,S022,P057,WH-West,220,191,606.82,115902.62,2025-06-24,2025-06-26
PO00370,2025-01-10,S010,P048,WH-North,241,208,6812.06,1416908.48,2025-01-15,2025-01-22
PO00371,2025-11-24,S001,P053,WH-South,112,104,6607.41,687170.64,2025-12-09,2025-12-15
PO00372,2025-02-16,S010,P062,WH-West,57,55,7600.79,418043.45,2025-03-08,2025-03-06
PO00373,2026-06-09,S022,P090,WH-South,449,391,1950.75,762743.25,2026-06-24,2026-06-29
PO00374,2026-01-13,S012,P050,WH-West,253,224,1675.05,375211.2,2026-01-30,2026-02-05
PO00375,2026-02-03,S017,P055,WH-West,140,135,1236.07,166869.45,2026-02-21,2026-02-25
PO00376,2026-03-13,S004,P009,WH-North,68,66,5350.8,353152.8,2026-03-18,2026-03-21
PO00377,2025-05-01,S001,P032,WH-West,53,46,6504.58,299210.68,2025-05-14,2025-05-19
PO00378,2025-02-16,S017,P087,WH-East,173,155,5608.98,869391.9,2025-03-10,2025-03-14
PO00379,2026-06-10,S005,P096,WH-West,149,148,4344.62,643003.76,2026-06-25,2026-06-30
PO00380,2026-05-04,S022,P057,WH-West,398,385,606.82,233625.7,2026-05-11,2026-05-15
PO00381,2026-05-20,S016,P100,WH-North,75,64,4482.47,286878.08,2026-05-28,2026-05-27
PO00382,2025-03-20,S023,P005,WH-North,119,107,3730.15,399126.05,2025-04-04,2025-04-10
PO00383,2026-01-02,S005,P065,WH-East,154,154,5199.81,800770.74,2026-01-13,2026-01-10
PO00384,2025-11-11,S012,P050,WH-North,391,362,1675.05,606368.1,2025-11-24,2025-12-01
PO00385,2025-04-20,S021,P095,WH-West,55,53,4617.29,244716.37,2025-04-29,2025-05-01
PO00386,2026-02-13,S004,P063,WH-East,187,157,4099.62,643640.34,2026-02-19,2026-02-27
PO00387,2025-04-01,S021,P095,WH-West,225,222,4617.29,1025038.38,2025-04-17,2025-04-16
PO00388,2025-08-27,S022,P058,WH-West,494,465,2347.48,1091578.2,2025-09-04,2025-09-03
PO00389,2025-10-27,S022,P057,WH-East,301,257,606.82,155952.74,2025-11-13,2025-11-15
PO00390,2025-11-13,S004,P009,WH-North,103,92,5350.8,492273.6,2025-11-19,2025-11-25
PO00391,2025-08-31,S009,P097,WH-North,94,79,6093.09,481354.11,2025-09-19,2025-09-27
PO00392,2025-03-20,S018,P099,WH-West,109,106,1041.43,110391.58,2025-03-25,2025-03-30
PO00393,2026-04-20,S017,P026,WH-North,140,136,5615.99,763774.64,2026-05-12,2026-05-13
PO00394,2025-11-26,S004,P063,WH-South,118,108,4099.62,442758.96,2025-12-02,2025-11-29
PO00395,2026-05-25,S013,P066,WH-East,344,313,6590.35,2062779.55,2026-06-02,2026-06-08
PO00396,2025-06-15,S002,P034,WH-East,291,266,5330.87,1418011.42,2025-07-08,2025-07-11
PO00397,2025-03-09,S013,P081,WH-West,94,78,7060.83,550744.74,2025-04-02,2025-04-07
PO00398,2025-08-25,S007,P006,WH-West,372,332,514.64,170860.48,2025-09-08,2025-09-14
PO00399,2025-08-16,S010,P062,WH-East,156,132,7600.79,1003304.28,2025-09-02,2025-08-31
PO00400,2026-04-16,S021,P095,WH-West,425,364,4617.29,1680693.56,2026-05-09,2026-05-14
PO00401,2025-03-03,S025,P092,WH-East,280,280,7533.17,2109287.6,2025-03-15,2025-03-16
PO00402,2025-05-15,S013,P085,WH-East,231,202,800.7,161741.4,2025-05-29,2025-05-26
PO00403,2025-06-09,S012,P075,WH-South,395,362,4020.25,1455330.5,2025-06-21,2025-06-21
PO00404,2025-04-11,S001,P041,WH-East,62,62,7152.57,443459.34,2025-05-04,2025-05-08
PO00405,2025-08-13,S015,P054,WH-South,117,106,3739.53,396390.18,2025-08-26,2025-08-25
PO00406,2025-10-09,S020,P036,WH-West,305,282,6872.15,1937946.3,2025-10-22,2025-10-23
PO00407,2025-12-31,S013,P091,WH-North,93,79,2579.79,203803.41,2026-01-17,2026-01-15
PO00408,2025-11-14,S025,P084,WH-North,147,129,6608.9,852548.1,2025-11-19,2025-11-20
PO00409,2026-02-19,S025,P084,WH-South,51,47,6608.9,310618.3,2026-03-07,2026-03-15
PO00410,2026-04-23,S022,P002,WH-West,235,210,6949.48,1459390.8,2026-05-07,2026-05-12
PO00411,2025-01-23,S001,P027,WH-East,292,242,3376.64,817146.88,2025-02-15,2025-02-23
PO00412,2025-07-02,S007,P018,WH-East,383,345,5728.7,1976401.5,2025-07-14,2025-07-13
PO00413,2025-10-27,S023,P077,WH-East,86,85,7797.85,662817.25,2025-11-11,2025-11-14
PO00414,2025-10-24,S010,P082,WH-East,250,211,5709.22,1204645.42,2025-11-08,2025-11-10
PO00415,2025-09-26,S021,P011,WH-East,402,331,7695.2,2547111.2,2025-10-16,2025-10-14
PO00416,2025-10-07,S012,P078,WH-West,254,214,5690.78,1217826.92,2025-10-22,2025-10-25
PO00417,2025-02-17,S017,P044,WH-South,173,166,3055.75,507254.5,2025-02-22,2025-02-28
PO00418,2025-07-24,S010,P004,WH-West,31,30,4269.34,128080.2,2025-08-03,2025-08-03
PO00419,2026-02-26,S023,P077,WH-South,56,46,7797.85,358701.1,2026-03-15,2026-03-17
PO00420,2025-11-16,S020,P083,WH-South,189,189,1022.9,193328.1,2025-12-01,2025-12-04
PO00421,2025-05-24,S014,P043,WH-West,332,314,6183.15,1941509.1,2025-05-31,2025-06-05
PO00422,2025-03-31,S021,P039,WH-North,31,29,1910.51,55404.79,2025-04-05,2025-04-08
PO00423,2025-06-14,S022,P059,WH-West,193,168,524.57,88127.76,2025-07-02,2025-07-01
PO00424,2025-09-16,S017,P025,WH-North,244,218,1867.3,407071.4,2025-10-01,2025-10-06
PO00425,2025-04-21,S009,P079,WH-South,174,174,6732.07,1171380.18,2025-05-09,2025-05-11
PO00426,2026-06-23,S025,P084,WH-West,353,353,6608.9,2332941.7,2026-07-07,2026-07-07
PO00427,2025-01-08,S013,P081,WH-South,26,25,7060.83,176520.75,2025-01-14,2025-01-22
PO00428,2025-01-23,S017,P055,WH-North,255,239,1236.07,295420.73,2025-02-01,2025-02-07
PO00429,2026-02-13,S005,P065,WH-South,57,49,5199.81,254790.69,2026-03-04,2026-03-05
PO00430,2026-03-17,S022,P093,WH-West,451,451,7471.92,3369835.92,2026-04-08,2026-04-14
PO00431,2025-02-27,S020,P083,WH-North,317,308,1022.9,315053.2,2025-03-19,Unknown
PO00432,2025-12-01,S025,P094,WH-North,263,236,7900.12,1864428.32,2025-12-25,2026-01-02
PO00433,2025-04-06,S017,P025,WH-South,142,140,1867.3,261422.0,2025-04-13,2025-04-13
PO00434,2026-02-28,S025,P092,WH-South,174,150,7533.17,1129975.5,2026-03-13,2026-03-12
PO00435,2025-05-27,S016,P037,WH-North,413,356,1418.79,505089.24,2025-06-18,2025-06-20
PO00436,2026-04-07,S012,P075,WH-South,317,310,4020.25,1246277.5,2026-04-30,2026-05-05
PO00437,2026-03-04,S019,P080,WH-East,265,247,5694.0,1406418.0,2026-03-13,2026-03-12
PO00438,2025-12-21,S010,P082,WH-North,461,429,5709.22,2449255.38,2025-12-29,2026-01-06
PO00439,2025-11-04,S015,P054,WH-North,382,357,3739.53,1335012.21,2025-11-16,2025-11-17
PO00440,2026-02-25,S017,P073,WH-East,60,51,4048.01,206448.51,2026-03-08,2026-03-06
PO00441,2025-10-30,S023,P028,WH-West,284,253,1287.42,325717.26,2025-11-14,2025-11-19
PO00442,2026-06-10,S013,P091,WH-West,127,119,2579.79,306995.01,2026-06-26,2026-06-30
PO00443,2025-06-03,S017,P052,WH-West,245,213,1367.08,291188.04,2025-06-19,2025-06-25
PO00444,2025-02-16,S012,P064,WH-West,193,178,6957.51,1238436.78,2025-03-08,2025-03-08
PO00445,2026-05-14,S022,P038,WH-East,124,115,7793.26,896224.9,2026-06-03,2026-06-10
PO00446,2025-04-16,S017,P044,WH-East,368,368,3055.75,1124516.0,2025-05-05,2025-05-09
PO00447,2025-06-07,S017,P087,WH-South,357,310,5608.98,1738783.8,2025-06-12,2025-06-18
PO00448,2026-01-06,S010,P062,WH-East,201,182,7600.79,1383343.78,2026-01-25,2026-01-25
PO00449,2025-09-02,S005,P086,WH-East,112,112,2683.09,300506.08,2025-09-24,2025-09-22
PO00450,2026-06-19,S007,P068,WH-West,138,118,6782.27,800307.86,2026-06-29,2026-07-04
PO00451,2025-04-27,S005,P096,WH-West,497,485,4344.62,2107140.7,2025-05-10,2025-05-08
PO00452,2025-03-11,S012,P088,WH-South,140,120,5620.86,674503.2,2025-04-01,2025-03-29
PO00453,2025-03-16,S022,P038,WH-East,206,204,7793.26,1589825.04,2025-04-01,2025-03-29
PO00454,2025-05-15,S012,P050,WH-North,288,264,1675.05,442213.2,2025-05-21,2025-05-20
PO00455,2025-05-18,S005,P061,WH-West,361,361,6142.41,2217410.01,2025-06-07,2025-06-13
PO00456,2026-02-18,S023,P028,WH-West,35,30,1287.42,38622.6,2026-03-09,2026-03-12
PO00457,2026-03-08,S003,P070,WH-East,448,429,2363.97,1014143.13,2026-03-24,2026-03-26
PO00458,2025-08-28,S009,P097,WH-East,51,49,6093.09,298561.41,2025-09-16,2025-09-24
PO00459,2026-06-21,S019,P031,WH-South,443,427,1614.17,689250.59,2026-07-08,2026-07-07
PO00460,2025-08-05,S022,P057,WH-South,365,307,606.82,186293.74,2025-08-21,2025-08-22
PO00461,2025-01-12,S014,P010,WH-East,114,100,6761.94,676194.0,2025-02-04,2025-02-10
PO00462,2025-07-18,S015,P012,WH-East,447,397,2355.34,935069.98,2025-08-07,2025-08-09
PO00463,2026-05-22,S021,P007,WH-North,486,430,7730.21,3323990.3,2026-06-02,2026-06-08
PO00464,2026-02-22,S012,P088,WH-South,125,119,5620.86,668882.34,2026-03-15,2026-03-13
PO00465,2026-01-22,S023,P028,WH-North,393,327,1287.42,420986.34,2026-02-05,2026-02-04
PO00466,2025-05-14,S012,P075,WH-North,194,187,4020.25,751786.75,2025-05-27,2025-05-27
PO00467,2025-11-11,S005,P096,WH-East,388,359,4344.62,1559718.58,2025-11-21,2025-11-25
PO00468,2025-02-05,S002,P020,WH-East,345,295,1946.07,574090.65,2025-02-18,2025-02-25
PO00469,2026-04-11,S025,P092,WH-East,463,401,7533.17,3020801.17,2026-04-16,2026-04-13
PO00470,2025-07-12,S005,P065,WH-North,310,260,5199.81,1351950.6,2025-08-01,2025-08-06
PO00471,2026-01-24,S001,P027,WH-North,350,319,3376.64,1077148.16,2026-02-11,2026-02-08
PO00472,2025-05-22,S003,P016,WH-South,463,435,4791.69,2084385.15,2025-06-03,2025-06-11
PO00473,2025-09-05,S020,P036,WH-South,56,52,6872.15,357351.8,2025-09-24,2025-09-23
PO00474,2025-11-17,S003,P070,WH-West,41,41,2363.97,96922.77,2025-12-07,2025-12-06
PO00475,2026-06-08,S014,P010,WH-South,416,366,6761.94,2474870.04,2026-06-26,Unknown
PO00476,2026-01-21,S017,P044,WH-West,419,407,3055.75,1243690.25,2026-02-10,2026-02-09
PO00477,2025-11-19,S013,P019,WH-South,237,229,4142.28,948582.12,2025-11-30,2025-11-29
PO00478,2026-04-06,S014,P074,WH-West,105,87,7257.25,631380.75,2026-04-28,2026-04-26
PO00479,2025-11-19,S022,P090,WH-South,335,335,1950.75,653501.25,2025-12-10,2025-12-10
PO00480,2025-09-27,S008,P098,WH-South,61,61,2306.64,140705.04,2025-10-02,2025-10-09
PO00481,2025-05-17,S005,P065,WH-North,160,144,5199.81,748772.64,2025-06-01,2025-06-05
PO00482,2026-01-29,S014,P074,WH-East,234,211,7257.25,1531279.75,2026-02-22,2026-02-24
PO00483,2025-03-02,S010,P062,WH-South,466,459,7600.79,3488762.61,2025-03-11,2025-03-08
PO00484,2025-11-24,S010,P033,WH-North,179,165,5454.17,899938.05,2025-12-11,2025-12-12
PO00485,2025-06-17,S022,P090,WH-North,298,292,1950.75,569619.0,2025-06-29,2025-07-07
PO00486,2025-12-24,S008,P098,WH-East,190,157,2306.64,362142.48,2026-01-15,2026-01-22
PO00487,2026-06-19,S016,P037,WH-South,179,156,1418.79,221331.24,2026-07-06,2026-07-12
PO00488,2025-02-28,S008,P013,WH-West,259,217,272.75,59186.75,2025-03-13,2025-03-20
PO00489,2026-03-10,S025,P094,WH-West,377,343,7900.12,2709741.16,2026-03-25,2026-03-29
PO00490,2025-03-25,S012,P088,WH-East,175,173,5620.86,972408.78,2025-04-04,2025-04-01
PO00491,2025-09-05,S008,P098,WH-East,436,407,2306.64,938802.48,2025-09-20,2025-09-22
PO00492,2026-05-11,S016,P037,WH-East,251,232,1418.79,329159.28,2026-05-30,2026-06-06
PO00493,2026-01-31,S013,P019,WH-South,429,383,4142.28,1586493.24,2026-02-18,2026-02-21
PO00494,2026-04-26,S013,P066,WH-South,241,201,6590.35,1324660.35,2026-05-08,2026-05-09
PO00495,2025-10-15,S009,P030,WH-South,356,346,5123.21,1772630.66,2025-11-06,2025-11-06
PO00496,2025-07-12,S005,P086,WH-North,189,177,2683.09,474906.93,2025-07-17,2025-07-20
PO00497,2026-03-14,S001,P032,WH-West,304,304,6504.58,1977392.32,2026-03-27,2026-04-01
PO00498,2026-05-15,S010,P033,WH-North,405,367,5454.17,2001680.39,2026-05-26,2026-05-26
PO00499,2025-06-01,S019,P040,WH-North,262,236,5809.38,1371013.68,2025-06-20,2025-06-19
PO00500,2026-06-04,S001,P015,WH-South,377,377,7332.43,2764326.11,2026-06-23,2026-06-29
PO00501,2025-09-26,S003,P070,WH-East,181,154,2363.97,364051.38,2025-10-09,2025-10-09
PO00502,2026-06-21,S016,P100,WH-East,133,116,4482.47,519966.52,2026-06-30,2026-07-01
PO00503,2025-06-06,S019,P080,WH-North,385,353,5694.0,2009982.0,2025-06-17,2025-06-22
PO00504,2025-07-06,S013,P085,WH-East,441,408,800.7,326685.6,2025-07-22,2025-07-29
PO00505,2025-11-13,S008,P098,WH-North,287,267,2306.64,615872.88,2025-11-23,2025-11-20
PO00506,2025-08-31,S022,P038,WH-East,455,392,7793.26,3054957.92,2025-09-14,2025-09-19
PO00507,2026-06-22,S018,P099,WH-South,424,424,1041.43,441566.32,2026-07-11,2026-07-16
PO00508,2025-03-25,S009,P097,WH-North,110,106,6093.09,645867.54,2025-04-02,2025-04-06
PO00509,2025-07-15,S003,P008,WH-West,315,275,5513.62,1516245.5,2025-08-03,2025-08-09
PO00510,2025-10-05,S013,P076,WH-North,470,413,1819.91,751622.83,2025-10-27,2025-10-31
PO00511,2025-05-15,S021,P039,WH-East,376,375,1910.51,716441.25,2025-05-22,2025-05-26
PO00512,2026-01-13,S020,P060,WH-South,452,405,1061.17,429773.85,2026-02-01,2026-02-01
PO00513,2025-04-28,S020,P060,WH-South,429,400,1061.17,424468.0,2025-05-22,2025-05-25
PO00514,2025-01-26,S009,P056,WH-West,327,276,765.88,211382.88,2025-02-04,2025-02-02
PO00515,2025-08-27,S007,P018,WH-South,337,293,5728.7,1678509.1,2025-09-02,2025-09-01
PO00516,2025-04-19,S010,P048,WH-South,344,311,6812.06,2118550.66,2025-05-08,2025-05-12
PO00517,2025-03-31,S012,P021,WH-North,385,366,2470.72,904283.52,2025-04-12,2025-04-12
PO00518,2026-01-17,S009,P056,WH-South,336,294,765.88,225168.72,2026-01-26,2026-02-01
PO00519,2025-01-18,S013,P091,WH-East,359,359,2579.79,926144.61,2025-01-31,2025-02-07
PO00520,2026-05-17,S015,P012,WH-West,321,277,2355.34,652429.18,2026-05-28,2026-05-30
PO00521,2025-08-05,S007,P006,WH-West,252,246,514.64,126601.44,2025-08-13,2025-08-21
PO00522,2025-01-24,S019,P031,WH-North,91,81,1614.17,130747.77,2025-02-16,2025-02-23
PO00523,2026-05-09,S008,P098,WH-East,126,124,2306.64,286023.36,2026-05-21,2026-05-25
PO00524,2026-01-08,S023,P071,WH-South,495,495,3389.05,1677579.75,2026-01-26,2026-01-30
PO00525,2026-04-14,S005,P061,WH-North,432,370,6142.41,2272691.7,2026-04-27,2026-04-28
PO00526,2026-05-17,S021,P095,WH-East,69,63,4617.29,290889.27,2026-05-26,2026-06-02
PO00527,2026-06-22,S007,P068,WH-South,380,323,6782.27,2190673.21,2026-07-02,2026-07-05
PO00528,2025-11-26,S022,P057,WH-North,21,20,606.82,12136.4,2025-12-10,2025-12-07
PO00529,2025-06-03,S005,P061,WH-West,467,461,6142.41,2831651.01,2025-06-20,2025-06-21
PO00530,2026-02-21,S007,P017,WH-South,85,76,5748.97,436921.72,2026-03-07,2026-03-06
PO00531,2026-03-17,S005,P029,WH-West,377,339,6128.71,2077632.69,2026-04-03,2026-04-03
PO00532,2026-02-27,S017,P067,WH-South,190,164,3111.48,510282.72,2026-03-06,2026-03-03
PO00533,2025-02-06,S022,P059,WH-South,234,206,524.57,108061.42,2025-02-22,2025-02-19
PO00534,2025-10-01,S012,P088,WH-West,157,139,5620.86,781299.54,2025-10-09,2025-10-08
PO00535,2025-06-07,S001,P003,WH-South,384,327,5817.69,1902384.63,2025-06-22,2025-06-22
PO00536,2026-03-09,S001,P027,WH-East,200,176,3376.64,594288.64,2026-03-22,2026-03-21
PO00537,2025-04-23,S019,P001,WH-South,367,367,1589.96,583515.32,2025-05-03,2025-05-01
PO00538,2026-06-26,S009,P079,WH-North,230,204,6732.07,1373342.28,2026-07-12,2026-07-19
PO00539,2026-06-17,S012,P078,WH-East,303,265,5690.78,1508056.7,2026-07-05,2026-07-08
PO00540,2026-03-14,S010,P004,WH-South,403,361,4269.34,1541231.74,2026-03-27,2026-04-02
PO00541,2026-02-04,S010,P004,WH-North,498,498,4269.34,2126131.32,2026-02-16,2026-02-21
PO00542,2025-01-18,S004,P089,WH-North,21,20,3726.91,74538.2,2025-01-31,2025-02-07
PO00543,2025-06-11,S012,P075,WH-East,176,151,4020.25,607057.75,2025-06-28,2025-06-27
PO00544,2026-02-09,S010,P033,WH-East,327,317,5454.17,1728971.89,2026-02-24,2026-03-01
PO00545,2026-04-05,S021,P011,WH-East,161,157,7695.2,1208146.4,2026-04-18,2026-04-22
PO00546,2025-06-08,S013,P076,WH-West,47,47,1819.91,85535.77,2025-07-02,2025-07-03
PO00547,2025-01-10,S009,P079,WH-West,276,276,6732.07,1858051.32,2025-01-22,2025-01-29
PO00548,2026-05-31,S022,P057,WH-East,462,388,606.82,235446.16,2026-06-14,2026-06-22
PO00549,2025-01-15,S017,P026,WH-South,319,291,5615.99,1634253.09,2025-01-28,2025-01-30
PO00550,2025-02-24,S012,P088,WH-West,267,256,5620.86,1438940.16,2025-03-04,2025-03-01
PO00551,2026-03-22,S017,P026,WH-East,355,355,5615.99,1993676.45,2026-04-05,2026-04-07
PO00552,2025-06-05,S015,P054,WH-East,104,87,3739.53,325339.11,2025-06-26,2025-07-01
PO00553,2026-01-26,S001,P027,WH-North,262,234,3376.64,790133.76,2026-02-18,2026-02-21
PO00554,2025-05-19,S016,P100,WH-West,225,207,4482.47,927871.29,2025-06-02,2025-06-07
PO00555,2026-02-17,S013,P091,WH-East,446,403,2579.79,1039655.37,2026-03-11,2026-03-12
PO00556,2025-05-05,S015,P054,WH-North,292,266,3739.53,994714.98,2025-05-25,2025-05-26
PO00557,2025-08-07,S022,P002,WH-South,457,408,6949.48,2835387.84,2025-08-15,2025-08-16
PO00558,2025-10-08,S017,P087,WH-North,290,290,5608.98,1626604.2,2025-10-21,2025-10-23
PO00559,2026-03-16,S004,P009,WH-West,67,66,5350.8,353152.8,2026-03-29,2026-03-29
PO00560,2025-04-12,S017,P072,WH-West,498,482,5486.78,2644627.96,2025-04-18,2025-04-24
PO00561,2025-02-09,S012,P064,WH-South,65,59,6957.51,410493.09,2025-03-04,2025-03-09
PO00562,2026-04-16,S005,P065,WH-North,196,195,5199.81,1013962.95,2026-04-28,2026-05-01
PO00563,2026-01-11,S012,P021,WH-North,439,368,2470.72,909224.96,2026-02-03,2026-02-02
PO00564,2025-07-10,S017,P026,WH-East,289,245,5615.99,1375917.55,2025-07-18,2025-07-24
PO00565,2026-03-10,S001,P015,WH-North,247,247,7332.43,1811110.21,2026-03-25,2026-03-28
PO00566,2025-01-11,S014,P043,WH-West,494,461,6183.15,2850432.15,2025-01-18,2025-01-25
PO00567,2025-09-03,S004,P089,WH-West,406,346,3726.91,1289510.86,2025-09-25,2025-09-24
PO00568,2025-05-12,S021,P039,WH-South,375,375,1910.51,716441.25,2025-06-02,2025-06-01
PO00569,2026-04-29,S003,P016,WH-West,273,273,4791.69,1308131.37,2026-05-22,2026-05-22
PO00570,2026-02-19,S003,P035,WH-North,265,264,7193.14,1898988.96,2026-03-04,2026-03-12
PO00571,2025-11-26,S003,P023,WH-West,409,355,1939.29,688447.95,2025-12-16,2025-12-14
PO00572,2025-12-21,S015,P012,WH-East,401,351,2355.34,826724.34,2026-01-02,2026-01-06
PO00573,2025-09-18,S009,P056,WH-East,494,445,765.88,340816.6,2025-10-01,2025-10-09
PO00574,2025-01-04,S017,P052,WH-West,41,38,1367.08,51949.04,2025-01-13,2025-01-10
PO00575,2025-12-07,S013,P019,WH-South,41,41,4142.28,169833.48,2025-12-16,2025-12-22
PO00576,2025-04-05,S008,P098,WH-East,439,439,2306.64,1012614.96,2025-04-23,2025-04-20
PO00577,2025-01-16,S010,P062,WH-West,243,243,7600.79,1846991.97,2025-02-03,2025-02-10
PO00578,2025-04-21,S003,P008,WH-West,366,307,5513.62,1692681.34,2025-04-30,2025-04-27
PO00579,2025-11-22,S017,P087,WH-North,218,212,5608.98,1189103.76,2025-11-30,2025-11-30
PO00580,2025-08-10,S021,P011,WH-South,250,249,7695.2,1916104.8,2025-08-31,2025-08-28
PO00581,2025-09-28,S014,P043,WH-East,453,402,6183.15,2485626.3,2025-10-08,2025-10-07
PO00582,2026-03-12,S008,P098,WH-North,351,303,2306.64,698911.92,2026-03-23,2026-03-26
PO00583,2025-04-04,S025,P069,WH-East,355,344,5619.39,1933070.16,2025-04-22,2025-04-21
PO00584,2025-12-02,S016,P037,WH-West,249,209,1418.79,296527.11,2025-12-21,2025-12-29
PO00585,2026-05-16,S017,P025,WH-East,216,216,1867.3,403336.8,2026-05-26,2026-05-24
PO00586,2025-06-13,S012,P088,WH-South,253,215,5620.86,1208484.9,2025-06-27,2025-07-03
PO00587,2026-01-21,S015,P024,WH-South,388,354,3955.92,1400395.68,2026-02-02,2026-02-04
PO00588,2026-02-16,S002,P034,WH-South,310,310,5330.87,1652569.7,2026-02-28,2026-03-04
PO00589,2026-01-03,S010,P082,WH-North,284,284,5709.22,1621418.48,2026-01-12,2026-01-12
PO00590,2025-10-23,S015,P012,WH-East,176,172,2355.34,405118.48,2025-11-12,2025-11-20
PO00591,2025-11-15,S019,P042,WH-South,46,45,4016.26,180731.7,2025-12-09,2025-12-09
PO00592,2025-09-12,S009,P079,WH-North,460,460,6732.07,3096752.2,2025-09-27,2025-10-04
PO00593,2026-05-04,S015,P012,WH-North,243,243,2355.34,572347.62,2026-05-15,2026-05-13
PO00594,2026-02-24,S005,P029,WH-North,221,209,6128.71,1280900.39,2026-03-02,2026-03-03
PO00595,2025-07-06,S022,P093,WH-East,108,104,7471.92,777079.68,2025-07-17,2025-07-23
PO00596,2025-01-25,S002,P020,WH-South,334,314,1946.07,611065.98,2025-02-04,2025-02-08
PO00597,2025-05-22,S009,P079,WH-East,189,174,6732.07,1171380.18,2025-06-14,2025-06-11
PO00598,2026-03-04,S001,P003,WH-North,456,454,5817.69,2641231.26,2026-03-26,2026-03-24
PO00599,2025-05-04,S019,P080,WH-East,313,303,5694.0,1725282.0,2025-05-09,2025-05-06
PO00600,2025-01-25,S005,P061,WH-South,364,361,6142.41,2217410.01,2025-02-16,2025-02-16
PO00601,2026-04-22,S020,P083,WH-West,407,342,1022.9,349831.8,2026-05-08,2026-05-11
PO00602,2026-04-08,S023,P071,WH-North,382,357,3389.05,1209890.85,2026-04-29,2026-05-06
PO00603,2026-03-07,S016,P100,WH-East,199,176,4482.47,788914.72,2026-03-19,2026-03-18
PO00604,2025-08-20,S007,P022,WH-South,319,294,7083.75,2082622.5,2025-09-13,2025-09-17
PO00605,2025-12-11,S009,P079,WH-South,42,40,6732.07,269282.8,2025-12-18,2025-12-20
PO00606,2025-01-23,S017,P073,WH-South,221,219,4048.01,886514.19,2025-02-06,2025-02-04
PO00607,2025-05-02,S007,P017,WH-South,345,285,5748.97,1638456.45,2025-05-22,2025-05-27
PO00608,2025-08-11,S009,P097,WH-North,96,82,6093.09,499633.38,2025-09-02,2025-09-07
PO00609,2025-08-18,S022,P002,WH-North,242,242,6949.48,1681774.16,2025-08-23,2025-08-26
PO00610,2025-01-17,S021,P007,WH-West,344,344,7730.21,2659192.24,2025-01-29,2025-02-04
PO00611,2025-10-12,S021,P095,WH-East,207,172,4617.29,794173.88,2025-11-04,2025-11-08
PO00612,2025-01-02,S010,P014,WH-South,270,239,5698.83,1362020.37,2025-01-09,2025-01-15
PO00613,2025-09-24,S010,P004,WH-South,407,335,4269.34,1430228.9,2025-10-14,2025-10-11
PO00614,2026-06-12,S023,P045,WH-North,150,146,7714.42,1126305.32,2026-07-02,2026-07-04
PO00615,2026-06-17,S004,P063,WH-West,497,475,4099.62,1947319.5,2026-07-07,2026-07-12
PO00616,2025-09-08,S014,P010,WH-East,42,39,6761.94,263715.66,2025-09-24,2025-09-26
PO00617,2025-10-04,S023,P045,WH-East,56,54,7714.42,416578.68,2025-10-17,2025-10-16
PO00618,2025-01-06,S005,P086,WH-North,37,34,2683.09,91225.06,2025-01-28,2025-01-26
PO00619,2025-08-25,S012,P088,WH-North,374,325,5620.86,1826779.5,2025-09-09,2025-09-13
PO00620,2026-06-19,S017,P044,WH-North,280,272,3055.75,831164.0,2026-07-13,2026-07-20
PO00621,2025-08-12,S017,P055,WH-West,60,59,1236.07,72928.13,2025-08-27,2025-08-27
PO00622,2026-05-01,S007,P018,WH-North,367,364,5728.7,2085246.8,2026-05-25,2026-06-02
PO00623,2026-02-17,S021,P011,WH-West,441,441,7695.2,3393583.2,2026-03-05,2026-03-02
PO00624,2025-01-31,S015,P054,WH-North,450,436,3739.53,1630435.08,2025-02-22,2025-02-26
PO00625,2026-04-18,S019,P001,WH-North,398,331,1589.96,526276.76,2026-04-24,2026-04-21
PO00626,2026-05-29,S001,P053,WH-West,357,294,6607.41,1942578.54,2026-06-06,2026-06-04
PO00627,2025-12-08,S005,P096,WH-East,91,88,4344.62,382326.56,2025-12-16,2025-12-13
PO00628,2025-06-14,S019,P080,WH-North,159,132,5694.0,751608.0,2025-07-02,2025-07-06
PO00629,2025-10-27,S012,P078,WH-North,433,382,5690.78,2173877.96,2025-11-13,2025-11-12
PO00630,2026-03-30,S010,P033,WH-West,233,197,5454.17,1074471.49,2026-04-12,2026-04-17
PO00631,2026-04-26,S021,P007,WH-East,25,25,7730.21,193255.25,2026-05-15,2026-05-22
PO00632,2025-03-16,S020,P083,WH-East,464,410,1022.9,419389.0,2025-03-30,2025-04-07
PO00633,2025-11-05,S017,P025,WH-West,497,413,1867.3,771194.9,2025-11-14,2025-11-17
PO00634,2025-03-17,S025,P069,WH-South,475,475,5619.39,2669210.25,2025-03-25,2025-03-27
PO00635,2026-01-22,S025,P049,WH-South,138,130,2161.22,280958.6,2026-02-13,2026-02-20
PO00636,2025-12-16,S014,P074,WH-East,467,386,7257.25,2801298.5,2025-12-24,2025-12-26
PO00637,2025-10-02,S010,P004,WH-North,386,381,4269.34,1626618.54,2025-10-22,2025-10-28
PO00638,2025-10-28,S015,P024,WH-East,387,329,3955.92,1301497.68,2025-11-12,2025-11-09
PO00639,2025-02-24,S008,P046,WH-North,496,486,1480.52,719532.72,2025-03-07,2025-03-11
PO00640,2026-04-05,S003,P070,WH-North,498,468,2363.97,1106337.96,2026-04-10,2026-04-16
PO00641,2026-06-25,S015,P012,WH-North,88,75,2355.34,176650.5,2026-07-02,2026-07-09
PO00642,2025-11-09,S010,P062,WH-East,414,402,7600.79,3055517.58,2025-11-29,2025-11-28
PO00643,2025-09-26,S025,P084,WH-North,465,424,6608.9,2802173.6,2025-10-04,2025-10-03
PO00644,2026-05-12,S022,P090,WH-East,396,375,1950.75,731531.25,2026-05-19,2026-05-18
PO00645,2025-06-04,S013,P076,WH-North,420,417,1819.91,758902.47,2025-06-28,2025-07-05
PO00646,2025-07-15,S010,P062,WH-North,96,84,7600.79,638466.36,2025-07-20,2025-07-25
PO00647,2026-04-25,S009,P097,WH-East,295,263,6093.09,1602482.67,2026-04-30,2026-05-01
PO00648,2026-03-24,S010,P062,WH-East,370,370,7600.79,2812292.3,2026-04-07,2026-04-05
PO00649,2025-04-15,S013,P076,WH-West,429,395,1819.91,718864.45,2025-05-01,2025-05-01
PO00650,2025-03-15,S022,P058,WH-North,111,103,2347.48,241790.44,2025-03-22,2025-03-25
PO00651,2025-03-16,S022,P038,WH-West,462,405,7793.26,3156270.3,2025-04-02,2025-04-10
PO00652,2025-04-07,S007,P068,WH-North,172,155,6782.27,1051251.85,2025-04-17,2025-04-23
PO00653,2025-08-29,S007,P017,WH-West,387,356,5748.97,2046633.32,2025-09-22,2025-09-19
PO00654,2026-01-26,S014,P010,WH-West,37,32,6761.94,216382.08,2026-02-09,2026-02-07
PO00655,2025-04-19,S020,P083,WH-South,499,433,1022.9,442915.7,2025-04-29,2025-05-03
PO00656,2025-01-28,S014,P043,WH-East,432,406,6183.15,2510358.9,2025-02-02,2025-02-06
PO00657,2025-04-12,S010,P033,WH-South,342,293,5454.17,1598071.81,2025-05-01,2025-04-30
PO00658,2025-04-29,S016,P037,WH-West,54,50,1418.79,70939.5,2025-05-17,2025-05-18
PO00659,2025-01-27,S023,P028,WH-South,121,116,1287.42,149340.72,2025-02-12,2025-02-16
PO00660,2025-05-30,S008,P046,WH-South,290,249,1480.52,368649.48,2025-06-13,2025-06-19
PO00661,2025-05-22,S022,P002,WH-East,326,316,6949.48,2196035.68,2025-06-04,2025-06-09
PO00662,2025-06-03,S008,P046,WH-West,406,362,1480.52,535948.24,2025-06-22,2025-06-29
PO00663,2026-05-07,S022,P038,WH-North,296,296,7793.26,2306804.96,2026-05-25,2026-05-23
PO00664,2025-07-02,S022,P038,WH-North,464,464,7793.26,3616072.64,2025-07-16,2025-07-22
PO00665,2025-07-22,S012,P021,WH-West,278,272,2470.72,672035.84,2025-07-27,2025-07-31
PO00666,2025-03-12,S003,P023,WH-East,456,405,1939.29,785412.45,2025-04-05,2025-04-04
PO00667,2025-07-02,S010,P033,WH-South,54,54,5454.17,294525.18,2025-07-08,2025-07-13
PO00668,2025-06-22,S022,P090,WH-East,453,453,1950.75,883689.75,2025-06-28,2025-06-29
PO00669,2026-06-26,S014,P043,WH-North,27,25,6183.15,154578.75,2026-07-02,2026-07-03
PO00670,2025-12-21,S025,P094,WH-East,451,425,7900.12,3357551.0,2025-12-27,2026-01-03
PO00671,2025-06-03,S007,P068,WH-South,278,228,6782.27,1546357.56,2025-06-15,2025-06-15
PO00672,2026-01-20,S003,P070,WH-East,329,273,2363.97,645363.81,2026-02-11,2026-02-15
PO00673,2025-11-07,S008,P098,WH-North,478,440,2306.64,1014921.6,2025-11-24,2025-11-21
PO00674,2025-01-25,S012,P064,WH-North,387,365,6957.51,2539491.15,2025-02-15,2025-02-23
PO00675,2025-04-08,S025,P084,WH-West,405,357,6608.9,2359377.3,2025-04-20,2025-04-22
PO00676,2025-10-27,S012,P064,WH-West,436,366,6957.51,2546448.66,2025-11-10,2025-11-13
PO00677,2025-03-10,S016,P037,WH-West,219,214,1418.79,303621.06,2025-03-28,2025-04-01
PO00678,2025-12-27,S009,P079,WH-North,159,144,6732.07,969418.08,2026-01-19,2026-01-19
PO00679,2025-03-04,S003,P023,WH-South,38,36,1939.29,69814.44,2025-03-27,2025-04-04
PO00680,2026-05-10,S017,P073,WH-North,421,400,4048.01,1619204.0,2026-05-19,2026-05-24
PO00681,2026-02-28,S002,P034,WH-North,453,421,5330.87,2244296.27,2026-03-22,2026-03-30
PO00682,2026-01-15,S002,P034,WH-East,104,89,5330.87,474447.43,2026-01-29,2026-01-28
PO00683,2025-09-12,S001,P027,WH-West,41,39,3376.64,131688.96,2025-10-02,2025-10-06
PO00684,2025-09-18,S019,P080,WH-East,254,225,5694.0,1281150.0,2025-10-10,2025-10-16
PO00685,2025-05-09,S010,P004,WH-South,305,300,4269.34,1280802.0,2025-05-22,2025-05-29
PO00686,2026-06-07,S025,P092,WH-South,357,307,7533.17,2312683.19,2026-06-21,2026-06-27
PO00687,2026-02-26,S013,P081,WH-East,409,359,7060.83,2534837.97,2026-03-14,2026-03-15
PO00688,2026-06-13,S013,P076,WH-North,148,134,1819.91,243867.94,2026-06-22,2026-06-30
PO00689,2026-02-20,S025,P069,WH-East,412,399,5619.39,2242136.61,2026-03-11,2026-03-12
PO00690,2025-01-05,S018,P099,WH-East,71,68,1041.43,70817.24,2025-01-16,2025-01-19
PO00691,2025-07-25,S016,P100,WH-North,483,429,4482.47,1922979.63,2025-08-18,2025-08-19
PO00692,2026-04-14,S025,P094,WH-West,48,44,7900.12,347605.28,2026-04-25,2026-04-28
PO00693,2025-03-23,S004,P063,WH-West,337,292,4099.62,1197089.04,2025-03-30,2025-04-04
PO00694,2025-03-08,S012,P078,WH-West,48,47,5690.78,267466.66,2025-03-15,2025-03-23
PO00695,2025-09-24,S010,P014,WH-East,152,131,5698.83,746546.73,2025-10-05,2025-10-06
PO00696,2026-04-20,S013,P066,WH-East,230,226,6590.35,1489419.1,2026-04-25,2026-04-23
PO00697,2026-05-01,S023,P028,WH-North,41,41,1287.42,52784.22,2026-05-23,2026-05-29
PO00698,2025-06-02,S012,P021,WH-West,196,196,2470.72,484261.12,2025-06-07,2025-06-09
PO00699,2026-05-02,S009,P079,WH-North,138,137,6732.07,922293.59,2026-05-12,2026-05-17
PO00700,2025-02-17,S017,P087,WH-South,155,134,5608.98,751603.32,2025-03-13,2025-03-18
PO00701,2025-01-24,S014,P010,WH-South,390,352,6761.94,2380202.88,2025-02-04,2025-02-12
PO00702,2026-01-10,S017,P026,WH-East,101,85,5615.99,477359.15,2026-01-26,2026-01-27
PO00703,2025-12-23,S003,P035,WH-South,383,327,7193.14,2352156.78,2025-12-30,2026-01-06
PO00704,2025-02-02,S002,P034,WH-North,481,399,5330.87,2127017.13,2025-02-08,2025-02-06
PO00705,2026-04-17,S022,P002,WH-North,87,82,6949.48,569857.36,2026-05-06,2026-05-08
PO00706,2025-06-24,S021,P095,WH-South,59,55,4617.29,253950.95,2025-07-18,2025-07-26
PO00707,2026-05-13,S014,P043,WH-North,110,110,6183.15,680146.5,2026-05-21,2026-05-21
PO00708,2025-11-09,S017,P044,WH-North,171,156,3055.75,476697.0,2025-12-03,2025-12-03
PO00709,2025-07-17,S017,P044,WH-East,241,229,3055.75,699766.75,2025-08-09,2025-08-08
PO00710,2025-01-03,S014,P043,WH-North,95,86,6183.15,531750.9,2025-01-18,2025-01-26
PO00711,2025-02-18,S017,P052,WH-East,254,250,1367.08,341770.0,2025-03-14,2025-03-11
PO00712,2025-01-14,S023,P005,WH-North,160,160,3730.15,596824.0,2025-01-23,2025-01-28
PO00713,2026-02-08,S013,P019,WH-East,453,411,4142.28,1702477.08,2026-03-04,2026-03-06
PO00714,2025-07-13,S009,P030,WH-South,448,375,5123.21,1921203.75,2025-07-29,2025-08-04
PO00715,2025-09-17,S025,P049,WH-East,407,347,2161.22,749943.34,2025-10-07,2025-10-14
PO00716,2025-09-04,S004,P063,WH-North,109,105,4099.62,430460.1,2025-09-18,2025-09-26
PO00717,2026-03-08,S013,P081,WH-West,466,412,7060.83,2909061.96,2026-03-18,2026-03-17
PO00718,2026-04-26,S005,P029,WH-West,84,82,6128.71,502554.22,2026-05-12,2026-05-09
PO00719,2025-09-15,S013,P076,WH-East,174,169,1819.91,307564.79,2025-09-26,2025-09-28
PO00720,2026-06-19,S017,P072,WH-East,234,224,5486.78,1229038.72,2026-07-03,2026-07-03
PO00721,2025-04-18,S009,P079,WH-East,466,458,6732.07,3083288.06,2025-05-08,2025-05-05
PO00722,2025-06-25,S001,P053,WH-South,381,370,6607.41,2444741.7,2025-07-02,2025-07-08
PO00723,2026-04-14,S008,P098,WH-North,377,357,2306.64,823470.48,2026-05-04,2026-05-04
PO00724,2026-06-11,S023,P028,WH-East,158,130,1287.42,167364.6,2026-06-27,2026-06-25
PO00725,2025-06-01,S013,P085,WH-West,250,231,800.7,184961.7,2025-06-13,2025-06-12
PO00726,2025-10-03,S001,P053,WH-South,61,57,6607.41,376622.37,2025-10-12,2025-10-18
PO00727,2025-02-07,S007,P017,WH-West,255,255,5748.97,1465987.35,2025-02-28,2025-03-06
PO00728,2025-10-08,S010,P082,WH-East,488,464,5709.22,2649078.08,2025-11-01,2025-11-04
PO00729,2026-03-07,S015,P024,WH-East,105,98,3955.92,387680.16,2026-03-31,2026-04-03
PO00730,2025-11-16,S012,P088,WH-North,367,341,5620.86,1916713.26,2025-12-04,2025-12-05
PO00731,2025-06-20,S013,P076,WH-South,185,156,1819.91,283905.96,2025-07-03,2025-07-09
PO00732,2025-03-12,S005,P065,WH-East,217,196,5199.81,1019162.76,2025-04-04,2025-04-02
PO00733,2025-03-29,S020,P036,WH-North,364,308,6872.15,2116622.2,2025-04-14,2025-04-19
PO00734,2025-02-26,S001,P032,WH-East,81,67,6504.58,435806.86,2025-03-13,2025-03-18
PO00735,2025-06-16,S025,P069,WH-West,407,361,5619.39,2028599.79,2025-06-21,2025-06-26
PO00736,2025-08-24,S017,P026,WH-North,53,50,5615.99,280799.5,2025-09-08,2025-09-10
PO00737,2026-02-02,S009,P056,WH-South,301,299,765.88,228998.12,2026-02-14,2026-02-22
PO00738,2025-11-16,S017,P067,WH-West,250,246,3111.48,765424.08,2025-12-10,2025-12-07
PO00739,2026-06-16,S010,P033,WH-West,392,345,5454.17,1881688.65,2026-06-24,2026-07-02
PO00740,2025-01-07,S021,P039,WH-South,329,273,1910.51,521569.23,2025-01-15,2025-01-17
PO00741,2026-04-03,S025,P084,WH-South,430,387,6608.9,2557644.3,2026-04-18,2026-04-25
PO00742,2025-08-26,S022,P058,WH-West,186,164,2347.48,384986.72,2025-09-18,2025-09-22
PO00743,2026-03-27,S015,P012,WH-East,232,207,2355.34,487555.38,2026-04-04,2026-04-04
PO00744,2025-04-24,S025,P084,WH-South,296,276,6608.9,1824056.4,2025-05-04,2025-05-06
PO00745,2026-05-07,S013,P081,WH-South,73,60,7060.83,423649.8,2026-05-20,2026-05-27
PO00746,2025-11-05,S014,P043,WH-North,203,182,6183.15,1125333.3,2025-11-20,2025-11-24
PO00747,2026-03-25,S017,P072,WH-South,240,224,5486.78,1229038.72,2026-04-10,2026-04-12
PO00748,2025-06-07,S008,P013,WH-North,117,106,272.75,28911.5,2025-06-29,2025-06-29
PO00749,2026-02-03,S017,P073,WH-South,82,78,4048.01,315744.78,2026-02-27,2026-03-02
PO00750,2025-07-22,S020,P083,WH-East,494,423,1022.9,432686.7,2025-08-04,2025-08-05
PO00751,2026-03-30,S022,P090,WH-East,61,52,1950.75,101439.0,2026-04-18,2026-04-25
PO00752,2025-04-30,S023,P005,WH-South,268,236,3730.15,880315.4,2025-05-21,2025-05-28
PO00753,2026-06-19,S023,P045,WH-North,129,108,7714.42,833157.36,2026-07-02,2026-06-29
PO00754,2025-06-29,S004,P089,WH-East,173,150,3726.91,559036.5,2025-07-16,2025-07-15
PO00755,2026-05-27,S023,P005,WH-East,216,181,3730.15,675157.15,2026-06-02,2026-06-01
PO00756,2026-05-08,S003,P023,WH-West,167,150,1939.29,290893.5,2026-05-29,2026-05-26
PO00757,2025-11-23,S003,P035,WH-West,475,457,7193.14,3287264.98,2025-12-15,2025-12-15
PO00758,2026-02-01,S005,P096,WH-East,391,343,4344.62,1490204.66,2026-02-11,2026-02-09
PO00759,2026-05-27,S015,P054,WH-West,229,188,3739.53,703031.64,2026-06-02,2026-06-10
PO00760,2025-07-02,S025,P049,WH-North,456,425,2161.22,918518.5,2025-07-07,2025-07-13
PO00761,2025-04-16,S003,P070,WH-South,403,386,2363.97,912492.42,2025-04-25,2025-04-22
PO00762,2026-05-13,S012,P078,WH-East,472,424,5690.78,2412890.72,2026-05-31,2026-06-08
PO00763,2025-11-30,S022,P093,WH-East,471,414,7471.92,3093374.88,2025-12-22,2025-12-24
PO00764,2026-01-09,S016,P037,WH-West,262,241,1418.79,341928.39,2026-01-17,2026-01-20
PO00765,2025-01-01,S007,P022,WH-East,126,106,7083.75,750877.5,2025-01-19,2025-01-19
PO00766,2026-04-20,S025,P084,WH-East,24,23,6608.9,152004.7,2026-05-09,2026-05-10
PO00767,2026-03-28,S003,P008,WH-East,163,158,5513.62,871151.96,2026-04-09,2026-04-14
PO00768,2025-07-03,S013,P091,WH-East,156,150,2579.79,386968.5,2025-07-09,2025-07-13
PO00769,2025-03-29,S022,P057,WH-South,300,266,606.82,161414.12,2025-04-19,2025-04-17
PO00770,2026-04-30,S023,P071,WH-West,460,455,3389.05,1542017.75,2026-05-21,2026-05-27
PO00771,2025-12-06,S020,P060,WH-West,185,185,1061.17,196316.45,2025-12-30,2025-12-29
PO00772,2025-06-21,S017,P055,WH-East,155,136,1236.07,168105.52,2025-07-01,2025-07-06
PO00773,2026-01-13,S002,P034,WH-East,147,128,5330.87,682351.36,2026-01-23,2026-01-24
PO00774,2025-06-26,S001,P041,WH-East,84,81,7152.57,579358.17,2025-07-19,2025-07-16
PO00775,2025-02-05,S023,P028,WH-South,434,417,1287.42,536854.14,2025-02-10,2025-02-15
PO00776,2026-03-29,S019,P031,WH-North,308,284,1614.17,458424.28,2026-04-08,2026-04-12
PO00777,2025-08-13,S012,P021,WH-North,458,458,2470.72,1131589.76,2025-08-22,2025-08-28
PO00778,2025-10-20,S014,P074,WH-East,399,339,7257.25,2460207.75,2025-10-28,2025-10-31
PO00779,2026-04-18,S022,P051,WH-South,147,135,366.79,49516.65,2026-05-05,2026-05-08
PO00780,2025-09-10,S020,P036,WH-South,216,179,6872.15,1230114.85,2025-10-04,2025-10-08
PO00781,2025-02-20,S023,P077,WH-West,101,84,7797.85,655019.4,2025-03-13,2025-03-20
PO00782,2025-10-20,S017,P026,WH-North,311,258,5615.99,1448925.42,2025-11-06,2025-11-06
PO00783,2025-06-02,S008,P098,WH-North,103,95,2306.64,219130.8,2025-06-22,2025-06-25
PO00784,2025-09-18,S013,P019,WH-South,171,160,4142.28,662764.8,2025-10-05,2025-10-09
PO00785,2025-04-15,S007,P006,WH-East,208,171,514.64,88003.44,2025-04-20,2025-04-27
PO00786,2026-01-02,S010,P048,WH-West,230,218,6812.06,1485029.08,2026-01-16,2026-01-22
PO00787,2025-10-10,S001,P015,WH-South,47,43,7332.43,315294.49,2025-11-01,2025-10-31
PO00788,2025-11-13,S025,P049,WH-West,79,68,2161.22,146962.96,2025-12-04,2025-12-02
PO00789,2026-04-28,S007,P018,WH-North,113,93,5728.7,532769.1,2026-05-19,2026-05-17
PO00790,2025-03-25,S025,P084,WH-South,354,301,6608.9,1989278.9,2025-04-08,2025-04-11
PO00791,2025-02-14,S005,P065,WH-West,133,125,5199.81,649976.25,2025-03-10,2025-03-15
PO00792,2026-01-22,S007,P022,WH-East,348,331,7083.75,2344721.25,2026-01-28,2026-02-05
PO00793,2025-07-08,S020,P060,WH-West,143,136,1061.17,144319.12,2025-07-22,2025-07-26
PO00794,2026-05-05,S020,P036,WH-West,58,49,6872.15,336735.35,2026-05-29,2026-06-04
PO00795,2025-02-19,S010,P082,WH-East,434,434,5709.22,2477801.48,2025-03-01,2025-03-07
PO00796,2025-07-20,S014,P010,WH-North,276,249,6761.94,1683723.06,2025-07-27,2025-07-30
PO00797,2025-06-24,S002,P020,WH-South,32,31,1946.07,60328.17,2025-07-08,2025-07-13
PO00798,2025-05-22,S003,P070,WH-South,247,211,2363.97,498797.67,2025-06-14,2025-06-14
PO00799,2025-10-02,S005,P061,WH-East,213,195,6142.41,1197769.95,2025-10-23,2025-10-29
PO00800,2025-07-09,S022,P059,WH-South,61,56,524.57,29375.92,2025-07-25,2025-07-28
PO00801,2025-05-14,S007,P022,WH-East,440,429,7083.75,3038928.75,2025-05-30,2025-05-31
PO00802,2026-06-29,S007,P068,WH-East,204,193,6782.27,1308978.11,2026-07-09,2026-07-06
PO00803,2025-04-07,S010,P004,WH-South,54,49,4269.34,209197.66,2025-04-23,2025-04-29
PO00804,2025-02-10,S020,P083,WH-West,56,49,1022.9,50122.1,2025-03-06,2025-03-06
PO00805,2025-11-25,S005,P029,WH-North,94,94,6128.71,576098.74,2025-12-05,2025-12-02
PO00806,2026-05-16,S022,P058,WH-South,269,236,2347.48,554005.28,2026-05-23,2026-05-20
PO00807,2026-06-25,S022,P058,WH-South,485,410,2347.48,962466.8,2026-07-02,2026-07-05
PO00808,2026-01-08,S015,P054,WH-North,146,128,3739.53,478659.84,2026-01-21,2026-01-20
PO00809,2026-05-26,S023,P028,WH-South,39,35,1287.42,45059.7,2026-05-31,2026-06-05
PO00810,2025-04-05,S023,P077,WH-East,469,397,7797.85,3095746.45,2025-04-13,2025-04-20
PO00811,2026-04-27,S021,P039,WH-West,235,226,1910.51,431775.26,2026-05-13,2026-05-16
PO00812,2025-01-11,S022,P057,WH-South,266,251,606.82,152311.82,2025-01-20,2025-01-27
PO00813,2026-04-12,S012,P064,WH-East,227,201,6957.51,1398459.51,2026-05-04,2026-05-06
PO00814,2026-04-16,S025,P092,WH-North,170,170,7533.17,1280638.9,2026-05-06,2026-05-04
PO00815,2026-03-07,S009,P030,WH-South,458,436,5123.21,2233719.56,2026-03-21,2026-03-22
PO00816,2026-05-29,S005,P086,WH-South,332,319,2683.09,855905.71,2026-06-14,2026-06-18
PO00817,2025-02-12,S012,P050,WH-North,453,422,1675.05,706871.1,2025-02-27,2025-02-27
PO00818,2025-01-04,S015,P054,WH-North,185,172,3739.53,643199.16,2025-01-27,2025-01-31
PO00819,2025-12-03,S003,P023,WH-West,322,265,1939.29,513911.85,2025-12-12,2025-12-17
PO00820,2026-01-10,S007,P018,WH-East,127,124,5728.7,710358.8,2026-01-17,2026-01-21
PO00821,2025-04-05,S013,P081,WH-North,368,368,7060.83,2598385.44,2025-04-28,2025-04-30
PO00822,2026-03-23,S015,P054,WH-East,147,124,3739.53,463701.72,2026-04-02,2026-03-31
PO00823,2025-01-30,S021,P095,WH-North,177,173,4617.29,798791.17,2025-02-20,2025-02-24
PO00824,2025-03-29,S023,P028,WH-East,471,437,1287.42,562602.54,2025-04-15,2025-04-15
PO00825,2025-08-08,S003,P008,WH-North,368,323,5513.62,1780899.26,2025-08-19,2025-08-16
PO00826,2025-05-08,S001,P032,WH-East,255,255,6504.58,1658667.9,2025-05-31,2025-06-01
PO00827,2025-06-20,S007,P006,WH-East,141,116,514.64,59698.24,2025-07-13,2025-07-12
PO00828,2025-08-13,S017,P072,WH-South,318,278,5486.78,1525324.84,2025-08-29,2025-08-28
PO00829,2025-10-01,S005,P086,WH-East,393,392,2683.09,1051771.28,2025-10-16,2025-10-19
PO00830,2026-02-12,S019,P040,WH-South,252,231,5809.38,1341966.78,2026-03-05,2026-03-13
PO00831,2025-06-07,S022,P051,WH-South,430,404,366.79,148183.16,2025-06-28,2025-06-25
PO00832,2026-02-11,S002,P047,WH-North,101,98,7921.92,776348.16,2026-03-05,2026-03-04
PO00833,2025-01-30,S021,P095,WH-South,83,71,4617.29,327827.59,2025-02-18,2025-02-24
PO00834,2025-07-15,S003,P070,WH-East,25,22,2363.97,52007.34,2025-07-25,2025-07-27
PO00835,2025-06-18,S007,P068,WH-West,371,371,6782.27,2516222.17,2025-06-30,2025-07-04
PO00836,2025-12-10,S021,P007,WH-West,306,265,7730.21,2048505.65,2025-12-25,2025-12-27
PO00837,2026-02-03,S008,P098,WH-North,223,207,2306.64,477474.48,2026-02-20,2026-02-27
PO00838,2025-07-03,S001,P027,WH-East,106,93,3376.64,314027.52,2025-07-24,2025-07-24
PO00839,2026-05-27,S013,P066,WH-South,176,174,6590.35,1146720.9,2026-06-17,2026-06-21
PO00840,2025-07-21,S015,P054,WH-South,406,406,3739.53,1518249.18,2025-08-12,2025-08-18
PO00841,2025-08-06,S010,P014,WH-West,116,98,5698.83,558485.34,2025-08-26,2025-08-27
PO00842,2025-03-17,S022,P093,WH-South,378,355,7471.92,2652531.6,2025-04-06,2025-04-12
PO00843,2025-11-17,S007,P022,WH-South,239,235,7083.75,1664681.25,2025-11-25,2025-11-27
PO00844,2025-01-02,S025,P069,WH-East,229,225,5619.39,1264362.75,2025-01-23,2025-01-31
PO00845,2026-06-07,S009,P056,WH-West,127,115,765.88,88076.2,2026-06-19,2026-06-16
PO00846,2025-04-02,S010,P082,WH-East,233,202,5709.22,1153262.44,2025-04-26,2025-04-26
PO00847,2025-06-19,S020,P060,WH-North,167,150,1061.17,159175.5,2025-06-30,2025-07-07
PO00848,2025-11-01,S022,P051,WH-North,227,220,366.79,80693.8,2025-11-13,2025-11-13
PO00849,2025-03-23,S003,P016,WH-East,77,77,4791.69,368960.13,2025-03-28,2025-04-05
PO00850,2025-10-20,S007,P006,WH-East,263,245,514.64,126086.8,2025-10-26,2025-11-03
PO00851,2025-12-14,S019,P001,WH-West,76,65,1589.96,103347.4,2025-12-31,2026-01-01
PO00852,2025-08-11,S015,P012,WH-West,90,75,2355.34,176650.5,2025-08-17,2025-08-25
PO00853,2025-02-07,S015,P024,WH-South,279,279,3955.92,1103701.68,2025-02-16,2025-02-13
PO00854,2026-03-18,S012,P075,WH-South,61,56,4020.25,225134.0,2026-03-27,2026-03-27
PO00855,2025-05-13,S014,P043,WH-North,377,363,6183.15,2244483.45,2025-05-23,2025-05-30
PO00856,2025-07-24,S002,P034,WH-North,53,50,5330.87,266543.5,2025-08-15,2025-08-18
PO00857,2025-01-28,S022,P093,WH-North,293,292,7471.92,2181800.64,2025-02-17,2025-02-19
PO00858,2025-07-04,S005,P096,WH-West,372,325,4344.62,1412001.5,2025-07-25,2025-07-31
PO00859,2025-05-10,S022,P057,WH-West,212,193,606.82,117116.26,2025-05-23,2025-05-24
PO00860,2025-03-11,S012,P021,WH-East,387,387,2470.72,956168.64,2025-03-23,2025-03-30
PO00861,2025-08-05,S019,P040,WH-North,428,401,5809.38,2329561.38,2025-08-17,2025-08-14
PO00862,2025-09-06,S010,P033,WH-West,448,374,5454.17,2039859.58,2025-09-12,2025-09-16
PO00863,2026-04-17,S010,P033,WH-East,161,138,5454.17,752675.46,2026-04-30,2026-05-08
PO00864,2025-12-04,S023,P028,WH-East,286,248,1287.42,319280.16,2025-12-14,2025-12-15
PO00865,2026-01-20,S016,P100,WH-West,140,140,4482.47,627545.8,2026-02-12,2026-02-16
PO00866,2025-01-03,S005,P065,WH-North,455,393,5199.81,2043525.33,2025-01-08,2025-01-15
PO00867,2025-04-07,S013,P076,WH-East,273,271,1819.91,493195.61,2025-04-30,2025-05-02
PO00868,2026-05-22,S008,P046,WH-East,272,227,1480.52,336078.04,2026-05-27,2026-05-30
PO00869,2026-03-16,S010,P033,WH-North,283,242,5454.17,1319909.14,2026-04-02,2026-04-08
PO00870,2025-09-03,S025,P069,WH-North,335,333,5619.39,1871256.87,2025-09-14,2025-09-20
PO00871,2025-12-19,S013,P066,WH-North,317,317,6590.35,2089140.95,2026-01-05,2026-01-02
PO00872,2025-09-26,S020,P036,WH-North,163,139,6872.15,955228.85,2025-10-18,2025-10-20
PO00873,2025-06-30,S012,P088,WH-South,270,234,5620.86,1315281.24,2025-07-06,2025-07-05
PO00874,2026-04-22,S015,P054,WH-West,186,172,3739.53,643199.16,2026-04-29,2026-04-28
PO00875,2026-02-07,S012,P050,WH-West,120,100,1675.05,167505.0,2026-02-17,2026-02-16
PO00876,2025-06-30,S022,P051,WH-South,370,370,366.79,135712.3,2025-07-17,2025-07-19
PO00877,2025-02-26,S017,P052,WH-South,61,54,1367.08,73822.32,2025-03-22,2025-03-26
PO00878,2026-02-26,S012,P021,WH-West,421,386,2470.72,953697.92,2026-03-11,2026-03-19
PO00879,2025-02-15,S009,P030,WH-North,396,333,5123.21,1706028.93,2025-02-22,2025-02-21
PO00880,2025-03-27,S001,P015,WH-South,410,339,7332.43,2485693.77,2025-04-15,2025-04-14
PO00881,2026-01-23,S004,P009,WH-North,407,372,5350.8,1990497.6,2026-01-31,2026-02-01
PO00882,2025-06-27,S001,P032,WH-South,115,97,6504.58,630944.26,2025-07-18,2025-07-20
PO00883,2025-04-03,S017,P072,WH-East,498,471,5486.78,2584273.38,2025-04-24,2025-04-26
PO00884,2025-06-11,S003,P023,WH-North,477,467,1939.29,905648.43,2025-06-28,2025-07-01
PO00885,2025-08-14,S001,P027,WH-South,305,252,3376.64,850913.28,2025-08-29,2025-09-01
PO00886,2025-07-12,S019,P042,WH-South,197,186,4016.26,747024.36,2025-07-24,2025-07-31
PO00887,2025-05-26,S003,P008,WH-North,261,257,5513.62,1417000.34,2025-06-02,2025-06-01
PO00888,2025-09-11,S022,P093,WH-East,246,223,7471.92,1666238.16,2025-10-03,2025-10-04
PO00889,2026-06-06,S021,P011,WH-West,320,320,7695.2,2462464.0,2026-06-11,2026-06-08
PO00890,2026-05-02,S012,P021,WH-South,306,258,2470.72,637445.76,2026-05-14,2026-05-11
PO00891,2026-04-12,S017,P044,WH-North,498,441,3055.75,1347585.75,2026-04-25,2026-04-23
PO00892,2026-03-21,S021,P039,WH-South,65,56,1910.51,106988.56,2026-04-11,2026-04-19
PO00893,2026-02-10,S025,P094,WH-West,457,457,7900.12,3610354.84,2026-02-22,2026-03-02
PO00894,2025-11-11,S010,P033,WH-East,65,57,5454.17,310887.69,2025-11-26,2025-11-24
PO00895,2025-04-01,S017,P067,WH-North,244,219,3111.48,681414.12,2025-04-06,2025-04-09
PO00896,2026-01-31,S017,P055,WH-West,24,24,1236.07,29665.68,2026-02-06,2026-02-07
PO00897,2025-03-04,S008,P013,WH-South,285,285,272.75,77733.75,2025-03-23,Unknown
PO00898,2025-01-15,S020,P036,WH-West,129,129,6872.15,886507.35,2025-02-05,2025-02-08
PO00899,2026-02-26,S017,P087,WH-West,262,244,5608.98,1368591.12,2026-03-17,2026-03-25
PO00900,2025-08-04,S017,P026,WH-West,170,162,5615.99,909790.38,2025-08-26,2025-08-25
PO00901,2025-05-14,S014,P074,WH-South,26,23,7257.25,166916.75,2025-05-30,2025-05-29
PO00902,2025-10-21,S022,P038,WH-North,333,313,7793.26,2439290.38,2025-11-08,2025-11-08
PO00903,2026-06-11,S016,P100,WH-West,322,284,4482.47,1273021.48,2026-06-27,2026-06-28
PO00904,2025-11-24,S003,P023,WH-East,367,356,1939.29,690387.24,2025-11-30,2025-12-04
PO00905,2026-06-25,S003,P008,WH-South,296,261,5513.62,1439054.82,2026-07-15,2026-07-20
PO00906,2025-09-15,S010,P014,WH-East,178,177,5698.83,1008692.91,2025-10-08,2025-10-09
PO00907,2026-03-18,S015,P024,WH-North,174,148,3955.92,585476.16,2026-03-23,2026-03-27
PO00908,2025-06-11,S010,P082,WH-South,432,404,5709.22,2306524.88,2025-06-17,2025-06-16
PO00909,2026-03-03,S019,P040,WH-West,413,382,5809.38,2219183.16,2026-03-19,2026-03-26
PO00910,2025-01-24,S017,P025,WH-South,91,79,1867.3,147516.7,2025-02-01,2025-02-04
PO00911,2025-08-29,S025,P084,WH-East,156,129,6608.9,852548.1,2025-09-09,2025-09-08
PO00912,2025-04-12,S017,P025,WH-West,158,134,1867.3,250218.2,2025-05-03,2025-05-11
PO00913,2025-10-08,S007,P017,WH-East,169,169,5748.97,971575.93,2025-10-17,2025-10-25
PO00914,2026-03-01,S010,P004,WH-East,379,379,4269.34,1618079.86,2026-03-07,2026-03-13
PO00915,2026-06-29,S013,P085,WH-North,365,308,800.7,246615.6,2026-07-16,2026-07-15
PO00916,2025-10-26,S025,P084,WH-East,69,62,6608.9,409751.8,2025-11-07,2025-11-07
PO00917,2025-01-17,S013,P081,WH-South,120,110,7060.83,776691.3,2025-02-08,2025-02-06
PO00918,2025-01-07,S018,P099,WH-North,187,171,1041.43,178084.53,2025-01-15,2025-01-18
PO00919,2026-06-23,S001,P041,WH-North,85,75,7152.57,536442.75,2026-07-03,2026-07-05
PO00920,2026-02-07,S020,P060,WH-West,466,466,1061.17,494505.22,2026-02-20,2026-02-27
PO00921,2025-09-28,S017,P087,WH-North,261,261,5608.98,1463943.78,2025-10-12,2025-10-11
PO00922,2025-03-11,S013,P085,WH-South,166,137,800.7,109695.9,2025-03-19,2025-03-16
PO00923,2025-07-04,S014,P043,WH-East,261,248,6183.15,1533421.2,2025-07-12,2025-07-20
PO00924,2025-08-16,S015,P054,WH-North,135,113,3739.53,422566.89,2025-08-27,2025-09-02
PO00925,2025-03-10,S017,P052,WH-North,291,273,1367.08,373212.84,2025-03-28,2025-03-27
PO00926,2025-08-25,S012,P021,WH-South,151,150,2470.72,370608.0,2025-09-10,2025-09-10
PO00927,2025-07-16,S015,P024,WH-South,324,308,3955.92,1218423.36,2025-08-04,2025-08-10
PO00928,2026-05-29,S016,P037,WH-West,57,52,1418.79,73777.08,2026-06-19,2026-06-16
PO00929,2025-04-17,S010,P082,WH-West,154,154,5709.22,879219.88,2025-05-04,2025-05-08
PO00930,2025-05-26,S017,P044,WH-West,202,196,3055.75,598927.0,2025-05-31,2025-05-29
PO00931,2025-06-09,S020,P083,WH-East,33,29,1022.9,29664.1,2025-06-26,2025-06-25
PO00932,2025-08-27,S023,P005,WH-East,223,200,3730.15,746030.0,2025-09-16,2025-09-17
PO00933,2026-01-04,S005,P061,WH-West,104,101,6142.41,620383.41,2026-01-21,2026-01-26
PO00934,2025-05-06,S017,P044,WH-East,263,217,3055.75,663097.75,2025-05-19,2025-05-21
PO00935,2025-06-06,S013,P091,WH-South,309,257,2579.79,663006.03,2025-06-28,2025-06-27
PO00936,2026-04-13,S007,P006,WH-North,168,167,514.64,85944.88,2026-05-03,2026-05-02
PO00937,2026-04-12,S012,P078,WH-North,146,121,5690.78,688584.38,2026-05-06,2026-05-10
PO00938,2025-11-12,S001,P003,WH-South,439,420,5817.69,2443429.8,2025-11-28,2025-11-28
PO00939,2025-12-08,S005,P065,WH-East,338,299,5199.81,1554743.19,2025-12-20,2025-12-21
PO00940,2025-06-04,S019,P031,WH-West,317,312,1614.17,503621.04,2025-06-09,2025-06-09
PO00941,2025-05-16,S017,P055,WH-North,452,447,1236.07,552523.29,2025-06-02,2025-06-09
PO00942,2026-04-01,S023,P045,WH-West,90,90,7714.42,694297.8,2026-04-24,2026-04-29
PO00943,2025-02-01,S014,P074,WH-North,104,87,7257.25,631380.75,2025-02-18,2025-02-22
PO00944,2025-01-15,S017,P055,WH-South,157,142,1236.07,175521.94,2025-01-22,2025-01-25
PO00945,2025-05-08,S020,P060,WH-East,296,277,1061.17,293944.09,2025-05-13,2025-05-13
PO00946,2026-01-14,S019,P031,WH-North,132,132,1614.17,213070.44,2026-02-01,2026-02-06
PO00947,2026-02-28,S013,P081,WH-East,483,422,7060.83,2979670.26,2026-03-05,2026-03-12
PO00948,2025-04-06,S021,P039,WH-South,82,68,1910.51,129914.68,2025-04-15,2025-04-19
PO00949,2025-11-09,S010,P048,WH-South,108,93,6812.06,633521.58,2025-11-18,2025-11-22
PO00950,2025-04-28,S019,P080,WH-East,96,88,5694.0,501072.0,2025-05-13,2025-05-19
PO00951,2026-06-06,S001,P027,WH-North,402,384,3376.64,1296629.76,2026-06-29,2026-06-27
PO00952,2025-04-27,S003,P016,WH-North,138,132,4791.69,632503.08,2025-05-13,2025-05-14
PO00953,2025-12-14,S017,P052,WH-North,325,271,1367.08,370478.68,2025-12-26,2025-12-28
PO00954,2025-06-29,S010,P004,WH-West,302,294,4269.34,1255185.96,2025-07-13,2025-07-15
PO00955,2025-08-12,S019,P042,WH-West,248,236,4016.26,947837.36,2025-09-03,2025-09-08
PO00956,2025-08-12,S013,P091,WH-East,155,140,2579.79,361170.6,2025-08-25,2025-08-25
PO00957,2025-09-05,S015,P054,WH-East,433,405,3739.53,1514509.65,2025-09-20,2025-09-23
PO00958,2025-09-11,S004,P009,WH-North,498,485,5350.8,2595138.0,2025-09-20,2025-09-25
PO00959,2025-11-15,S017,P025,WH-South,142,124,1867.3,231545.2,2025-12-02,2025-12-03
PO00960,2025-01-25,S012,P088,WH-West,218,218,5620.86,1225347.48,2025-02-11,2025-02-18
PO00961,2025-05-18,S022,P058,WH-South,49,42,2347.48,98594.16,2025-05-26,2025-05-28
PO00962,2025-01-09,S025,P092,WH-North,37,37,7533.17,278727.29,2025-01-30,2025-01-27
PO00963,2025-10-29,S007,P018,WH-East,42,41,5728.7,234876.7,2025-11-16,2025-11-19
PO00964,2025-06-20,S017,P044,WH-North,57,54,3055.75,165010.5,2025-07-03,2025-07-04
PO00965,2026-05-27,S022,P090,WH-South,256,214,1950.75,417460.5,2026-06-02,2026-06-02
PO00966,2026-01-04,S014,P074,WH-South,267,267,7257.25,1937685.75,2026-01-12,2026-01-11
PO00967,2026-05-26,S025,P049,WH-West,380,334,2161.22,721847.48,2026-06-10,2026-06-07
PO00968,2026-01-10,S017,P044,WH-West,49,47,3055.75,143620.25,2026-01-24,2026-01-25
PO00969,2025-07-23,S008,P098,WH-West,138,138,2306.64,318316.32,2025-08-01,2025-07-31
PO00970,2025-02-26,S012,P075,WH-West,305,265,4020.25,1065366.25,2025-03-18,2025-03-22
PO00971,2025-01-25,S012,P078,WH-South,475,475,5690.78,2703120.5,2025-02-04,2025-02-12
PO00972,2026-01-26,S022,P038,WH-West,479,451,7793.26,3514760.26,2026-02-04,2026-02-04
PO00973,2025-02-24,S005,P065,WH-North,93,89,5199.81,462783.09,2025-03-13,2025-03-12
PO00974,2025-05-27,S013,P081,WH-North,90,90,7060.83,635474.7,2025-06-09,2025-06-17
PO00975,2026-06-28,S013,P081,WH-South,442,409,7060.83,2887879.47,2026-07-12,2026-07-09
PO00976,2025-03-28,S014,P010,WH-South,292,265,6761.94,1791914.1,2025-04-03,2025-04-11
PO00977,2025-03-13,S004,P063,WH-South,499,472,4099.62,1935020.64,2025-04-01,2025-04-07
PO00978,2026-06-18,S025,P094,WH-South,344,320,7900.12,2528038.4,2026-07-04,2026-07-02
PO00979,2025-05-16,S008,P046,WH-East,381,317,1480.52,469324.84,2025-06-01,2025-06-07
PO00980,2025-02-15,S009,P097,WH-North,232,199,6093.09,1212524.91,2025-02-22,2025-02-20
PO00981,2026-06-01,S022,P002,WH-East,498,410,6949.48,2849286.8,2026-06-20,2026-06-17
PO00982,2025-01-12,S002,P020,WH-South,455,383,1946.07,745344.81,2025-02-04,2025-02-08
PO00983,2025-01-27,S005,P096,WH-South,354,342,4344.62,1485860.04,2025-02-13,2025-02-14
PO00984,2025-03-25,S001,P003,WH-West,160,131,5817.69,762117.39,2025-04-01,2025-03-30
PO00985,2025-02-21,S020,P036,WH-East,257,226,6872.15,1553105.9,2025-03-10,2025-03-14
PO00986,2025-03-15,S023,P005,WH-East,26,24,3730.15,89523.6,2025-03-24,2025-03-30
PO00987,2026-05-05,S002,P020,WH-East,235,235,1946.07,457326.45,2026-05-20,2026-05-21
PO00988,2026-03-31,S001,P003,WH-West,87,77,5817.69,447962.13,2026-04-21,2026-04-27
PO00989,2025-09-05,S001,P003,WH-South,335,327,5817.69,1902384.63,2025-09-28,2025-09-29
PO00990,2025-01-12,S016,P100,WH-North,124,112,4482.47,502036.64,2025-02-05,2025-02-03
PO00991,2025-12-02,S003,P070,WH-North,486,408,2363.97,964499.76,2025-12-18,2025-12-22
PO00992,2025-09-11,S016,P100,WH-East,449,377,4482.47,1689891.19,2025-09-20,2025-09-19
PO00993,2025-04-14,S012,P088,WH-West,54,49,5620.86,275422.14,2025-05-05,2025-05-05
PO00994,2025-11-11,S002,P047,WH-West,48,40,7921.92,316876.8,2025-12-04,2025-12-05
PO00995,2025-03-09,S016,P037,WH-East,375,350,1418.79,496576.5,2025-03-24,2025-03-30
PO00996,2026-05-16,S003,P008,WH-East,138,127,5513.62,700229.74,2026-05-22,2026-05-27
PO00997,2025-06-21,S019,P080,WH-South,53,51,5694.0,290394.0,2025-07-01,2025-06-29
PO00998,2025-05-23,S019,P001,WH-East,411,352,1589.96,559665.92,2025-05-30,2025-06-03
PO00999,2025-07-16,S012,P078,WH-South,469,440,5690.78,2503943.2,2025-08-04,2025-08-05
PO01000,2025-06-22,S023,P045,WH-West,279,239,7714.42,1843746.38,2025-07-14,2025-07-21
PO01001,2026-06-06,S014,P074,WH-North,341,329,7257.25,2387635.25,2026-06-27,2026-07-02
PO01002,2025-07-09,S014,P010,WH-South,369,325,6761.94,2197630.5,2025-07-28,2025-08-02
PO01003,2025-01-12,S005,P086,WH-East,332,313,2683.09,839807.17,2025-01-18,2025-01-24
PO01004,2025-01-29,S021,P095,WH-South,368,367,4617.29,1694545.43,2025-02-07,2025-02-15
PO01005,2025-03-29,S007,P068,WH-West,151,139,6782.27,942735.53,2025-04-07,2025-04-06
PO01006,2026-04-18,S014,P043,WH-West,360,309,6183.15,1910593.35,2026-05-01,2026-05-09
PO01007,2025-04-21,S017,P087,WH-South,220,219,5608.98,1228366.62,2025-05-01,2025-05-06
PO01008,2026-02-25,S001,P041,WH-South,469,418,7152.57,2989774.26,2026-03-20,2026-03-23
PO01009,2025-03-10,S015,P012,WH-South,423,409,2355.34,963334.06,2025-03-24,2025-03-29
PO01010,2025-04-29,S003,P008,WH-South,132,117,5513.62,645093.54,2025-05-22,2025-05-25
PO01011,2026-02-28,S023,P045,WH-West,116,102,7714.42,786870.84,2026-03-23,2026-03-27
PO01012,2025-09-04,S012,P088,WH-West,330,313,5620.86,1759329.18,2025-09-24,2025-09-24
PO01013,2025-01-22,S019,P001,WH-South,25,21,1589.96,33389.16,2025-02-07,2025-02-08
PO01014,2026-02-03,S017,P026,WH-North,48,48,5615.99,269567.52,2026-02-16,2026-02-24
PO01015,2026-05-13,S005,P086,WH-West,355,319,2683.09,855905.71,2026-05-20,2026-05-22
PO01016,2025-11-22,S004,P089,WH-West,375,309,3726.91,1151615.19,2025-12-13,2025-12-13
PO01017,2025-07-11,S019,P031,WH-North,408,359,1614.17,579487.03,2025-07-25,2025-07-29
PO01018,2025-12-18,S009,P056,WH-North,184,180,765.88,137858.4,2026-01-09,2026-01-10
PO01019,2026-02-08,S008,P098,WH-East,412,409,2306.64,943415.76,2026-02-19,2026-02-18
PO01020,2026-03-03,S016,P037,WH-North,499,466,1418.79,661156.14,2026-03-14,2026-03-11
PO01021,2025-11-19,S012,P075,WH-East,56,49,4020.25,196992.25,2025-12-02,2025-11-29
PO01022,2025-08-15,S010,P004,WH-North,442,409,4269.34,1746160.06,2025-09-04,2025-09-08
PO01023,2025-06-29,S017,P072,WH-South,82,81,5486.78,444429.18,2025-07-14,2025-07-13
PO01024,2026-04-23,S017,P044,WH-South,258,228,3055.75,696711.0,2026-05-06,2026-05-13
PO01025,2026-02-19,S018,P099,WH-North,269,241,1041.43,250984.63,2026-02-24,2026-03-02
PO01026,2025-11-09,S004,P089,WH-North,204,189,3726.91,704385.99,2025-11-25,2025-11-25
PO01027,2025-06-03,S021,P095,WH-East,266,265,4617.29,1223581.85,2025-06-10,2025-06-13
PO01028,2025-02-05,S025,P049,WH-East,59,55,2161.22,118867.1,2025-03-01,2025-02-26
PO01029,2025-05-02,S017,P087,WH-East,496,427,5608.98,2395034.46,2025-05-25,2025-05-27
PO01030,2025-07-01,S019,P040,WH-West,83,70,5809.38,406656.6,2025-07-13,2025-07-10
PO01031,2026-03-02,S007,P068,WH-South,242,203,6782.27,1376800.81,2026-03-13,2026-03-12
PO01032,2025-04-14,S016,P100,WH-North,141,141,4482.47,632028.27,2025-04-23,2025-04-23
PO01033,2025-03-23,S023,P071,WH-East,150,148,3389.05,501579.4,2025-04-01,2025-04-08
PO01034,2026-06-20,S014,P010,WH-North,318,309,6761.94,2089439.46,2026-07-14,2026-07-17
PO01035,2025-12-04,S003,P070,WH-North,144,132,2363.97,312044.04,2025-12-13,2025-12-11
PO01036,2025-04-13,S021,P095,WH-West,44,42,4617.29,193926.18,2025-04-29,2025-05-03
PO01037,2025-09-21,S010,P004,WH-North,330,279,4269.34,1191145.86,2025-10-15,2025-10-17
PO01038,2025-08-19,S012,P021,WH-West,381,360,2470.72,889459.2,2025-08-28,2025-09-03
PO01039,2025-07-01,S019,P042,WH-West,55,54,4016.26,216878.04,2025-07-12,2025-07-10
PO01040,2025-08-15,S025,P084,WH-West,127,106,6608.9,700543.4,2025-08-20,2025-08-19
PO01041,2026-05-15,S013,P081,WH-South,205,180,7060.83,1270949.4,2026-06-07,2026-06-07
PO01042,2026-05-26,S007,P006,WH-West,480,404,514.64,207914.56,2026-06-01,2026-06-03
PO01043,2025-01-03,S021,P011,WH-South,122,106,7695.2,815691.2,2025-01-19,2025-01-16
PO01044,2026-04-21,S010,P082,WH-West,38,37,5709.22,211241.14,2026-05-05,2026-05-06
PO01045,2025-11-26,S017,P073,WH-West,206,183,4048.01,740785.83,2025-12-16,2025-12-20
PO01046,2025-11-17,S015,P012,WH-West,419,401,2355.34,944491.34,2025-12-02,2025-12-10
PO01047,2025-07-03,S019,P031,WH-West,253,247,1614.17,398699.99,2025-07-25,2025-07-28
PO01048,2025-06-29,S019,P031,WH-East,113,111,1614.17,179172.87,2025-07-15,2025-07-22
PO01049,2025-05-05,S014,P043,WH-North,250,249,6183.15,1539604.35,2025-05-18,2025-05-17
PO01050,2026-03-16,S022,P058,WH-West,374,351,2347.48,823965.48,2026-03-27,2026-04-03
PO01051,2026-01-30,S012,P050,WH-East,405,355,1675.05,594642.75,2026-02-10,2026-02-08
PO01052,2026-01-20,S008,P098,WH-North,147,125,2306.64,288330.0,2026-02-06,2026-02-04
PO01053,2025-04-22,S019,P080,WH-North,468,431,5694.0,2454114.0,2025-05-16,2025-05-22
PO01054,2025-07-21,S001,P041,WH-North,334,281,7152.57,2009872.17,2025-08-07,2025-08-08
PO01055,2025-11-24,S013,P076,WH-South,323,323,1819.91,587830.93,2025-12-18,2025-12-22
PO01056,2026-02-12,S023,P077,WH-West,401,364,7797.85,2838417.4,2026-02-21,2026-02-23
PO01057,2025-09-22,S020,P036,WH-South,278,276,6872.15,1896713.4,2025-10-10,2025-10-12
PO01058,2026-03-19,S023,P077,WH-North,429,413,7797.85,3220512.05,2026-04-08,2026-04-11
PO01059,2025-09-11,S017,P044,WH-East,367,364,3055.75,1112293.0,2025-09-28,2025-09-25
PO01060,2025-03-11,S013,P066,WH-East,494,492,6590.35,3242452.2,2025-03-27,2025-03-26
PO01061,2026-06-19,S001,P015,WH-South,417,346,7332.43,2537020.78,2026-06-24,2026-07-01
PO01062,2025-12-08,S023,P077,WH-West,261,252,7797.85,1965058.2,2025-12-20,2025-12-21
PO01063,2025-08-01,S002,P034,WH-North,134,116,5330.87,618380.92,2025-08-13,2025-08-16
PO01064,2025-05-03,S022,P090,WH-West,171,171,1950.75,333578.25,2025-05-22,2025-05-24
PO01065,2026-06-21,S003,P070,WH-South,438,427,2363.97,1009415.19,2026-06-28,2026-06-25
PO01066,2025-07-14,S013,P085,WH-East,135,111,800.7,88877.7,2025-07-26,2025-07-31
PO01067,2025-09-27,S017,P044,WH-East,491,491,3055.75,1500373.25,2025-10-19,2025-10-18
PO01068,2026-05-05,S010,P033,WH-South,281,247,5454.17,1347179.99,2026-05-16,2026-05-24
PO01069,2025-03-07,S009,P079,WH-North,268,242,6732.07,1629160.94,2025-03-23,2025-03-26
PO01070,2025-07-18,S018,P099,WH-South,209,197,1041.43,205161.71,2025-08-06,2025-08-14
PO01071,2025-05-22,S025,P092,WH-South,498,498,7533.17,3751518.66,2025-06-03,2025-05-31
PO01072,2025-08-29,S007,P006,WH-South,240,240,514.64,123513.6,2025-09-18,2025-09-15
PO01073,2025-07-28,S019,P040,WH-North,275,256,5809.38,1487201.28,2025-08-06,2025-08-13
PO01074,2025-05-06,S007,P006,WH-North,311,275,514.64,141526.0,2025-05-15,2025-05-12
PO01075,2025-09-23,S012,P075,WH-East,304,266,4020.25,1069386.5,2025-10-06,2025-10-14
PO01076,2025-12-21,S010,P014,WH-West,160,143,5698.83,814932.69,2026-01-07,2026-01-07
PO01077,2025-06-25,S013,P085,WH-North,411,352,800.7,281846.4,2025-07-14,2025-07-11
PO01078,2026-01-22,S025,P084,WH-North,162,155,6608.9,1024379.5,2026-02-03,2026-01-31
PO01079,2025-02-16,S023,P005,WH-North,308,285,3730.15,1063092.75,2025-03-04,2025-03-09
PO01080,2025-06-16,S023,P045,WH-South,270,263,7714.42,2028892.46,2025-07-10,2025-07-14
PO01081,2025-08-05,S022,P059,WH-West,364,305,524.57,159993.85,2025-08-18,2025-08-19
PO01082,2025-10-26,S017,P073,WH-East,163,147,4048.01,595057.47,2025-11-14,2025-11-12
PO01083,2025-12-05,S025,P094,WH-East,104,90,7900.12,711010.8,2025-12-24,2025-12-27
PO01084,2025-04-13,S014,P043,WH-South,199,184,6183.15,1137699.6,2025-04-30,Unknown
PO01085,2025-03-27,S001,P053,WH-East,120,110,6607.41,726815.1,2025-04-15,2025-04-12
PO01086,2025-08-14,S001,P027,WH-South,256,233,3376.64,786757.12,2025-08-23,2025-08-30
PO01087,2026-05-16,S025,P069,WH-South,356,314,5619.39,1764488.46,2026-05-30,2026-06-04
PO01088,2026-01-03,S025,P069,WH-North,437,422,5619.39,2371382.58,2026-01-19,2026-01-16
PO01089,2025-01-03,S010,P048,WH-North,224,205,6812.06,1396472.3,2025-01-24,2025-01-23
PO01090,2025-11-16,S009,P079,WH-North,309,266,6732.07,1790730.62,2025-11-29,2025-12-01
PO01091,2025-01-24,S017,P073,WH-West,146,136,4048.01,550529.36,2025-02-02,2025-02-02
PO01092,2026-04-19,S017,P025,WH-West,446,419,1867.3,782398.7,2026-05-02,2026-04-30
PO01093,2026-06-09,S003,P008,WH-East,464,382,5513.62,2106202.84,2026-06-18,2026-06-19
PO01094,2025-08-06,S012,P078,WH-West,482,415,5690.78,2361673.7,2025-08-24,2025-08-30
PO01095,2026-05-11,S001,P032,WH-North,380,330,6504.58,2146511.4,2026-05-22,2026-05-19
PO01096,2025-04-12,S021,P095,WH-West,297,258,4617.29,1191260.82,2025-04-25,2025-04-22
PO01097,2025-01-30,S005,P061,WH-East,326,283,6142.41,1738302.03,2025-02-15,2025-02-22
PO01098,2026-04-12,S017,P087,WH-North,279,244,5608.98,1368591.12,2026-04-21,2026-04-23
PO01099,2025-07-22,S019,P001,WH-West,272,237,1589.96,376820.52,2025-08-02,2025-08-09
PO01100,2025-06-02,S019,P031,WH-North,196,195,1614.17,314763.15,2025-06-11,2025-06-16
PO01101,2025-02-12,S023,P071,WH-East,258,228,3389.05,772703.4,2025-03-08,2025-03-14
PO01102,2026-02-18,S001,P015,WH-East,186,166,7332.43,1217183.38,2026-03-11,2026-03-14
PO01103,2026-03-19,S003,P070,WH-North,234,204,2363.97,482249.88,2026-04-03,2026-04-09
PO01104,2025-05-31,S003,P016,WH-South,224,224,4791.69,1073338.56,2025-06-09,2025-06-09
PO01105,2025-02-13,S012,P078,WH-East,219,203,5690.78,1155228.34,2025-02-21,2025-02-25
PO01106,2025-09-14,S013,P081,WH-West,20,19,7060.83,134155.77,2025-09-19,2025-09-16
PO01107,2026-05-05,S014,P074,WH-East,188,182,7257.25,1320819.5,2026-05-10,2026-05-11
PO01108,2025-04-13,S022,P093,WH-North,453,402,7471.92,3003711.84,2025-05-01,2025-04-29
PO01109,2025-07-27,S017,P072,WH-North,484,484,5486.78,2655601.52,2025-08-09,2025-08-16
PO01110,2026-01-29,S022,P057,WH-East,292,248,606.82,150491.36,2026-02-03,2026-02-02
PO01111,2025-04-18,S021,P011,WH-North,283,258,7695.2,1985361.6,2025-04-30,2025-05-06
PO01112,2025-11-25,S007,P018,WH-South,86,73,5728.7,418195.1,2025-12-12,2025-12-12
PO01113,2025-11-30,S023,P045,WH-East,368,360,7714.42,2777191.2,2025-12-13,2025-12-10
PO01114,2026-05-23,S002,P020,WH-South,137,115,1946.07,223798.05,2026-06-11,2026-06-12
PO01115,2026-03-02,S019,P080,WH-East,105,98,5694.0,558012.0,2026-03-17,2026-03-23
PO01116,2025-08-21,S013,P091,WH-South,254,214,2579.79,552075.06,2025-08-29,Unknown
PO01117,2026-03-27,S017,P087,WH-West,341,310,5608.98,1738783.8,2026-04-08,2026-04-15
PO01118,2025-09-24,S010,P014,WH-North,277,243,5698.83,1384815.69,2025-10-11,2025-10-08
PO01119,2026-05-31,S013,P076,WH-North,36,36,1819.91,65516.76,2026-06-21,2026-06-21
PO01120,2026-01-14,S001,P027,WH-East,92,76,3376.64,256624.64,2026-01-22,2026-01-20
PO01121,2026-04-29,S023,P077,WH-East,180,171,7797.85,1333432.35,2026-05-13,2026-05-10
PO01122,2025-03-20,S019,P080,WH-South,496,476,5694.0,2710344.0,2025-03-26,2025-03-27
PO01123,2025-08-30,S009,P097,WH-North,240,239,6093.09,1456248.51,2025-09-18,2025-09-26
PO01124,2026-02-10,S012,P088,WH-North,201,200,5620.86,1124172.0,2026-03-06,2026-03-13
PO01125,2025-10-03,S013,P076,WH-South,383,383,1819.91,697025.53,2025-10-25,2025-10-22
PO01126,2025-06-27,S004,P009,WH-West,268,233,5350.8,1246736.4,2025-07-15,2025-07-19
PO01127,2026-06-27,S008,P013,WH-West,473,414,272.75,112918.5,2026-07-04,2026-07-02
PO01128,2025-11-27,S023,P045,WH-West,126,113,7714.42,871729.46,2025-12-02,2025-12-03
PO01129,2026-04-29,S003,P008,WH-East,409,379,5513.62,2089661.98,2026-05-06,2026-05-05
PO01130,2026-05-31,S009,P056,WH-South,455,407,765.88,311713.16,2026-06-17,2026-06-19
PO01131,2025-09-27,S010,P082,WH-South,120,116,5709.22,662269.52,2025-10-09,2025-10-11
PO01132,2025-06-23,S013,P091,WH-West,320,263,2579.79,678484.77,2025-07-14,2025-07-18
PO01133,2026-04-22,S009,P097,WH-South,276,227,6093.09,1383131.43,2026-05-12,2026-05-19
PO01134,2025-04-02,S021,P007,WH-South,355,342,7730.21,2643731.82,2025-04-22,2025-04-23
PO01135,2026-05-25,S023,P077,WH-West,326,325,7797.85,2534301.25,2026-06-10,2026-06-11
PO01136,2026-06-29,S001,P015,WH-East,414,404,7332.43,2962301.72,2026-07-22,2026-07-23
PO01137,2026-02-18,S008,P098,WH-South,297,250,2306.64,576660.0,2026-03-10,2026-03-15
PO01138,2025-05-17,S009,P056,WH-North,181,181,765.88,138624.28,2025-06-05,2025-06-03
PO01139,2025-03-30,S025,P084,WH-East,404,373,6608.9,2465119.7,2025-04-12,2025-04-11
PO01140,2025-02-12,S009,P056,WH-South,352,341,765.88,261165.08,2025-03-04,2025-03-04
PO01141,2025-12-10,S016,P037,WH-South,68,58,1418.79,82289.82,2025-12-16,2025-12-19
PO01142,2025-10-23,S012,P064,WH-North,385,358,6957.51,2490788.58,2025-11-06,2025-11-12
PO01143,2025-12-07,S007,P017,WH-South,324,287,5748.97,1649954.39,2025-12-23,2025-12-31
PO01144,2025-11-14,S022,P093,WH-North,189,189,7471.92,1412192.88,2025-12-06,2025-12-03
PO01145,2025-02-04,S012,P021,WH-North,111,102,2470.72,252013.44,2025-02-26,2025-02-25
PO01146,2025-06-20,S012,P078,WH-South,452,439,5690.78,2498252.42,2025-06-28,2025-07-04
PO01147,2026-06-07,S022,P093,WH-East,288,271,7471.92,2024890.32,2026-06-13,2026-06-16
PO01148,2026-01-21,S005,P086,WH-East,249,209,2683.09,560765.81,2026-02-01,2026-02-05
PO01149,2025-12-01,S017,P052,WH-South,369,343,1367.08,468908.44,2025-12-24,2025-12-22
PO01150,2025-03-20,S010,P033,WH-South,269,250,5454.17,1363542.5,2025-04-04,2025-04-11
PO01151,2025-05-13,S023,P077,WH-West,247,238,7797.85,1855888.3,2025-05-30,2025-05-29
PO01152,2026-01-07,S021,P095,WH-West,215,190,4617.29,877285.1,2026-01-31,2026-02-03
PO01153,2025-06-17,S015,P012,WH-West,161,160,2355.34,376854.4,2025-07-08,2025-07-11
PO01154,2025-08-24,S005,P096,WH-East,439,415,4344.62,1803017.3,2025-09-07,2025-09-06
PO01155,2026-06-17,S008,P046,WH-West,203,168,1480.52,248727.36,2026-07-07,2026-07-13
PO01156,2026-05-08,S003,P070,WH-South,234,225,2363.97,531893.25,2026-06-01,2026-06-02
PO01157,2025-11-23,S012,P075,WH-South,88,88,4020.25,353782.0,2025-12-13,2025-12-16
PO01158,2025-06-04,S017,P087,WH-North,65,62,5608.98,347756.76,2025-06-28,2025-06-27
PO01159,2025-03-07,S023,P071,WH-East,34,30,3389.05,101671.5,2025-03-31,2025-04-04
PO01160,2026-06-22,S022,P057,WH-West,362,340,606.82,206318.8,2026-07-12,2026-07-20
PO01161,2025-12-31,S002,P020,WH-North,155,132,1946.07,256881.24,2026-01-23,2026-01-23
PO01162,2025-07-19,S007,P068,WH-East,141,133,6782.27,902041.91,2025-08-05,2025-08-12
PO01163,2026-05-27,S013,P085,WH-North,203,187,800.7,149730.9,2026-06-20,2026-06-23
PO01164,2026-05-27,S017,P044,WH-East,286,236,3055.75,721157.0,2026-06-11,2026-06-09
PO01165,2026-05-13,S009,P030,WH-East,218,193,5123.21,988779.53,2026-05-29,2026-05-30
PO01166,2025-02-09,S017,P025,WH-North,426,366,1867.3,683431.8,2025-03-02,2025-03-04
PO01167,2025-09-29,S019,P031,WH-West,192,172,1614.17,277637.24,2025-10-18,2025-10-15
PO01168,2025-08-12,S022,P002,WH-South,129,112,6949.48,778341.76,2025-08-19,2025-08-26
PO01169,2025-06-09,S025,P084,WH-West,124,122,6608.9,806285.8,2025-06-22,2025-06-27
PO01170,2025-02-04,S015,P054,WH-East,430,413,3739.53,1544425.89,2025-02-18,2025-02-23
PO01171,2026-02-03,S010,P014,WH-South,306,296,5698.83,1686853.68,2026-02-19,2026-02-19
PO01172,2026-03-02,S003,P023,WH-South,194,173,1939.29,335497.17,2026-03-15,2026-03-16
PO01173,2025-05-01,S025,P069,WH-West,379,311,5619.39,1747630.29,2025-05-10,2025-05-15
PO01174,2026-03-10,S017,P052,WH-West,341,295,1367.08,403288.6,2026-03-16,2026-03-22
PO01175,2026-02-20,S020,P083,WH-West,383,372,1022.9,380518.8,2026-03-09,2026-03-16
PO01176,2025-10-13,S012,P050,WH-North,387,364,1675.05,609718.2,2025-10-28,2025-10-26
PO01177,2026-02-12,S023,P071,WH-South,498,462,3389.05,1565741.1,2026-02-25,2026-02-26
PO01178,2026-02-09,S013,P085,WH-South,80,70,800.7,56049.0,2026-02-21,2026-02-21
PO01179,2025-06-19,S010,P033,WH-East,283,236,5454.17,1287184.12,2025-07-08,2025-07-06
PO01180,2026-05-23,S025,P084,WH-East,340,332,6608.9,2194154.8,2026-06-12,2026-06-10
PO01181,2025-12-02,S004,P009,WH-East,428,354,5350.8,1894183.2,2025-12-16,2025-12-21
PO01182,2026-05-03,S021,P095,WH-West,292,243,4617.29,1122001.47,2026-05-09,2026-05-15
PO01183,2025-08-19,S003,P008,WH-South,177,156,5513.62,860124.72,2025-09-07,2025-09-15
PO01184,2025-04-10,S012,P075,WH-West,427,399,4020.25,1604079.75,2025-05-02,2025-05-06
PO01185,2025-01-02,S021,P007,WH-West,242,242,7730.21,1870710.82,2025-01-19,2025-01-25
PO01186,2026-05-24,S012,P021,WH-East,134,112,2470.72,276720.64,2026-06-02,2026-06-08
PO01187,2026-06-12,S025,P092,WH-East,273,250,7533.17,1883292.5,2026-07-05,2026-07-09
PO01188,2025-09-20,S001,P053,WH-East,327,307,6607.41,2028474.87,2025-09-25,2025-09-29
PO01189,2026-02-03,S001,P015,WH-North,82,81,7332.43,593926.83,2026-02-10,2026-02-11
PO01190,2025-01-23,S017,P072,WH-South,80,77,5486.78,422482.06,2025-02-06,2025-02-06
PO01191,2025-09-04,S017,P052,WH-West,275,270,1367.08,369111.6,2025-09-23,2025-09-29
PO01192,2025-09-14,S013,P076,WH-North,96,89,1819.91,161971.99,2025-10-04,2025-10-03
PO01193,2025-03-10,S025,P069,WH-North,461,418,5619.39,2348905.02,2025-03-18,2025-03-16
PO01194,2026-02-01,S017,P072,WH-North,394,372,5486.78,2041082.16,2026-02-25,2026-03-03
PO01195,2025-10-12,S016,P037,WH-East,482,482,1418.79,683856.78,2025-10-19,2025-10-20
PO01196,2025-05-26,S012,P078,WH-North,109,101,5690.78,574768.78,2025-06-04,2025-06-08
PO01197,2026-01-21,S010,P004,WH-South,307,289,4269.34,1233839.26,2026-01-28,2026-01-29
PO01198,2025-10-10,S013,P091,WH-North,384,341,2579.79,879708.39,2025-10-22,2025-10-25
PO01199,2025-10-25,S009,P079,WH-North,310,291,6732.07,1959032.37,2025-11-04,2025-11-05
PO01200,2026-05-16,S025,P084,WH-West,291,275,6608.9,1817447.5,2026-06-04,2026-06-10
PO01201,2025-08-10,S005,P061,WH-South,156,151,6142.41,927503.91,2025-08-20,2025-08-25
PO01202,2025-05-18,S007,P022,WH-East,294,275,7083.75,1948031.25,2025-05-29,2025-06-02
PO01203,2026-06-05,S025,P049,WH-West,443,381,2161.22,823424.82,2026-06-17,2026-06-21
PO01204,2026-05-30,S020,P036,WH-West,59,55,6872.15,377968.25,2026-06-19,2026-06-16
PO01205,2025-12-08,S025,P094,WH-West,193,170,7900.12,1343020.4,2025-12-25,2025-12-26
PO01206,2025-02-07,S009,P097,WH-North,128,107,6093.09,651960.63,2025-02-16,2025-02-21
PO01207,2026-04-04,S004,P063,WH-South,150,148,4099.62,606743.76,2026-04-28,2026-05-05
PO01208,2025-03-11,S025,P092,WH-North,173,144,7533.17,1084776.48,2025-03-17,2025-03-21
PO01209,2025-01-02,S022,P038,WH-West,376,356,7793.26,2774400.56,2025-01-20,2025-01-17
PO01210,2025-05-16,S019,P040,WH-North,91,91,5809.38,528653.58,2025-06-07,2025-06-12
PO01211,2025-08-01,S012,P064,WH-East,345,289,6957.51,2010720.39,2025-08-23,2025-08-29
PO01212,2025-03-24,S007,P068,WH-South,24,21,6782.27,142427.67,2025-04-15,2025-04-12
PO01213,2025-12-21,S009,P056,WH-West,232,226,765.88,173088.88,2026-01-09,Unknown
PO01214,2025-05-21,S010,P014,WH-West,302,253,5698.83,1441803.99,2025-05-30,2025-06-05
PO01215,2026-01-31,S022,P002,WH-North,191,188,6949.48,1306502.24,2026-02-06,2026-02-03
PO01216,2025-08-29,S004,P063,WH-North,313,257,4099.62,1053602.34,2025-09-13,2025-09-17
PO01217,2025-10-28,S013,P019,WH-West,475,474,4142.28,1963440.72,2025-11-21,2025-11-28
PO01218,2025-05-21,S012,P078,WH-West,233,194,5690.78,1104011.32,2025-06-04,2025-06-02
PO01219,2025-06-01,S023,P071,WH-South,490,490,3389.05,1660634.5,2025-06-10,2025-06-12
PO01220,2025-08-02,S004,P009,WH-North,108,107,5350.8,572535.6,2025-08-08,2025-08-06
PO01221,2026-04-19,S010,P033,WH-East,90,84,5454.17,458150.28,2026-05-05,2026-05-03
PO01222,2025-07-08,S012,P088,WH-South,353,344,5620.86,1933575.84,2025-07-29,2025-07-26
PO01223,2025-05-13,S005,P061,WH-East,403,336,6142.41,2063849.76,2025-05-22,2025-05-24
PO01224,2025-03-21,S013,P085,WH-South,188,159,800.7,127311.3,2025-04-12,2025-04-13
PO01225,2025-04-11,S017,P044,WH-West,333,298,3055.75,910613.5,2025-05-01,2025-05-01
PO01226,2025-12-24,S005,P065,WH-North,432,401,5199.81,2085123.81,2026-01-05,2026-01-13
PO01227,2025-03-05,S013,P085,WH-South,484,481,800.7,385136.7,2025-03-13,2025-03-13
PO01228,2026-06-08,S022,P057,WH-West,454,422,606.82,256078.04,2026-06-16,2026-06-21
PO01229,2025-12-31,S015,P024,WH-West,217,207,3955.92,818875.44,2026-01-08,2026-01-15
PO01230,2025-04-19,S017,P044,WH-South,115,110,3055.75,336132.5,2025-05-10,2025-05-08
PO01231,2025-07-06,S007,P068,WH-South,338,336,6782.27,2278842.72,2025-07-30,2025-08-05
PO01232,2026-02-09,S007,P006,WH-North,38,37,514.64,19041.68,2026-02-23,2026-02-26
PO01233,2025-12-18,S017,P067,WH-West,174,174,3111.48,541397.52,2025-12-23,2025-12-24
PO01234,2025-07-25,S002,P034,WH-West,113,93,5330.87,495770.91,2025-08-16,2025-08-22
PO01235,2025-02-16,S017,P025,WH-North,389,335,1867.3,625545.5,2025-03-07,2025-03-12
PO01236,2025-04-09,S001,P027,WH-West,72,72,3376.64,243118.08,2025-04-23,2025-04-23
PO01237,2026-05-20,S007,P018,WH-East,372,364,5728.7,2085246.8,2026-06-09,2026-06-11
PO01238,2025-08-22,S023,P005,WH-West,448,391,3730.15,1458488.65,2025-08-30,2025-08-28
PO01239,2026-02-27,S012,P088,WH-East,30,30,5620.86,168625.8,2026-03-21,2026-03-18
PO01240,2025-08-05,S005,P096,WH-North,395,393,4344.62,1707435.66,2025-08-20,2025-08-28
PO01241,2025-06-23,S013,P085,WH-North,124,103,800.7,82472.1,2025-07-05,2025-07-02
PO01242,2026-03-17,S017,P044,WH-South,29,28,3055.75,85561.0,2026-03-22,2026-03-22
PO01243,2025-04-16,S008,P098,WH-North,240,234,2306.64,539753.76,2025-04-22,2025-04-29
PO01244,2026-02-15,S022,P093,WH-East,361,312,7471.92,2331239.04,2026-03-08,2026-03-13
PO01245,2026-02-17,S023,P005,WH-North,39,37,3730.15,138015.55,2026-03-13,2026-03-12
PO01246,2025-04-23,S005,P061,WH-East,166,166,6142.41,1019640.06,2025-05-16,2025-05-24
PO01247,2025-05-26,S025,P092,WH-North,363,347,7533.17,2614009.99,2025-06-09,2025-06-08
PO01248,2025-03-25,S007,P006,WH-West,495,486,514.64,250115.04,2025-04-06,2025-04-14
PO01249,2026-05-28,S012,P075,WH-North,274,230,4020.25,924657.5,2026-06-10,2026-06-18
PO01250,2026-06-20,S021,P039,WH-South,149,144,1910.51,275113.44,2026-07-04,2026-07-07
PO01251,2025-10-25,S003,P008,WH-East,443,381,5513.62,2100689.22,2025-11-18,2025-11-22
PO01252,2025-07-07,S018,P099,WH-North,266,222,1041.43,231197.46,2025-07-16,2025-07-23
PO01253,2025-04-21,S012,P075,WH-West,165,154,4020.25,619118.5,2025-05-04,2025-05-06
PO01254,2026-06-20,S025,P084,WH-South,101,98,6608.9,647672.2,2026-07-05,2026-07-02
PO01255,2025-02-25,S014,P043,WH-West,21,20,6183.15,123663.0,2025-03-19,2025-03-21
PO01256,2026-04-19,S005,P086,WH-South,322,322,2683.09,863954.98,2026-04-24,2026-04-28
PO01257,2026-06-14,S001,P041,WH-West,452,434,7152.57,3104215.38,2026-07-04,2026-07-05
PO01258,2026-03-25,S013,P076,WH-West,394,332,1819.91,604210.12,2026-04-18,2026-04-22
PO01259,2026-01-29,S025,P069,WH-East,267,267,5619.39,1500377.13,2026-02-12,2026-02-20
PO01260,2026-05-23,S008,P098,WH-West,426,362,2306.64,835003.68,2026-06-14,2026-06-11
PO01261,2025-06-12,S008,P098,WH-South,66,64,2306.64,147624.96,2025-06-17,2025-06-25
PO01262,2025-08-07,S009,P030,WH-West,98,83,5123.21,425226.43,2025-08-17,2025-08-17
PO01263,2025-11-27,S022,P059,WH-East,143,143,524.57,75013.51,2025-12-02,2025-12-10
PO01264,2026-03-27,S003,P023,WH-West,364,323,1939.29,626390.67,2026-04-03,2026-04-08
PO01265,2025-10-11,S016,P100,WH-East,448,412,4482.47,1846777.64,2025-10-28,2025-11-03
PO01266,2025-05-19,S022,P057,WH-East,101,92,606.82,55827.44,2025-06-04,2025-06-05
PO01267,2026-05-30,S017,P025,WH-South,296,249,1867.3,464957.7,2026-06-17,2026-06-23
PO01268,2026-05-19,S010,P048,WH-West,450,413,6812.06,2813380.78,2026-06-09,2026-06-17
PO01269,2025-12-22,S003,P070,WH-South,51,43,2363.97,101650.71,2026-01-11,2026-01-17
PO01270,2025-10-08,S019,P042,WH-East,294,288,4016.26,1156682.88,2025-10-25,2025-10-24
PO01271,2025-01-12,S005,P029,WH-South,165,165,6128.71,1011237.15,2025-01-20,2025-01-19
PO01272,2026-03-16,S013,P085,WH-South,299,294,800.7,235405.8,2026-04-04,2026-04-09
PO01273,2025-04-06,S023,P071,WH-East,450,408,3389.05,1382732.4,2025-04-19,2025-04-16
PO01274,2025-08-20,S023,P045,WH-East,125,103,7714.42,794585.26,2025-09-10,2025-09-17
PO01275,2025-04-22,S001,P041,WH-South,177,146,7152.57,1044275.22,2025-05-07,2025-05-09
PO01276,2025-02-16,S017,P073,WH-West,112,103,4048.01,416945.03,2025-03-12,2025-03-14
PO01277,2025-09-11,S004,P063,WH-East,265,253,4099.62,1037203.86,2025-09-22,2025-09-28
PO01278,2026-06-03,S002,P047,WH-East,360,354,7921.92,2804359.68,2026-06-14,2026-06-18
PO01279,2026-02-27,S016,P100,WH-West,168,158,4482.47,708230.26,2026-03-07,2026-03-11
PO01280,2025-10-15,S019,P001,WH-North,323,323,1589.96,513557.08,2025-10-27,2025-10-24
PO01281,2025-11-02,S021,P095,WH-East,469,431,4617.29,1990051.99,2025-11-25,2025-11-28
PO01282,2026-01-09,S002,P020,WH-North,448,421,1946.07,819295.47,2026-01-27,2026-02-02
PO01283,2025-07-14,S025,P092,WH-West,148,128,7533.17,964245.76,2025-07-22,2025-07-19
PO01284,2025-01-25,S013,P019,WH-West,41,36,4142.28,149122.08,2025-02-15,2025-02-19
PO01285,2025-01-06,S005,P065,WH-West,75,72,5199.81,374386.32,2025-01-28,2025-01-29
PO01286,2026-04-26,S022,P093,WH-West,443,417,7471.92,3115790.64,2026-05-15,2026-05-13
PO01287,2025-05-23,S014,P074,WH-South,57,51,7257.25,370119.75,2025-06-01,2025-05-31
PO01288,2025-06-20,S020,P036,WH-South,38,32,6872.15,219908.8,2025-07-09,2025-07-16
PO01289,2026-05-05,S003,P023,WH-North,422,375,1939.29,727233.75,2026-05-13,2026-05-18
PO01290,2025-04-06,S010,P082,WH-West,213,177,5709.22,1010531.94,2025-04-14,2025-04-12
PO01291,2025-07-14,S005,P029,WH-North,112,105,6128.71,643514.55,2025-07-30,2025-07-30
PO01292,2025-09-17,S025,P092,WH-North,389,344,7533.17,2591410.48,2025-10-09,2025-10-12
PO01293,2025-08-24,S017,P044,WH-West,389,349,3055.75,1066456.75,2025-09-16,2025-09-20
PO01294,2026-06-02,S021,P007,WH-North,234,219,7730.21,1692915.99,2026-06-24,2026-07-01
PO01295,2025-02-28,S019,P031,WH-North,194,182,1614.17,293778.94,2025-03-05,2025-03-04
PO01296,2025-02-21,S022,P038,WH-North,333,312,7793.26,2431497.12,2025-03-01,2025-03-07
PO01297,2025-05-02,S013,P066,WH-North,460,422,6590.35,2781127.7,2025-05-21,2025-05-27
PO01298,2026-06-22,S009,P079,WH-South,275,252,6732.07,1696481.64,2026-07-02,2026-07-07
PO01299,2025-08-05,S007,P022,WH-North,273,269,7083.75,1905528.75,2025-08-11,2025-08-15
PO01300,2025-03-30,S012,P075,WH-West,451,412,4020.25,1656343.0,2025-04-05,2025-04-07
PO01301,2026-03-19,S015,P054,WH-North,494,458,3739.53,1712704.74,2026-03-25,2026-04-02
PO01302,2025-02-07,S015,P054,WH-West,64,64,3739.53,239329.92,2025-02-22,2025-02-26
PO01303,2025-03-25,S020,P083,WH-West,234,200,1022.9,204580.0,2025-04-06,2025-04-13
PO01304,2025-04-18,S007,P006,WH-South,239,231,514.64,118881.84,2025-05-09,2025-05-15
PO01305,2025-01-03,S017,P073,WH-South,47,43,4048.01,174064.43,2025-01-19,2025-01-23
PO01306,2025-10-19,S010,P062,WH-North,335,330,7600.79,2508260.7,2025-10-27,2025-10-26
PO01307,2025-01-30,S005,P029,WH-North,280,252,6128.71,1544434.92,2025-02-04,2025-02-07
PO01308,2025-06-16,S014,P043,WH-East,421,371,6183.15,2293948.65,2025-06-30,2025-07-04
PO01309,2025-04-03,S017,P067,WH-North,497,428,3111.48,1331713.44,2025-04-14,2025-04-22
PO01310,2025-08-06,S010,P062,WH-East,491,488,7600.79,3709185.52,2025-08-26,2025-08-28
PO01311,2025-03-30,S008,P013,WH-East,440,424,272.75,115646.0,2025-04-20,2025-04-22
PO01312,2025-07-07,S012,P064,WH-South,227,190,6957.51,1321926.9,2025-07-17,2025-07-20
PO01313,2025-10-09,S002,P047,WH-West,496,477,7921.92,3778755.84,2025-10-14,2025-10-14
PO01314,2026-01-24,S020,P060,WH-East,497,411,1061.17,436140.87,2026-02-08,2026-02-14
PO01315,2025-05-17,S001,P015,WH-North,300,257,7332.43,1884434.51,2025-06-03,2025-06-09
PO01316,2025-10-15,S023,P005,WH-East,441,414,3730.15,1544282.1,2025-11-01,2025-11-06
PO01317,2025-11-29,S025,P069,WH-South,148,135,5619.39,758617.65,2025-12-12,2025-12-11
PO01318,2026-02-16,S022,P002,WH-East,187,185,6949.48,1285653.8,2026-02-23,2026-02-26
PO01319,2026-02-11,S022,P038,WH-East,458,431,7793.26,3358895.06,2026-02-17,2026-02-22
PO01320,2025-05-05,S025,P094,WH-East,250,250,7900.12,1975030.0,2025-05-10,2025-05-14
PO01321,2025-07-16,S015,P054,WH-East,370,367,3739.53,1372407.51,2025-07-27,2025-07-30
PO01322,2026-05-22,S025,P092,WH-East,186,165,7533.17,1242973.05,2026-06-15,2026-06-16
PO01323,2025-02-17,S021,P039,WH-East,114,112,1910.51,213977.12,2025-03-03,2025-03-01
PO01324,2025-11-18,S005,P096,WH-East,95,94,4344.62,408394.28,2025-11-24,2025-11-22
PO01325,2025-07-09,S002,P020,WH-South,428,428,1946.07,832917.96,2025-07-17,2025-07-17
PO01326,2026-05-12,S002,P020,WH-North,266,219,1946.07,426189.33,2026-06-01,2026-06-02
PO01327,2025-03-10,S005,P029,WH-South,426,424,6128.71,2598573.04,2025-03-22,2025-03-30
PO01328,2025-11-26,S003,P035,WH-East,190,158,7193.14,1136516.12,2025-12-12,2025-12-12
PO01329,2026-05-10,S001,P032,WH-East,400,370,6504.58,2406694.6,2026-05-19,2026-05-26
PO01330,2025-10-19,S007,P017,WH-West,323,292,5748.97,1678699.24,2025-11-12,2025-11-10
PO01331,2026-06-03,S022,P051,WH-South,239,239,366.79,87662.81,2026-06-10,2026-06-10
PO01332,2026-02-20,S003,P008,WH-East,313,282,5513.62,1554840.84,2026-02-25,2026-03-04
PO01333,2025-08-07,S012,P021,WH-West,365,343,2470.72,847456.96,2025-08-25,2025-08-26
PO01334,2026-05-17,S003,P023,WH-South,299,287,1939.29,556576.23,2026-06-09,2026-06-09
PO01335,2025-10-03,S022,P051,WH-East,273,225,366.79,82527.75,2025-10-23,2025-10-25
PO01336,2026-02-22,S013,P091,WH-West,152,143,2579.79,368909.97,2026-03-07,2026-03-13
PO01337,2026-02-24,S007,P006,WH-West,255,236,514.64,121455.04,2026-03-05,2026-03-08
PO01338,2025-06-10,S017,P052,WH-East,463,435,1367.08,594679.8,2025-06-18,2025-06-19
PO01339,2025-01-01,S003,P008,WH-North,420,351,5513.62,1935280.62,2025-01-11,2025-01-16
PO01340,2025-03-08,S018,P099,WH-East,184,153,1041.43,159338.79,2025-03-24,2025-03-24
PO01341,2025-06-12,S025,P069,WH-West,290,248,5619.39,1393608.72,2025-06-30,2025-07-07
PO01342,2025-11-11,S010,P033,WH-North,213,212,5454.17,1156284.04,2025-11-29,2025-12-05
PO01343,2025-11-29,S010,P062,WH-North,295,263,7600.79,1999007.77,2025-12-09,2025-12-07
PO01344,2026-06-09,S005,P065,WH-South,177,161,5199.81,837169.41,2026-06-18,2026-06-25
PO01345,2025-10-05,S004,P063,WH-North,419,376,4099.62,1541457.12,2025-10-11,2025-10-17
PO01346,2025-02-25,S012,P088,WH-West,63,61,5620.86,342872.46,2025-03-04,2025-03-08
PO01347,2026-01-24,S001,P032,WH-West,206,180,6504.58,1170824.4,2026-02-06,2026-02-06
PO01348,2025-09-08,S017,P055,WH-South,151,126,1236.07,155744.82,2025-09-19,2025-09-19
PO01349,2026-06-11,S010,P033,WH-West,178,159,5454.17,867213.03,2026-06-27,2026-06-26
PO01350,2025-10-25,S022,P038,WH-West,429,414,7793.26,3226409.64,2025-11-16,2025-11-24
PO01351,2026-01-28,S022,P002,WH-West,266,266,6949.48,1848561.68,2026-02-14,2026-02-19
PO01352,2025-05-04,S013,P081,WH-South,316,262,7060.83,1849937.46,2025-05-09,2025-05-09
PO01353,2025-03-12,S014,P010,WH-North,95,93,6761.94,628860.42,2025-03-17,2025-03-15
PO01354,2026-01-29,S013,P066,WH-South,405,337,6590.35,2220947.95,2026-02-03,2026-02-10
PO01355,2026-03-01,S013,P076,WH-North,27,24,1819.91,43677.84,2026-03-12,2026-03-09
PO01356,2025-11-24,S025,P094,WH-West,97,80,7900.12,632009.6,2025-12-07,2025-12-15
PO01357,2025-03-01,S001,P015,WH-East,427,427,7332.43,3130947.61,2025-03-06,2025-03-03
PO01358,2026-06-27,S017,P087,WH-South,126,121,5608.98,678686.58,2026-07-16,2026-07-20
PO01359,2026-03-31,S010,P082,WH-North,59,53,5709.22,302588.66,2026-04-16,2026-04-13
PO01360,2025-05-12,S005,P061,WH-North,124,111,6142.41,681807.51,2025-05-20,2025-05-21
PO01361,2025-04-12,S019,P031,WH-West,172,163,1614.17,263109.71,2025-04-26,2025-04-30
PO01362,2025-08-19,S022,P038,WH-North,337,282,7793.26,2197699.32,2025-09-10,2025-09-13
PO01363,2025-08-06,S005,P029,WH-West,77,65,6128.71,398366.15,2025-08-29,2025-09-01
PO01364,2025-10-10,S012,P078,WH-West,346,342,5690.78,1946246.76,2025-11-03,2025-11-07
PO01365,2026-01-03,S014,P043,WH-West,435,374,6183.15,2312498.1,2026-01-12,2026-01-19
PO01366,2025-04-01,S003,P023,WH-North,392,378,1939.29,733051.62,2025-04-07,2025-04-06
PO01367,2026-01-04,S017,P025,WH-East,106,92,1867.3,171791.6,2026-01-15,2026-01-16
PO01368,2025-05-19,S023,P028,WH-South,193,162,1287.42,208562.04,2025-05-29,2025-05-27
PO01369,2025-12-09,S018,P099,WH-North,378,378,1041.43,393660.54,2025-12-29,2025-12-30
PO01370,2025-04-24,S025,P094,WH-South,173,173,7900.12,1366720.76,2025-05-13,2025-05-14
PO01371,2025-01-22,S013,P091,WH-North,317,298,2579.79,768777.42,2025-02-04,2025-02-02
PO01372,2025-01-23,S017,P072,WH-West,26,24,5486.78,131682.72,2025-02-03,2025-02-09
PO01373,2025-03-06,S020,P083,WH-South,75,70,1022.9,71603.0,2025-03-20,2025-03-28
PO01374,2026-04-05,S019,P001,WH-West,450,406,1589.96,645523.76,2026-04-11,2026-04-13
PO01375,2025-04-24,S002,P020,WH-North,453,440,1946.07,856270.8,2025-05-01,2025-04-28
PO01376,2026-05-12,S025,P094,WH-North,448,435,7900.12,3436552.2,2026-06-04,2026-06-08
PO01377,2026-04-27,S005,P029,WH-East,87,86,6128.71,527069.06,2026-05-04,2026-05-11
PO01378,2026-06-24,S003,P008,WH-South,319,295,5513.62,1626517.9,2026-07-06,2026-07-03
PO01379,2025-08-27,S010,P062,WH-North,428,420,7600.79,3192331.8,2025-09-05,2025-09-04
PO01380,2025-09-14,S010,P014,WH-North,327,278,5698.83,1584274.74,2025-10-08,2025-10-05
PO01381,2025-10-12,S022,P038,WH-East,165,136,7793.26,1059883.36,2025-10-28,2025-10-26
PO01382,2026-02-08,S001,P003,WH-East,410,389,5817.69,2263081.41,2026-02-23,2026-02-26
PO01383,2025-02-15,S001,P003,WH-East,297,250,5817.69,1454422.5,2025-02-23,2025-02-26
PO01384,2026-04-01,S017,P055,WH-West,279,260,1236.07,321378.2,2026-04-09,2026-04-16
PO01385,2026-01-27,S012,P078,WH-East,176,170,5690.78,967432.6,2026-02-01,2026-02-02
PO01386,2026-04-11,S012,P021,WH-East,235,212,2470.72,523792.64,2026-04-22,2026-04-23
PO01387,2025-08-01,S003,P035,WH-South,393,326,7193.14,2344963.64,2025-08-25,2025-08-28
PO01388,2026-02-16,S017,P044,WH-West,187,187,3055.75,571425.25,2026-02-22,2026-02-28
PO01389,2025-06-08,S017,P044,WH-West,455,377,3055.75,1152017.75,2025-06-13,2025-06-20
PO01390,2026-04-16,S014,P043,WH-North,389,389,6183.15,2405245.35,2026-05-09,2026-05-17
PO01391,2026-04-17,S001,P041,WH-South,335,278,7152.57,1988414.46,2026-05-08,2026-05-14
PO01392,2025-04-20,S001,P027,WH-East,188,182,3376.64,614548.48,2025-05-05,2025-05-06
PO01393,2026-03-19,S025,P092,WH-West,479,479,7533.17,3608388.43,2026-03-28,2026-04-01
PO01394,2026-04-10,S023,P028,WH-North,92,92,1287.42,118442.64,2026-04-20,2026-04-19
PO01395,2025-12-01,S023,P005,WH-South,290,290,3730.15,1081743.5,2025-12-11,2025-12-09
PO01396,2026-06-28,S014,P043,WH-East,398,397,6183.15,2454710.55,2026-07-19,2026-07-25
PO01397,2025-08-23,S004,P063,WH-South,96,89,4099.62,364866.18,2025-09-16,2025-09-16
PO01398,2025-01-23,S021,P039,WH-South,76,71,1910.51,135646.21,2025-02-06,2025-02-09
PO01399,2025-05-24,S014,P010,WH-East,369,348,6761.94,2353155.12,2025-06-07,2025-06-12
PO01400,2025-11-02,S004,P063,WH-North,118,118,4099.62,483755.16,2025-11-15,2025-11-14
PO01401,2026-05-07,S004,P009,WH-East,182,180,5350.8,963144.0,2026-05-29,2026-06-05
PO01402,2026-01-30,S025,P084,WH-West,365,356,6608.9,2352768.4,2026-02-16,2026-02-15
PO01403,2025-08-13,S022,P093,WH-East,294,281,7471.92,2099609.52,2025-08-25,2025-09-01
PO01404,2025-02-17,S005,P029,WH-South,424,400,6128.71,2451484.0,2025-03-04,2025-03-07
PO01405,2026-06-30,S023,P028,WH-North,488,488,1287.42,628260.96,2026-07-11,2026-07-08
PO01406,2026-02-09,S021,P011,WH-East,416,357,7695.2,2747186.4,2026-02-20,2026-02-23
PO01407,2025-04-12,S013,P085,WH-West,296,254,800.7,203377.8,2025-04-19,2025-04-17
PO01408,2026-06-13,S018,P099,WH-North,363,363,1041.43,378039.09,2026-07-03,2026-07-09
PO01409,2025-08-29,S017,P087,WH-South,45,42,5608.98,235577.16,2025-09-15,2025-09-12
PO01410,2025-10-17,S022,P093,WH-East,75,69,7471.92,515562.48,2025-11-08,2025-11-14
PO01411,2025-09-13,S001,P015,WH-North,50,50,7332.43,366621.5,2025-10-05,2025-10-10
PO01412,2025-12-27,S013,P081,WH-North,49,49,7060.83,345980.67,2026-01-12,2026-01-09
PO01413,2025-03-08,S015,P024,WH-South,43,37,3955.92,146369.04,2025-03-25,2025-03-29
PO01414,2025-10-07,S003,P035,WH-North,115,98,7193.14,704927.72,2025-10-14,2025-10-20
PO01415,2026-02-10,S005,P061,WH-North,177,173,6142.41,1062636.93,2026-02-17,2026-02-20
PO01416,2025-01-05,S002,P020,WH-West,140,137,1946.07,266611.59,2025-01-11,2025-01-17
PO01417,2026-06-27,S022,P058,WH-North,173,150,2347.48,352122.0,2026-07-08,2026-07-13
PO01418,2025-06-01,S004,P063,WH-East,377,373,4099.62,1529158.26,2025-06-07,2025-06-15
PO01419,2025-09-24,S016,P100,WH-West,101,93,4482.47,416869.71,2025-10-04,2025-10-05
PO01420,2025-02-17,S012,P075,WH-West,380,347,4020.25,1395026.75,2025-03-06,2025-03-05
PO01421,2025-11-30,S025,P094,WH-East,329,329,7900.12,2599139.48,2025-12-15,2025-12-12
PO01422,2025-05-16,S020,P060,WH-West,388,358,1061.17,379898.86,2025-05-25,2025-05-23
PO01423,2026-06-03,S021,P039,WH-South,399,338,1910.51,645752.38,2026-06-14,2026-06-16
PO01424,2026-04-28,S002,P020,WH-South,351,307,1946.07,597443.49,2026-05-13,2026-05-17
PO01425,2025-04-29,S005,P086,WH-East,296,262,2683.09,702969.58,2025-05-10,2025-05-15
PO01426,2025-10-15,S012,P088,WH-North,426,426,5620.86,2394486.36,2025-10-27,2025-10-31
PO01427,2025-12-08,S022,P058,WH-West,145,127,2347.48,298129.96,2025-12-16,2025-12-14
PO01428,2025-10-05,S012,P064,WH-East,303,275,6957.51,1913315.25,2025-10-19,2025-10-16
PO01429,2026-05-09,S010,P014,WH-West,143,139,5698.83,792137.37,2026-06-02,2026-06-08
PO01430,2025-06-13,S020,P036,WH-South,100,87,6872.15,597877.05,2025-07-02,2025-07-02
PO01431,2025-10-12,S008,P013,WH-South,354,340,272.75,92735.0,2025-10-31,2025-11-01
PO01432,2025-08-11,S019,P001,WH-East,298,257,1589.96,408619.72,2025-09-03,2025-09-09
PO01433,2026-01-12,S013,P091,WH-West,462,401,2579.79,1034495.79,2026-01-26,2026-01-28
PO01434,2025-02-22,S008,P013,WH-South,200,200,272.75,54550.0,2025-02-28,2025-02-28
PO01435,2025-11-24,S003,P035,WH-West,328,293,7193.14,2107590.02,2025-12-14,2025-12-15
PO01436,2025-12-07,S003,P008,WH-South,181,175,5513.62,964883.5,2025-12-31,2026-01-04
PO01437,2026-06-11,S007,P018,WH-South,495,489,5728.7,2801334.3,2026-06-20,2026-06-26
PO01438,2025-04-28,S002,P034,WH-South,343,305,5330.87,1625915.35,2025-05-19,2025-05-18
PO01439,2025-07-01,S017,P052,WH-South,380,339,1367.08,463440.12,2025-07-08,2025-07-05
PO01440,2026-05-05,S003,P070,WH-North,31,30,2363.97,70919.1,2026-05-17,2026-05-22
PO01441,2026-05-21,S022,P058,WH-East,149,140,2347.48,328647.2,2026-06-05,2026-06-10
PO01442,2025-11-21,S001,P027,WH-West,300,268,3376.64,904939.52,2025-11-30,2025-11-28
PO01443,2025-07-13,S007,P018,WH-South,363,352,5728.7,2016502.4,2025-08-03,2025-08-02
PO01444,2025-06-27,S022,P057,WH-South,370,367,606.82,222702.94,2025-07-05,2025-07-09
PO01445,2025-01-09,S004,P009,WH-South,144,125,5350.8,668850.0,2025-01-21,2025-01-20
PO01446,2026-02-16,S012,P064,WH-East,471,389,6957.51,2706471.39,2026-02-22,2026-02-21
PO01447,2026-06-08,S009,P079,WH-West,191,167,6732.07,1124255.69,2026-06-28,2026-06-30
PO01448,2025-01-13,S003,P023,WH-East,437,417,1939.29,808683.93,2025-01-26,2025-01-28
PO01449,2025-10-04,S022,P059,WH-East,153,153,524.57,80259.21,2025-10-25,2025-10-28
PO01450,2026-03-15,S017,P067,WH-South,370,367,3111.48,1141913.16,2026-03-29,2026-04-04
PO01451,2025-02-07,S017,P073,WH-West,58,50,4048.01,202400.5,2025-02-24,2025-02-24
PO01452,2026-03-11,S007,P022,WH-South,402,400,7083.75,2833500.0,2026-04-01,2026-04-02
PO01453,2025-09-01,S012,P050,WH-East,197,193,1675.05,323284.65,2025-09-17,2025-09-23
PO01454,2025-06-22,S003,P023,WH-North,299,289,1939.29,560454.81,2025-07-05,2025-07-04
PO01455,2025-09-08,S025,P084,WH-North,492,471,6608.9,3112791.9,2025-09-27,2025-09-25
PO01456,2025-12-08,S017,P052,WH-East,24,24,1367.08,32809.92,2025-12-22,2025-12-21
PO01457,2025-01-14,S021,P007,WH-South,73,72,7730.21,556575.12,2025-02-06,2025-02-14
PO01458,2025-10-01,S007,P017,WH-South,329,324,5748.97,1862666.28,2025-10-22,2025-10-21
PO01459,2025-12-19,S001,P003,WH-West,285,241,5817.69,1402063.29,2025-12-30,2025-12-28
PO01460,2025-05-15,S021,P007,WH-West,101,97,7730.21,749830.37,2025-06-02,2025-05-30
PO01461,2026-03-18,S023,P077,WH-North,240,237,7797.85,1848090.45,2026-04-04,2026-04-11
PO01462,2026-01-14,S001,P041,WH-South,350,300,7152.57,2145771.0,2026-01-20,2026-01-19
PO01463,2025-05-07,S003,P023,WH-East,260,224,1939.29,434400.96,2025-05-27,2025-05-24
PO01464,2025-10-28,S016,P037,WH-South,113,110,1418.79,156066.9,2025-11-18,2025-11-22
PO01465,2025-06-08,S007,P068,WH-South,382,340,6782.27,2305971.8,2025-06-18,2025-06-19
PO01466,2026-06-19,S017,P073,WH-East,88,79,4048.01,319792.79,2026-06-24,2026-07-02
PO01467,2025-07-19,S003,P070,WH-North,25,22,2363.97,52007.34,2025-07-29,2025-07-31
PO01468,2025-03-06,S012,P064,WH-East,225,194,6957.51,1349756.94,2025-03-11,2025-03-19
PO01469,2025-03-20,S007,P018,WH-South,35,35,5728.7,200504.5,2025-04-03,2025-04-09
PO01470,2025-04-02,S003,P035,WH-East,79,78,7193.14,561064.92,2025-04-26,2025-04-29
PO01471,2025-05-20,S003,P023,WH-West,161,140,1939.29,271500.6,2025-06-01,2025-06-04
PO01472,2025-01-01,S021,P095,WH-West,308,259,4617.29,1195878.11,2025-01-21,2025-01-21
PO01473,2025-09-24,S025,P084,WH-West,376,336,6608.9,2220590.4,2025-10-10,2025-10-12
PO01474,2025-02-20,S021,P007,WH-West,472,426,7730.21,3293069.46,2025-03-15,2025-03-19
PO01475,2025-08-17,S005,P061,WH-East,443,364,6142.41,2235837.24,2025-09-04,2025-09-06
PO01476,2026-01-04,S013,P076,WH-North,225,224,1819.91,407659.84,2026-01-16,2026-01-19
PO01477,2026-03-26,S025,P049,WH-North,59,58,2161.22,125350.76,2026-04-18,2026-04-17
PO01478,2025-04-09,S022,P057,WH-West,28,28,606.82,16990.96,2025-04-28,2025-05-03
PO01479,2026-05-08,S007,P068,WH-South,110,108,6782.27,732485.16,2026-05-17,2026-05-23
PO01480,2025-03-13,S015,P012,WH-East,214,207,2355.34,487555.38,2025-04-03,2025-04-01
PO01481,2025-06-30,S001,P015,WH-South,221,209,7332.43,1532477.87,2025-07-18,2025-07-25
PO01482,2025-06-05,S022,P002,WH-West,67,67,6949.48,465615.16,2025-06-24,2025-06-28
PO01483,2026-01-27,S002,P047,WH-East,478,460,7921.92,3644083.2,2026-02-08,2026-02-12
PO01484,2025-12-26,S012,P075,WH-West,468,443,4020.25,1780970.75,2026-01-03,2026-01-11
PO01485,2025-12-08,S009,P056,WH-East,285,279,765.88,213680.52,2025-12-19,2025-12-17
PO01486,2025-01-20,S009,P097,WH-West,264,229,6093.09,1395317.61,2025-01-31,2025-02-05
PO01487,2025-11-29,S010,P014,WH-North,281,281,5698.83,1601371.23,2025-12-08,2025-12-07
PO01488,2025-07-11,S001,P027,WH-East,475,391,3376.64,1320266.24,2025-07-25,2025-07-31
PO01489,2025-12-12,S010,P004,WH-North,337,320,4269.34,1366188.8,2026-01-05,2026-01-07
PO01490,2025-10-22,S022,P038,WH-West,50,42,7793.26,327316.92,2025-10-31,2025-11-07
PO01491,2025-05-15,S025,P084,WH-East,281,278,6608.9,1837274.2,2025-05-23,2025-05-23
PO01492,2025-07-22,S022,P002,WH-South,370,370,6949.48,2571307.6,2025-08-06,2025-08-07
PO01493,2025-03-29,S010,P004,WH-South,53,48,4269.34,204928.32,2025-04-08,2025-04-07
PO01494,2025-12-11,S015,P024,WH-East,264,262,3955.92,1036451.04,2025-12-30,2026-01-07
PO01495,2025-09-07,S004,P009,WH-North,368,326,5350.8,1744360.8,2025-09-22,2025-09-28
PO01496,2025-11-15,S013,P019,WH-West,342,291,4142.28,1205403.48,2025-11-26,2025-11-30
PO01497,2026-05-12,S010,P062,WH-North,465,407,7600.79,3093521.53,2026-06-04,2026-06-10
PO01498,2025-10-16,S017,P072,WH-North,489,431,5486.78,2364802.18,2025-10-25,2025-11-02
PO01499,2025-10-28,S001,P041,WH-East,287,272,7152.57,1945499.04,2025-11-05,2025-11-11
PO01500,2025-01-06,S025,P092,WH-South,313,306,7533.17,2305150.02,2025-01-11,2025-01-15
PO01501,2025-09-15,S023,P077,WH-West,230,198,7797.85,1543974.3,2025-10-05,2025-10-08
PO01502,2025-08-10,S017,P072,WH-North,154,129,5486.78,707794.62,2025-08-26,2025-08-29
PO01503,2025-11-09,S012,P078,WH-South,83,72,5690.78,409736.16,2025-12-03,2025-12-01
PO01504,2025-12-14,S012,P050,WH-North,490,431,1675.05,721946.55,2026-01-05,2026-01-11
PO01505,2025-04-01,S014,P074,WH-East,394,345,7257.25,2503751.25,2025-04-25,2025-05-03
PO01506,2025-06-20,S025,P084,WH-East,395,341,6608.9,2253634.9,2025-06-26,2025-06-28
PO01507,2025-10-21,S005,P065,WH-North,398,363,5199.81,1887531.03,2025-11-07,2025-11-07
PO01508,2025-07-11,S013,P076,WH-South,266,264,1819.91,480456.24,2025-07-27,2025-08-03
PO01509,2025-04-10,S018,P099,WH-North,352,296,1041.43,308263.28,2025-04-18,2025-04-23
PO01510,2025-01-31,S025,P084,WH-West,407,404,6608.9,2669995.6,2025-02-08,2025-02-09
PO01511,2026-05-19,S013,P076,WH-North,296,272,1819.91,495015.52,2026-06-05,2026-06-07
PO01512,2025-04-08,S015,P012,WH-West,97,92,2355.34,216691.28,2025-04-15,2025-04-18
PO01513,2025-02-21,S021,P039,WH-North,183,180,1910.51,343891.8,2025-03-14,2025-03-12
PO01514,2026-04-20,S005,P029,WH-West,410,361,6128.71,2212464.31,2026-05-01,2026-04-28
PO01515,2025-12-09,S022,P058,WH-South,96,96,2347.48,225358.08,2025-12-26,2025-12-28
PO01516,2025-12-16,S017,P067,WH-North,438,366,3111.48,1138801.68,2026-01-04,2026-01-09
PO01517,2026-06-03,S023,P071,WH-North,400,370,3389.05,1253948.5,2026-06-21,2026-06-24
PO01518,2025-01-18,S017,P087,WH-West,196,171,5608.98,959135.58,2025-02-07,2025-02-15
PO01519,2025-08-18,S023,P077,WH-East,116,105,7797.85,818774.25,2025-09-08,2025-09-16
PO01520,2026-04-26,S012,P075,WH-South,396,360,4020.25,1447290.0,2026-05-16,2026-05-21
PO01521,2025-06-09,S017,P025,WH-East,158,158,1867.3,295033.4,2025-06-29,2025-07-07
PO01522,2026-02-16,S025,P084,WH-East,262,238,6608.9,1572918.2,2026-02-21,2026-02-28
PO01523,2026-01-23,S025,P049,WH-North,378,363,2161.22,784522.86,2026-02-10,2026-02-09
PO01524,2025-01-02,S004,P063,WH-North,364,364,4099.62,1492261.68,2025-01-08,2025-01-09
PO01525,2025-05-31,S001,P027,WH-North,378,347,3376.64,1171694.08,2025-06-13,2025-06-15
PO01526,2026-06-19,S003,P070,WH-East,270,243,2363.97,574444.71,2026-07-12,2026-07-14
PO01527,2025-12-13,S003,P070,WH-South,299,299,2363.97,706827.03,2025-12-22,2025-12-23
PO01528,2026-02-22,S022,P058,WH-West,297,293,2347.48,687811.64,2026-03-08,2026-03-06
PO01529,2025-06-17,S004,P009,WH-West,190,190,5350.8,1016652.0,2025-06-27,2025-07-04
PO01530,2025-01-10,S013,P085,WH-West,198,178,800.7,142524.6,2025-01-17,2025-01-23
PO01531,2025-12-04,S010,P082,WH-South,196,188,5709.22,1073333.36,2025-12-10,2025-12-09
PO01532,2025-04-21,S019,P001,WH-East,397,345,1589.96,548536.2,2025-05-14,2025-05-16
PO01533,2025-06-29,S013,P076,WH-East,395,392,1819.91,713404.72,2025-07-09,2025-07-14
PO01534,2026-02-15,S005,P065,WH-South,297,297,5199.81,1544343.57,2026-03-01,2026-03-07
PO01535,2025-06-30,S025,P092,WH-North,354,309,7533.17,2327749.53,2025-07-22,2025-07-26
PO01536,2026-01-02,S015,P024,WH-South,37,31,3955.92,122633.52,2026-01-20,2026-01-24
PO01537,2026-06-09,S013,P019,WH-East,319,274,4142.28,1134984.72,2026-06-15,2026-06-19
PO01538,2025-06-23,S010,P014,WH-West,128,121,5698.83,689558.43,2025-07-01,2025-07-08
PO01539,2025-03-27,S010,P014,WH-West,51,45,5698.83,256447.35,2025-04-15,2025-04-17
PO01540,2025-03-04,S022,P090,WH-West,461,437,1950.75,852477.75,2025-03-14,2025-03-22
PO01541,2026-03-07,S019,P080,WH-North,75,67,5694.0,381498.0,2026-03-17,2026-03-24
PO01542,2026-01-09,S012,P088,WH-North,247,247,5620.86,1388352.42,2026-01-22,2026-01-21
PO01543,2025-09-21,S001,P032,WH-South,93,85,6504.58,552889.3,2025-10-15,2025-10-16
PO01544,2025-06-18,S007,P006,WH-West,28,26,514.64,13380.64,2025-07-10,2025-07-14
PO01545,2025-11-13,S025,P094,WH-North,466,415,7900.12,3278549.8,2025-11-21,2025-11-20
PO01546,2026-02-08,S003,P023,WH-East,108,90,1939.29,174536.1,2026-02-13,2026-02-10
PO01547,2025-08-01,S013,P019,WH-South,396,364,4142.28,1507789.92,2025-08-09,2025-08-17
PO01548,2025-12-27,S004,P089,WH-East,151,147,3726.91,547855.77,2026-01-03,2025-12-31
PO01549,2025-05-03,S004,P089,WH-East,313,313,3726.91,1166522.83,2025-05-20,2025-05-23
PO01550,2025-01-22,S022,P002,WH-West,257,215,6949.48,1494138.2,2025-02-10,2025-02-12
PO01551,2025-08-06,S014,P074,WH-East,375,367,7257.25,2663410.75,2025-08-11,2025-08-12
PO01552,2026-01-29,S001,P041,WH-West,269,235,7152.57,1680853.95,2026-02-18,2026-02-22
PO01553,2025-09-18,S001,P053,WH-South,61,60,6607.41,396444.6,2025-09-24,2025-09-28
PO01554,2026-06-08,S001,P027,WH-East,250,222,3376.64,749614.08,2026-06-18,2026-06-25
PO01555,2025-08-21,S003,P008,WH-West,410,346,5513.62,1907712.52,2025-08-26,2025-08-23
PO01556,2025-10-15,S014,P043,WH-East,189,178,6183.15,1100600.7,2025-11-05,2025-11-08
PO01557,2026-05-13,S010,P033,WH-North,393,393,5454.17,2143488.81,2026-06-03,2026-06-10
PO01558,2026-01-11,S014,P043,WH-North,335,287,6183.15,1774564.05,2026-01-16,2026-01-14
PO01559,2025-03-28,S020,P083,WH-East,109,90,1022.9,92061.0,2025-04-17,2025-04-17
PO01560,2025-06-19,S009,P030,WH-North,423,422,5123.21,2161994.62,2025-07-02,2025-06-29
PO01561,2025-08-17,S002,P034,WH-South,210,202,5330.87,1076835.74,2025-08-23,2025-08-21
PO01562,2025-07-30,S012,P078,WH-North,399,392,5690.78,2230785.76,2025-08-08,2025-08-14
PO01563,2026-05-08,S016,P100,WH-South,400,333,4482.47,1492662.51,2026-05-20,2026-05-25
PO01564,2026-06-24,S002,P020,WH-West,386,385,1946.07,749236.95,2026-06-29,2026-07-07
PO01565,2025-01-22,S017,P087,WH-South,296,268,5608.98,1503206.64,2025-02-04,2025-02-01
PO01566,2025-10-29,S010,P062,WH-West,146,146,7600.79,1109715.34,2025-11-16,2025-11-19
PO01567,2025-02-01,S009,P079,WH-North,152,127,6732.07,854972.89,2025-02-22,2025-02-22
PO01568,2025-11-07,S022,P002,WH-West,396,395,6949.48,2745044.6,2025-11-16,2025-11-19
PO01569,2025-12-11,S012,P088,WH-North,305,291,5620.86,1635670.26,2025-12-23,2025-12-26
PO01570,2025-05-17,S012,P088,WH-West,82,76,5620.86,427185.36,2025-06-07,2025-06-14
PO01571,2026-04-29,S021,P095,WH-South,259,216,4617.29,997334.64,2026-05-15,2026-05-21
PO01572,2026-05-27,S019,P080,WH-East,462,442,5694.0,2516748.0,2026-06-19,2026-06-18
PO01573,2026-03-04,S007,P068,WH-East,57,54,6782.27,366242.58,2026-03-16,2026-03-14
PO01574,2025-11-12,S008,P098,WH-East,183,177,2306.64,408275.28,2025-12-05,2025-12-04
PO01575,2025-03-04,S009,P079,WH-West,57,55,6732.07,370263.85,2025-03-20,2025-03-21
PO01576,2025-10-09,S020,P083,WH-East,298,271,1022.9,277205.9,2025-10-21,2025-10-25
PO01577,2025-02-04,S013,P019,WH-North,170,146,4142.28,604772.88,2025-02-19,2025-02-26
PO01578,2026-01-10,S003,P035,WH-North,77,77,7193.14,553871.78,2026-01-25,2026-01-30
PO01579,2025-09-20,S002,P020,WH-South,195,195,1946.07,379483.65,2025-10-09,2025-10-09
PO01580,2025-02-22,S001,P041,WH-West,262,226,7152.57,1616480.82,2025-02-28,2025-03-02
PO01581,2026-05-31,S005,P029,WH-South,409,387,6128.71,2371810.77,2026-06-07,2026-06-07
PO01582,2026-05-29,S001,P015,WH-East,382,329,7332.43,2412369.47,2026-06-03,2026-06-08
PO01583,2025-10-18,S025,P084,WH-West,193,192,6608.9,1268908.8,2025-10-23,2025-10-24
PO01584,2026-04-30,S001,P032,WH-South,362,304,6504.58,1977392.32,2026-05-08,2026-05-06
PO01585,2026-03-10,S008,P013,WH-North,162,162,272.75,44185.5,2026-04-02,2026-03-30
PO01586,2025-04-25,S021,P007,WH-East,276,260,7730.21,2009854.6,2025-05-17,2025-05-18
PO01587,2025-04-25,S015,P054,WH-East,119,98,3739.53,366473.94,2025-04-30,2025-05-04
PO01588,2025-05-04,S003,P016,WH-East,367,366,4791.69,1753758.54,2025-05-27,2025-06-03
PO01589,2025-10-22,S014,P010,WH-South,221,211,6761.94,1426769.34,2025-10-27,2025-11-03
PO01590,2026-01-22,S009,P056,WH-East,52,50,765.88,38294.0,2026-02-05,2026-02-07
PO01591,2025-09-30,S013,P066,WH-North,385,337,6590.35,2220947.95,2025-10-17,2025-10-24
PO01592,2026-01-17,S022,P038,WH-East,171,152,7793.26,1184575.52,2026-02-09,2026-02-17
PO01593,2025-08-10,S001,P053,WH-South,89,89,6607.41,588059.49,2025-09-03,2025-09-06
PO01594,2025-05-22,S010,P082,WH-South,161,152,5709.22,867801.44,2025-06-03,2025-06-08
PO01595,2025-08-09,S002,P034,WH-East,265,218,5330.87,1162129.66,2025-08-18,2025-08-18
PO01596,2025-07-18,S013,P085,WH-East,115,102,800.7,81671.4,2025-08-02,2025-08-03
PO01597,2025-03-24,S013,P085,WH-South,358,336,800.7,269035.2,2025-04-05,2025-04-10
PO01598,2025-08-01,S019,P001,WH-North,473,402,1589.96,639163.92,2025-08-19,2025-08-18
PO01599,2026-05-18,S009,P079,WH-North,103,86,6732.07,578958.02,2026-06-03,2026-05-31
PO01600,2025-11-03,S014,P074,WH-East,492,409,7257.25,2968215.25,2025-11-18,2025-11-22
PO01601,2026-01-13,S022,P059,WH-East,144,136,524.57,71341.52,2026-01-30,2026-02-04
PO01602,2025-09-30,S018,P099,WH-East,359,317,1041.43,330133.31,2025-10-14,2025-10-21
PO01603,2025-03-02,S017,P025,WH-South,185,166,1867.3,309971.8,2025-03-26,2025-04-01
PO01604,2025-12-13,S001,P032,WH-West,158,131,6504.58,852099.98,2025-12-25,2026-01-01
PO01605,2025-01-31,S019,P031,WH-West,466,451,1614.17,727990.67,2025-02-14,2025-02-22
PO01606,2026-06-11,S014,P074,WH-South,179,174,7257.25,1262761.5,2026-06-21,2026-06-27
PO01607,2025-12-26,S001,P003,WH-East,432,426,5817.69,2478335.94,2025-12-31,2025-12-31
PO01608,2025-11-17,S005,P086,WH-West,305,290,2683.09,778096.1,2025-11-30,2025-12-08
PO01609,2025-10-03,S013,P066,WH-South,432,421,6590.35,2774537.35,2025-10-11,2025-10-13
PO01610,2026-02-22,S017,P087,WH-South,105,98,5608.98,549680.04,2026-02-27,2026-03-02
PO01611,2025-08-28,S001,P041,WH-North,158,145,7152.57,1037122.65,2025-09-11,2025-09-14
PO01612,2025-05-30,S010,P062,WH-South,452,394,7600.79,2994711.26,2025-06-23,2025-06-27
PO01613,2025-03-03,S001,P053,WH-East,487,405,6607.41,2676001.05,2025-03-14,2025-03-16
PO01614,2026-03-05,S012,P088,WH-North,124,109,5620.86,612673.74,2026-03-16,2026-03-19
PO01615,2025-09-08,S005,P096,WH-West,97,93,4344.62,404049.66,2025-09-17,2025-09-22
PO01616,2025-01-11,S010,P033,WH-South,238,238,5454.17,1298092.46,2025-01-17,2025-01-19
PO01617,2026-02-21,S013,P091,WH-North,211,184,2579.79,474681.36,2026-03-06,2026-03-04
PO01618,2025-07-10,S008,P013,WH-South,397,379,272.75,103372.25,2025-07-20,2025-07-20
PO01619,2026-04-02,S021,P039,WH-South,441,404,1910.51,771846.04,2026-04-15,2026-04-16
PO01620,2025-09-26,S005,P029,WH-North,207,196,6128.71,1201227.16,2025-10-15,2025-10-19
PO01621,2026-05-16,S017,P025,WH-West,215,176,1867.3,328644.8,2026-06-02,2026-06-02
PO01622,2025-09-01,S013,P019,WH-South,410,346,4142.28,1433228.88,2025-09-20,2025-09-17
PO01623,2025-10-07,S005,P065,WH-East,369,319,5199.81,1658739.39,2025-10-12,2025-10-09
PO01624,2025-05-28,S018,P099,WH-West,93,93,1041.43,96852.99,2025-06-16,2025-06-14
PO01625,2025-04-19,S003,P016,WH-West,410,340,4791.69,1629174.6,2025-05-11,2025-05-15
PO01626,2026-03-17,S017,P072,WH-South,280,261,5486.78,1432049.58,2026-04-01,2026-03-31
PO01627,2026-03-25,S023,P071,WH-West,471,471,3389.05,1596242.55,2026-04-01,2026-04-03
PO01628,2025-04-09,S013,P085,WH-North,322,306,800.7,245014.2,2025-04-14,2025-04-17
PO01629,2025-04-14,S012,P075,WH-North,311,285,4020.25,1145771.25,2025-04-22,2025-04-29
PO01630,2025-07-12,S022,P090,WH-West,162,145,1950.75,282858.75,2025-07-18,2025-07-15
PO01631,2025-02-15,S020,P060,WH-South,314,297,1061.17,315167.49,2025-03-07,2025-03-08
PO01632,2025-07-17,S009,P079,WH-East,57,52,6732.07,350067.64,2025-08-09,2025-08-07
PO01633,2025-04-15,S022,P057,WH-South,55,53,606.82,32161.46,2025-05-05,2025-05-08
PO01634,2025-01-29,S023,P045,WH-South,134,126,7714.42,972016.92,2025-02-14,2025-02-22
PO01635,2025-06-18,S017,P052,WH-South,21,20,1367.08,27341.6,2025-06-30,2025-07-08
PO01636,2026-06-11,S007,P006,WH-West,34,34,514.64,17497.76,2026-06-19,2026-06-18
PO01637,2026-06-15,S020,P060,WH-West,103,102,1061.17,108239.34,2026-07-05,2026-07-10
PO01638,2026-04-02,S016,P037,WH-South,330,311,1418.79,441243.69,2026-04-15,2026-04-12
PO01639,2026-05-04,S015,P054,WH-East,273,253,3739.53,946101.09,2026-05-23,2026-05-21
PO01640,2026-03-19,S010,P004,WH-South,245,236,4269.34,1007564.24,2026-04-04,2026-04-09
PO01641,2025-12-03,S020,P083,WH-East,352,345,1022.9,352900.5,2025-12-24,2025-12-27
PO01642,2026-02-03,S002,P047,WH-South,207,182,7921.92,1441789.44,2026-02-22,2026-02-21
PO01643,2025-07-05,S013,P085,WH-East,44,42,800.7,33629.4,2025-07-13,2025-07-20
PO01644,2025-10-25,S016,P037,WH-South,289,245,1418.79,347603.55,2025-11-06,2025-11-10
PO01645,2026-06-15,S010,P082,WH-North,259,235,5709.22,1341666.7,2026-06-22,2026-06-23
PO01646,2026-03-31,S019,P042,WH-West,265,265,4016.26,1064308.9,2026-04-11,2026-04-09
PO01647,2026-04-18,S010,P048,WH-South,412,365,6812.06,2486401.9,2026-04-29,2026-05-05
PO01648,2025-03-18,S016,P100,WH-West,196,167,4482.47,748572.49,2025-04-06,2025-04-03
PO01649,2025-09-02,S005,P061,WH-South,393,334,6142.41,2051564.94,2025-09-26,2025-09-28
PO01650,2026-02-28,S010,P062,WH-West,182,164,7600.79,1246529.56,2026-03-21,2026-03-21
PO01651,2025-05-16,S017,P055,WH-North,233,202,1236.07,249686.14,2025-05-30,2025-05-28
PO01652,2025-05-17,S016,P037,WH-West,280,254,1418.79,360372.66,2025-06-06,2025-06-03
PO01653,2025-07-24,S001,P015,WH-North,255,246,7332.43,1803777.78,2025-08-13,2025-08-16
PO01654,2025-03-01,S022,P059,WH-West,376,375,524.57,196713.75,2025-03-20,2025-03-20
PO01655,2025-09-06,S004,P063,WH-South,481,405,4099.62,1660346.1,2025-09-22,2025-09-19
PO01656,2026-02-19,S013,P066,WH-East,164,160,6590.35,1054456.0,2026-03-02,2026-03-08
PO01657,2026-02-01,S019,P042,WH-West,88,74,4016.26,297203.24,2026-02-08,2026-02-05
PO01658,2025-02-14,S019,P031,WH-North,480,430,1614.17,694093.1,2025-02-20,2025-02-23
PO01659,2025-01-02,S007,P006,WH-North,270,270,514.64,138952.8,2025-01-10,2025-01-11
PO01660,2025-06-11,S013,P019,WH-West,73,61,4142.28,252679.08,2025-06-23,2025-06-20
PO01661,2025-07-16,S022,P038,WH-North,194,160,7793.26,1246921.6,2025-07-30,2025-08-06
PO01662,2025-08-14,S009,P079,WH-North,242,215,6732.07,1447395.05,2025-08-30,2025-09-04
PO01663,2025-01-02,S010,P033,WH-North,196,196,5454.17,1069017.32,2025-01-18,Unknown
PO01664,2025-07-31,S022,P090,WH-North,349,288,1950.75,561816.0,2025-08-13,2025-08-19
PO01665,2025-10-20,S001,P053,WH-West,81,70,6607.41,462518.7,2025-11-04,2025-11-01
PO01666,2025-03-21,S009,P030,WH-South,426,401,5123.21,2054407.21,2025-04-07,2025-04-05
PO01667,2025-04-29,S012,P075,WH-South,368,319,4020.25,1282459.75,2025-05-04,2025-05-10
PO01668,2025-01-08,S005,P065,WH-North,35,29,5199.81,150794.49,2025-01-15,2025-01-17
PO01669,2025-08-23,S010,P014,WH-East,228,189,5698.83,1077078.87,2025-09-07,2025-09-06
PO01670,2026-03-03,S014,P010,WH-West,154,144,6761.94,973719.36,2026-03-22,2026-03-28
PO01671,2025-10-06,S007,P017,WH-West,62,58,5748.97,333440.26,2025-10-17,2025-10-21
PO01672,2025-12-26,S012,P075,WH-East,481,462,4020.25,1857355.5,2026-01-15,2026-01-12
PO01673,2025-06-29,S001,P015,WH-West,191,162,7332.43,1187853.66,2025-07-09,2025-07-06
PO01674,2025-07-31,S013,P076,WH-East,412,379,1819.91,689745.89,2025-08-24,2025-08-28
PO01675,2025-08-06,S001,P003,WH-South,346,325,5817.69,1890749.25,2025-08-20,2025-08-27
PO01676,2026-03-27,S007,P022,WH-South,481,416,7083.75,2946840.0,2026-04-04,2026-04-01
PO01677,2025-05-26,S009,P056,WH-South,99,92,765.88,70460.96,2025-06-05,2025-06-12
PO01678,2025-02-28,S022,P059,WH-South,207,199,524.57,104389.43,2025-03-16,2025-03-16
PO01679,2026-02-07,S017,P026,WH-North,413,413,5615.99,2319403.87,2026-02-14,2026-02-21
PO01680,2026-05-06,S012,P050,WH-North,146,137,1675.05,229481.85,2026-05-22,2026-05-24
PO01681,2025-02-02,S017,P087,WH-West,399,396,5608.98,2221156.08,2025-02-22,2025-02-19
PO01682,2026-06-18,S019,P080,WH-East,408,403,5694.0,2294682.0,2026-07-04,2026-07-04
PO01683,2026-02-15,S005,P061,WH-East,326,326,6142.41,2002425.66,2026-03-06,2026-03-07
PO01684,2026-03-10,S017,P055,WH-North,26,25,1236.07,30901.75,2026-04-01,2026-03-29
PO01685,2026-01-06,S012,P064,WH-East,41,35,6957.51,243512.85,2026-01-26,2026-01-24
PO01686,2025-06-30,S001,P003,WH-South,43,38,5817.69,221072.22,2025-07-10,2025-07-08
PO01687,2025-02-19,S009,P030,WH-East,401,392,5123.21,2008298.32,2025-03-12,2025-03-14
PO01688,2025-11-18,S022,P058,WH-South,379,350,2347.48,821618.0,2025-11-25,2025-11-23
PO01689,2026-05-14,S008,P013,WH-West,317,276,272.75,75279.0,2026-06-05,2026-06-07
PO01690,2025-03-24,S017,P072,WH-East,270,257,5486.78,1410102.46,2025-04-08,2025-04-13
PO01691,2026-06-20,S015,P024,WH-South,169,169,3955.92,668550.48,2026-07-11,2026-07-09
PO01692,2025-03-10,S025,P069,WH-West,182,162,5619.39,910341.18,2025-03-20,2025-03-23
PO01693,2025-01-08,S021,P007,WH-West,135,127,7730.21,981736.67,2025-01-30,2025-02-06
PO01694,2025-04-09,S022,P051,WH-West,202,189,366.79,69323.31,2025-04-18,2025-04-15
PO01695,2025-07-27,S015,P054,WH-East,265,224,3739.53,837654.72,2025-08-16,2025-08-21
PO01696,2025-07-11,S022,P051,WH-South,150,126,366.79,46215.54,2025-08-04,2025-08-04
PO01697,2026-01-07,S001,P027,WH-North,386,385,3376.64,1300006.4,2026-01-21,2026-01-22
PO01698,2025-01-26,S015,P012,WH-North,381,381,2355.34,897384.54,2025-02-15,2025-02-15
PO01699,2026-05-22,S001,P041,WH-South,474,474,7152.57,3390318.18,2026-05-29,2026-06-04
PO01700,2025-05-28,S004,P089,WH-West,294,264,3726.91,983904.24,2025-06-11,2025-06-16
PO01701,2026-01-13,S010,P033,WH-North,445,390,5454.17,2127126.3,2026-02-04,2026-02-01
PO01702,2026-05-31,S009,P079,WH-East,449,449,6732.07,3022699.43,2026-06-20,2026-06-26
PO01703,2025-03-06,S019,P031,WH-West,347,346,1614.17,558502.82,2025-03-27,2025-03-29
PO01704,2025-10-06,S021,P011,WH-North,144,142,7695.2,1092718.4,2025-10-27,2025-11-04
PO01705,2026-01-01,S020,P036,WH-South,234,208,6872.15,1429407.2,2026-01-15,2026-01-16
PO01706,2026-05-14,S007,P006,WH-North,423,401,514.64,206370.64,2026-05-23,2026-05-27
PO01707,2025-06-18,S023,P045,WH-East,308,299,7714.42,2306611.58,2025-06-26,2025-06-24
PO01708,2026-04-07,S020,P060,WH-South,409,383,1061.17,406428.11,2026-04-26,2026-05-04
PO01709,2026-02-24,S022,P090,WH-North,290,273,1950.75,532554.75,2026-03-16,2026-03-16
PO01710,2026-06-22,S017,P072,WH-North,88,85,5486.78,466376.3,2026-07-14,2026-07-15
PO01711,2025-02-09,S016,P037,WH-North,481,468,1418.79,663993.72,2025-03-04,2025-03-08
PO01712,2026-05-23,S009,P030,WH-West,476,413,5123.21,2115885.73,2026-06-06,2026-06-03
PO01713,2025-12-29,S022,P038,WH-West,365,328,7793.26,2556189.28,2026-01-13,2026-01-16
PO01714,2026-05-02,S003,P016,WH-East,499,487,4791.69,2333553.03,2026-05-15,2026-05-19
PO01715,2025-03-25,S009,P079,WH-North,275,240,6732.07,1615696.8,2025-04-03,2025-03-31
PO01716,2025-08-26,S022,P038,WH-East,306,306,7793.26,2384737.56,2025-09-05,2025-09-06
PO01717,2025-12-10,S001,P053,WH-South,281,278,6607.41,1836859.98,2025-12-17,2025-12-19
PO01718,2026-04-03,S003,P008,WH-East,404,404,5513.62,2227502.48,2026-04-20,2026-04-26
PO01719,2026-05-24,S018,P099,WH-West,166,146,1041.43,152048.78,2026-06-03,2026-06-04
PO01720,2025-12-04,S004,P009,WH-North,34,29,5350.8,155173.2,2025-12-19,2025-12-24
PO01721,2025-07-01,S012,P021,WH-West,309,260,2470.72,642387.2,2025-07-21,2025-07-21
PO01722,2025-01-07,S001,P041,WH-South,467,435,7152.57,3111367.95,2025-01-22,2025-01-20
PO01723,2026-02-12,S025,P069,WH-West,358,315,5619.39,1770107.85,2026-02-26,2026-03-03
PO01724,2025-10-26,S013,P019,WH-North,196,171,4142.28,708329.88,2025-11-15,2025-11-13
PO01725,2025-09-19,S019,P080,WH-West,478,413,5694.0,2351622.0,2025-10-07,2025-10-05
PO01726,2026-02-03,S007,P018,WH-North,101,94,5728.7,538497.8,2026-02-23,2026-03-03
PO01727,2026-04-20,S013,P076,WH-East,491,456,1819.91,829878.96,2026-05-11,2026-05-13
PO01728,2025-07-08,S019,P080,WH-North,193,175,5694.0,996450.0,2025-07-20,2025-07-25
PO01729,2025-10-04,S023,P005,WH-East,70,59,3730.15,220078.85,2025-10-12,2025-10-13
PO01730,2026-05-25,S017,P067,WH-South,476,476,3111.48,1481064.48,2026-06-15,2026-06-21
PO01731,2025-04-06,S023,P071,WH-South,286,259,3389.05,877763.95,2025-04-20,2025-04-18
PO01732,2025-02-01,S001,P032,WH-West,23,19,6504.58,123587.02,2025-02-07,2025-02-15
PO01733,2025-09-25,S021,P095,WH-South,357,295,4617.29,1362100.55,2025-10-11,2025-10-13
PO01734,2026-01-28,S012,P078,WH-North,490,417,5690.78,2373055.26,2026-02-20,2026-02-17
PO01735,2026-06-16,S012,P088,WH-West,316,278,5620.86,1562599.08,2026-07-09,2026-07-15
PO01736,2026-02-03,S010,P048,WH-West,467,442,6812.06,3010930.52,2026-02-15,2026-02-21
PO01737,2025-08-26,S010,P033,WH-East,276,276,5454.17,1505350.92,2025-09-05,2025-09-04
PO01738,2026-06-17,S025,P069,WH-North,492,430,5619.39,2416337.7,2026-07-10,2026-07-09
PO01739,2025-12-16,S017,P072,WH-North,28,27,5486.78,148143.06,2026-01-07,2026-01-13
PO01740,2025-12-17,S022,P002,WH-East,442,442,6949.48,3071670.16,2026-01-04,2026-01-06
PO01741,2025-01-11,S015,P054,WH-North,340,305,3739.53,1140556.65,2025-01-18,2025-01-18
PO01742,2025-03-05,S019,P042,WH-South,391,340,4016.26,1365528.4,2025-03-27,2025-04-03
PO01743,2025-05-02,S003,P035,WH-East,292,268,7193.14,1927761.52,2025-05-25,2025-06-01
PO01744,2025-07-06,S005,P061,WH-South,342,342,6142.41,2100704.22,2025-07-25,2025-07-29
PO01745,2026-01-27,S020,P060,WH-North,362,298,1061.17,316228.66,2026-02-16,2026-02-19
PO01746,2025-07-19,S008,P098,WH-West,276,253,2306.64,583579.92,2025-08-09,2025-08-14
PO01747,2025-02-24,S025,P094,WH-North,427,415,7900.12,3278549.8,2025-03-03,2025-03-04
PO01748,2026-01-17,S025,P049,WH-South,480,451,2161.22,974710.22,2026-02-08,2026-02-15
PO01749,2025-10-22,S003,P023,WH-West,397,365,1939.29,707840.85,2025-11-08,2025-11-09
PO01750,2025-02-24,S007,P068,WH-North,167,155,6782.27,1051251.85,2025-03-12,2025-03-13
PO01751,2026-03-03,S003,P035,WH-North,211,199,7193.14,1431434.86,2026-03-26,2026-03-31
PO01752,2025-03-21,S010,P014,WH-West,423,405,5698.83,2308026.15,2025-03-27,2025-03-25
PO01753,2026-05-04,S007,P022,WH-East,143,127,7083.75,899636.25,2026-05-09,2026-05-12
PO01754,2025-09-29,S009,P030,WH-East,223,206,5123.21,1055381.26,2025-10-13,2025-10-19
PO01755,2025-09-18,S001,P003,WH-South,356,311,5817.69,1809301.59,2025-10-10,2025-10-09
PO01756,2025-09-08,S012,P075,WH-West,104,104,4020.25,418106.0,2025-09-24,2025-09-28
PO01757,2025-10-23,S014,P010,WH-North,443,380,6761.94,2569537.2,2025-11-09,2025-11-14
PO01758,2025-06-22,S017,P067,WH-South,491,417,3111.48,1297487.16,2025-06-30,2025-07-07
PO01759,2025-09-10,S001,P041,WH-West,177,155,7152.57,1108648.35,2025-09-15,2025-09-22
PO01760,2026-06-20,S010,P048,WH-North,426,426,6812.06,2901937.56,2026-06-28,2026-07-04
PO01761,2026-05-04,S012,P050,WH-East,42,40,1675.05,67002.0,2026-05-28,2026-06-02
PO01762,2025-05-06,S025,P069,WH-East,139,127,5619.39,713662.53,2025-05-28,2025-05-29
PO01763,2026-03-15,S022,P058,WH-North,75,75,2347.48,176061.0,2026-04-05,2026-04-11
PO01764,2025-10-16,S001,P015,WH-East,322,322,7332.43,2361042.46,2025-11-09,2025-11-16
PO01765,2025-06-28,S010,P048,WH-East,420,378,6812.06,2574958.68,2025-07-16,2025-07-23
PO01766,2025-03-21,S007,P006,WH-North,21,20,514.64,10292.8,2025-03-27,2025-04-04
PO01767,2025-04-07,S010,P004,WH-East,381,381,4269.34,1626618.54,2025-04-25,2025-04-30
PO01768,2025-01-30,S003,P023,WH-North,235,208,1939.29,403372.32,2025-02-13,2025-02-12
PO01769,2026-03-20,S023,P045,WH-West,52,47,7714.42,362577.74,2026-04-13,2026-04-17
PO01770,2025-09-20,S005,P065,WH-South,268,262,5199.81,1362350.22,2025-09-27,2025-09-30
PO01771,2026-01-25,S009,P056,WH-West,256,246,765.88,188406.48,2026-02-13,2026-02-13
PO01772,2025-03-07,S008,P098,WH-North,127,105,2306.64,242197.2,2025-03-18,2025-03-26
PO01773,2026-06-15,S004,P063,WH-South,290,245,4099.62,1004406.9,2026-07-04,2026-07-09
PO01774,2025-09-27,S001,P015,WH-West,307,304,7332.43,2229058.72,2025-10-20,2025-10-23
PO01775,2025-02-18,S010,P004,WH-North,381,315,4269.34,1344842.1,2025-03-06,2025-03-10
PO01776,2025-02-03,S013,P091,WH-North,181,181,2579.79,466941.99,2025-02-11,2025-02-18
PO01777,2025-08-28,S023,P077,WH-West,463,405,7797.85,3158129.25,2025-09-02,2025-09-06
PO01778,2025-11-10,S001,P032,WH-North,489,460,6504.58,2992106.8,2025-11-19,2025-11-18
PO01779,2025-05-29,S004,P009,WH-North,306,285,5350.8,1524978.0,2025-06-11,2025-06-14
PO01780,2026-03-31,S004,P089,WH-West,290,261,3726.91,972723.51,2026-04-12,2026-04-16
PO01781,2025-06-06,S022,P057,WH-North,167,138,606.82,83741.16,2025-06-24,2025-06-23
PO01782,2025-08-20,S017,P067,WH-West,125,107,3111.48,332928.36,2025-09-07,2025-09-12
PO01783,2025-07-26,S021,P039,WH-South,490,462,1910.51,882655.62,2025-08-03,2025-08-09
PO01784,2025-06-21,S019,P040,WH-East,50,45,5809.38,261422.1,2025-07-02,2025-07-02
PO01785,2026-02-16,S003,P016,WH-North,277,250,4791.69,1197922.5,2026-02-22,2026-02-28
PO01786,2025-06-15,S013,P081,WH-South,288,242,7060.83,1708720.86,2025-06-30,2025-07-03
PO01787,2026-06-11,S013,P091,WH-South,371,330,2579.79,851330.7,2026-06-22,2026-06-26
PO01788,2026-05-20,S014,P010,WH-North,388,359,6761.94,2427536.46,2026-06-13,2026-06-17
PO01789,2026-06-28,S001,P053,WH-West,419,350,6607.41,2312593.5,2026-07-19,2026-07-20
PO01790,2025-03-17,S005,P065,WH-North,290,242,5199.81,1258354.02,2025-04-05,2025-04-08
PO01791,2025-07-31,S012,P050,WH-West,44,40,1675.05,67002.0,2025-08-08,2025-08-12
PO01792,2025-01-22,S005,P029,WH-North,351,327,6128.71,2004088.17,2025-01-28,2025-02-04
PO01793,2025-06-03,S007,P018,WH-South,47,41,5728.7,234876.7,2025-06-16,2025-06-14
PO01794,2026-02-28,S017,P052,WH-North,124,110,1367.08,150378.8,2026-03-16,2026-03-22
PO01795,2025-10-19,S001,P032,WH-North,287,281,6504.58,1827786.98,2025-11-11,2025-11-11
PO01796,2026-02-14,S010,P033,WH-East,396,394,5454.17,2148942.98,2026-03-09,2026-03-11
PO01797,2025-05-01,S005,P086,WH-South,232,205,2683.09,550033.45,2025-05-08,2025-05-13
PO01798,2026-05-26,S021,P011,WH-North,479,427,7695.2,3285850.4,2026-06-19,2026-06-17
PO01799,2026-05-27,S005,P029,WH-South,457,451,6128.71,2764048.21,2026-06-05,2026-06-08
PO01800,2026-01-20,S002,P020,WH-West,205,205,1946.07,398944.35,2026-02-02,2026-01-31
PO01801,2025-08-22,S007,P022,WH-North,388,343,7083.75,2429726.25,2025-09-14,2025-09-20
PO01802,2025-08-06,S005,P096,WH-North,163,159,4344.62,690794.58,2025-08-19,2025-08-17
PO01803,2026-02-20,S017,P072,WH-South,209,191,5486.78,1047974.98,2026-03-14,2026-03-11
PO01804,2026-04-07,S005,P086,WH-South,93,81,2683.09,217330.29,2026-04-27,2026-05-02
PO01805,2025-12-05,S001,P015,WH-South,413,395,7332.43,2896309.85,2025-12-11,2025-12-13
PO01806,2025-09-03,S003,P035,WH-South,469,428,7193.14,3078663.92,2025-09-19,2025-09-17
PO01807,2025-05-29,S019,P080,WH-East,110,96,5694.0,546624.0,2025-06-20,2025-06-26
PO01808,2026-02-08,S022,P093,WH-South,71,60,7471.92,448315.2,2026-02-23,2026-02-23
PO01809,2026-05-18,S002,P034,WH-North,305,303,5330.87,1615253.61,2026-05-25,2026-05-25
PO01810,2026-01-19,S002,P020,WH-North,116,116,1946.07,225744.12,2026-02-12,2026-02-20
PO01811,2025-02-02,S023,P077,WH-West,35,29,7797.85,226137.65,2025-02-09,2025-02-12
PO01812,2026-02-06,S009,P056,WH-South,157,150,765.88,114882.0,2026-02-25,2026-02-28
PO01813,2026-03-01,S022,P051,WH-South,162,138,366.79,50617.02,2026-03-17,2026-03-17
PO01814,2025-09-26,S023,P077,WH-South,301,286,7797.85,2230185.1,2025-10-01,2025-10-02
PO01815,2025-10-26,S021,P095,WH-South,208,208,4617.29,960396.32,2025-11-10,2025-11-17
PO01816,2025-04-23,S013,P085,WH-South,34,30,800.7,24021.0,2025-04-29,2025-05-07
PO01817,2026-05-19,S012,P050,WH-North,153,136,1675.05,227806.8,2026-06-06,2026-06-14
PO01818,2025-11-17,S009,P030,WH-East,484,474,5123.21,2428401.54,2025-11-22,2025-11-27
PO01819,2025-02-09,S017,P025,WH-West,128,124,1867.3,231545.2,2025-03-03,2025-03-05
PO01820,2025-12-31,S025,P094,WH-South,148,133,7900.12,1050715.96,2026-01-22,2026-01-20
PO01821,2025-07-25,S014,P074,WH-South,133,132,7257.25,957957.0,2025-08-13,2025-08-11
PO01822,2025-08-23,S023,P071,WH-South,106,106,3389.05,359239.3,2025-08-31,2025-08-30
PO01823,2025-04-17,S008,P098,WH-South,245,223,2306.64,514380.72,2025-04-23,2025-04-30
PO01824,2025-04-02,S010,P004,WH-East,182,151,4269.34,644670.34,2025-04-21,2025-04-24
PO01825,2026-02-18,S004,P063,WH-East,143,132,4099.62,541149.84,2026-03-07,2026-03-05
PO01826,2025-02-09,S007,P022,WH-North,126,122,7083.75,864217.5,2025-02-23,2025-02-20
PO01827,2026-01-31,S022,P057,WH-West,364,314,606.82,190541.48,2026-02-19,2026-02-19
PO01828,2026-04-19,S022,P093,WH-South,148,124,7471.92,926518.08,2026-04-29,2026-05-05
PO01829,2026-04-11,S015,P054,WH-South,364,319,3739.53,1192910.07,2026-04-25,2026-04-28
PO01830,2025-11-02,S010,P004,WH-North,313,257,4269.34,1097220.38,2025-11-09,2025-11-10
PO01831,2025-02-12,S005,P065,WH-West,483,465,5199.81,2417911.65,2025-03-01,2025-03-04
PO01832,2025-05-13,S010,P048,WH-West,258,219,6812.06,1491841.14,2025-06-04,2025-06-07
PO01833,2025-12-17,S003,P023,WH-North,60,58,1939.29,112478.82,2025-12-27,2026-01-04
PO01834,2025-05-29,S003,P023,WH-South,159,138,1939.29,267622.02,2025-06-16,2025-06-19
PO01835,2025-03-12,S007,P006,WH-East,467,467,514.64,240336.88,2025-04-03,2025-04-10
PO01836,2025-11-17,S025,P069,WH-North,157,145,5619.39,814811.55,2025-12-02,2025-11-29
PO01837,2026-03-20,S012,P064,WH-South,174,144,6957.51,1001881.44,2026-04-13,2026-04-20
PO01838,2025-06-11,S017,P087,WH-South,442,431,5608.98,2417470.38,2025-06-30,2025-07-04
PO01839,2025-12-26,S023,P071,WH-South,253,228,3389.05,772703.4,2026-01-12,2026-01-14
PO01840,2026-04-03,S023,P005,WH-North,474,446,3730.15,1663646.9,2026-04-23,2026-04-25
PO01841,2025-07-15,S010,P033,WH-North,345,345,5454.17,1881688.65,2025-07-31,2025-08-06
PO01842,2025-06-09,S017,P026,WH-North,64,59,5615.99,331343.41,2025-06-14,2025-06-14
PO01843,2026-05-21,S022,P059,WH-South,286,281,524.57,147404.17,2026-06-08,2026-06-16
PO01844,2025-04-02,S013,P085,WH-North,273,240,800.7,192168.0,2025-04-09,2025-04-14
PO01845,2025-09-18,S002,P034,WH-South,299,288,5330.87,1535290.56,2025-10-02,2025-10-08
PO01846,2025-05-25,S017,P026,WH-East,332,279,5615.99,1566861.21,2025-06-08,2025-06-13
PO01847,2025-08-27,S014,P074,WH-East,59,59,7257.25,428177.75,2025-09-01,2025-09-08
PO01848,2025-03-12,S013,P066,WH-East,364,313,6590.35,2062779.55,2025-04-03,2025-04-05
PO01849,2026-04-20,S002,P020,WH-West,312,275,1946.07,535169.25,2026-05-11,2026-05-18
PO01850,2025-11-04,S010,P014,WH-West,278,278,5698.83,1584274.74,2025-11-27,2025-12-02
PO01851,2026-02-03,S023,P071,WH-North,471,401,3389.05,1359009.05,2026-02-08,2026-02-05
PO01852,2025-04-13,S014,P074,WH-West,87,76,7257.25,551551.0,2025-04-22,2025-04-25
PO01853,2025-10-07,S021,P095,WH-South,396,371,4617.29,1713014.59,2025-10-17,2025-10-22
PO01854,2025-05-13,S003,P008,WH-West,252,252,5513.62,1389432.24,2025-05-18,2025-05-19
PO01855,2025-03-27,S022,P058,WH-North,404,387,2347.48,908474.76,2025-04-17,2025-04-19
PO01856,2025-06-30,S019,P001,WH-East,113,95,1589.96,151046.2,2025-07-16,2025-07-18
PO01857,2025-02-04,S022,P093,WH-South,226,219,7471.92,1636350.48,2025-02-12,2025-02-13
PO01858,2026-05-21,S019,P031,WH-East,320,290,1614.17,468109.3,2026-05-29,2026-06-04
PO01859,2025-02-03,S003,P008,WH-South,306,306,5513.62,1687167.72,2025-02-17,2025-02-22
PO01860,2026-04-23,S019,P080,WH-North,312,295,5694.0,1679730.0,2026-05-05,2026-05-06
PO01861,2026-04-11,S020,P083,WH-South,133,123,1022.9,125816.7,2026-04-27,2026-04-26
PO01862,2026-01-20,S022,P090,WH-West,472,440,1950.75,858330.0,2026-02-05,2026-02-07
PO01863,2025-05-02,S020,P060,WH-East,62,59,1061.17,62609.03,2025-05-09,2025-05-11
PO01864,2025-11-05,S010,P062,WH-South,104,101,7600.79,767679.79,2025-11-25,2025-11-22
PO01865,2025-07-27,S014,P010,WH-West,118,99,6761.94,669432.06,2025-08-04,2025-08-11
PO01866,2025-05-06,S007,P018,WH-South,279,236,5728.7,1351973.2,2025-05-15,2025-05-15
PO01867,2026-05-20,S013,P066,WH-West,218,192,6590.35,1265347.2,2026-06-08,2026-06-14
PO01868,2025-03-03,S022,P093,WH-West,141,129,7471.92,963877.68,2025-03-15,2025-03-23
PO01869,2025-02-24,S013,P066,WH-West,48,42,6590.35,276794.7,2025-03-20,2025-03-26
PO01870,2025-12-14,S017,P052,WH-East,375,324,1367.08,442933.92,2025-12-28,2025-12-25
PO01871,2026-01-09,S017,P067,WH-East,118,118,3111.48,367154.64,2026-01-14,2026-01-16
PO01872,2026-06-07,S012,P088,WH-East,115,95,5620.86,533981.7,2026-06-21,2026-06-19
PO01873,2025-08-28,S004,P009,WH-West,381,381,5350.8,2038654.8,2025-09-19,2025-09-20
PO01874,2025-08-12,S010,P048,WH-East,263,263,6812.06,1791571.78,2025-09-02,2025-09-01
PO01875,2026-06-22,S020,P060,WH-South,158,151,1061.17,160236.67,2026-06-30,2026-07-02
PO01876,2025-02-17,S012,P078,WH-West,308,255,5690.78,1451148.9,2025-03-06,2025-03-11
PO01877,2026-05-02,S017,P052,WH-South,456,394,1367.08,538629.52,2026-05-12,2026-05-20
PO01878,2026-06-05,S014,P043,WH-East,252,252,6183.15,1558153.8,2026-06-10,2026-06-09
PO01879,2025-11-30,S012,P075,WH-South,140,140,4020.25,562835.0,2025-12-05,2025-12-10
PO01880,2025-09-04,S012,P050,WH-East,36,36,1675.05,60301.8,2025-09-11,2025-09-12
PO01881,2025-04-15,S012,P088,WH-South,159,159,5620.86,893716.74,2025-04-24,2025-04-22
PO01882,2026-05-29,S010,P014,WH-North,20,17,5698.83,96880.11,2026-06-20,2026-06-26
PO01883,2026-05-24,S007,P018,WH-South,203,190,5728.7,1088453.0,2026-06-09,2026-06-17
PO01884,2026-04-04,S016,P100,WH-West,42,41,4482.47,183781.27,2026-04-09,Unknown
PO01885,2026-01-07,S023,P077,WH-East,26,23,7797.85,179350.55,2026-01-20,2026-01-26
PO01886,2025-02-04,S002,P034,WH-West,353,320,5330.87,1705878.4,2025-02-25,2025-03-03
PO01887,2025-09-01,S020,P083,WH-North,444,389,1022.9,397908.1,2025-09-18,2025-09-26
PO01888,2026-02-13,S001,P041,WH-North,72,60,7152.57,429154.2,2026-03-03,Unknown
PO01889,2026-06-05,S012,P075,WH-West,251,209,4020.25,840232.25,2026-06-20,2026-06-19
PO01890,2025-07-24,S025,P049,WH-East,282,232,2161.22,501403.04,2025-08-08,2025-08-13
PO01891,2026-06-29,S022,P090,WH-East,481,445,1950.75,868083.75,2026-07-07,2026-07-09
PO01892,2026-05-08,S025,P069,WH-South,117,110,5619.39,618132.9,2026-05-21,2026-05-18
PO01893,2025-09-26,S013,P085,WH-South,213,188,800.7,150531.6,2025-10-18,2025-10-15
PO01894,2025-06-01,S004,P009,WH-North,272,268,5350.8,1434014.4,2025-06-24,2025-07-01
PO01895,2025-03-03,S010,P048,WH-West,359,358,6812.06,2438717.48,2025-03-11,2025-03-10
PO01896,2025-06-17,S015,P012,WH-South,228,193,2355.34,454580.62,2025-07-03,2025-07-04
PO01897,2026-01-19,S005,P065,WH-South,93,77,5199.81,400385.37,2026-02-10,2026-02-12
PO01898,2025-11-08,S010,P014,WH-South,456,403,5698.83,2296628.49,2025-11-30,2025-12-01
PO01899,2025-03-01,S012,P064,WH-North,24,23,6957.51,160022.73,2025-03-11,2025-03-15
PO01900,2025-10-06,S017,P026,WH-South,372,343,5615.99,1926284.57,2025-10-21,2025-10-23
PO01901,2025-11-13,S021,P007,WH-South,376,345,7730.21,2666922.45,2025-11-22,2025-11-20
PO01902,2025-10-27,S017,P055,WH-East,183,156,1236.07,192826.92,2025-11-16,2025-11-17
PO01903,2025-02-12,S022,P059,WH-North,319,284,524.57,148977.88,2025-02-27,2025-03-07
PO01904,2025-11-14,S019,P080,WH-East,385,385,5694.0,2192190.0,2025-11-23,2025-11-26
PO01905,2025-04-22,S009,P079,WH-North,141,125,6732.07,841508.75,2025-05-05,2025-05-03
PO01906,2026-05-22,S009,P056,WH-East,158,148,765.88,113350.24,2026-06-06,2026-06-07
PO01907,2026-04-18,S007,P068,WH-East,467,388,6782.27,2631520.76,2026-05-07,2026-05-15
PO01908,2025-06-20,S009,P030,WH-East,168,140,5123.21,717249.4,2025-07-11,2025-07-12
PO01909,2025-12-26,S003,P023,WH-East,407,368,1939.29,713658.72,2026-01-17,2026-01-21
PO01910,2026-02-15,S005,P086,WH-South,364,342,2683.09,917616.78,2026-03-05,2026-03-10
PO01911,2025-09-14,S009,P079,WH-West,54,48,6732.07,323139.36,2025-09-25,2025-09-24
PO01912,2025-02-18,S007,P017,WH-South,310,265,5748.97,1523477.05,2025-03-10,2025-03-18
PO01913,2026-04-09,S022,P002,WH-South,54,52,6949.48,361372.96,2026-04-22,2026-04-22
PO01914,2025-08-14,S017,P072,WH-East,186,158,5486.78,866911.24,2025-08-21,2025-08-29
PO01915,2026-06-07,S003,P070,WH-North,308,294,2363.97,695007.18,2026-06-27,2026-07-02
PO01916,2026-01-28,S021,P039,WH-North,96,96,1910.51,183408.96,2026-02-08,2026-02-13
PO01917,2025-03-29,S025,P092,WH-West,343,314,7533.17,2365415.38,2025-04-09,2025-04-08
PO01918,2025-04-11,S010,P048,WH-East,396,341,6812.06,2322912.46,2025-05-05,2025-05-03
PO01919,2025-04-09,S023,P005,WH-East,447,442,3730.15,1648726.3,2025-04-14,2025-04-21
PO01920,2026-06-18,S012,P021,WH-West,251,231,2470.72,570736.32,2026-06-30,2026-07-08
PO01921,2026-05-01,S012,P050,WH-South,326,326,1675.05,546066.3,2026-05-06,2026-05-14
PO01922,2025-03-12,S002,P020,WH-East,267,257,1946.07,500139.99,2025-03-28,2025-03-31
PO01923,2026-03-04,S008,P098,WH-West,313,284,2306.64,655085.76,2026-03-25,2026-03-25
PO01924,2025-10-13,S023,P071,WH-South,61,58,3389.05,196564.9,2025-10-27,2025-10-26
PO01925,2025-11-12,S025,P094,WH-South,192,164,7900.12,1295619.68,2025-12-05,2025-12-03
PO01926,2026-04-22,S025,P094,WH-East,49,44,7900.12,347605.28,2026-05-05,2026-05-11
PO01927,2025-05-07,S009,P079,WH-North,494,464,6732.07,3123680.48,2025-05-21,2025-05-28
PO01928,2026-03-01,S013,P091,WH-West,182,171,2579.79,441144.09,2026-03-16,2026-03-24
PO01929,2026-01-22,S017,P073,WH-North,47,44,4048.01,178112.44,2026-02-05,2026-02-09
PO01930,2025-05-19,S001,P027,WH-West,444,430,3376.64,1451955.2,2025-06-09,2025-06-12
PO01931,2025-05-12,S022,P002,WH-East,381,320,6949.48,2223833.6,2025-05-23,2025-05-30
PO01932,2025-08-24,S016,P100,WH-South,192,160,4482.47,717195.2,2025-09-02,2025-09-09
PO01933,2025-06-10,S013,P091,WH-South,323,274,2579.79,706862.46,2025-07-04,2025-07-05
PO01934,2026-02-21,S002,P047,WH-North,330,323,7921.92,2558780.16,2026-03-09,2026-03-12
PO01935,2026-02-08,S019,P040,WH-South,411,342,5809.38,1986807.96,2026-02-17,2026-02-14
PO01936,2025-06-14,S004,P089,WH-North,173,150,3726.91,559036.5,2025-06-19,2025-06-24
PO01937,2025-08-14,S020,P036,WH-East,382,333,6872.15,2288425.95,2025-08-28,2025-09-01
PO01938,2025-05-29,S023,P071,WH-West,245,233,3389.05,789648.65,2025-06-09,2025-06-16
PO01939,2025-11-10,S008,P013,WH-East,144,130,272.75,35457.5,2025-11-26,2025-11-26
PO01940,2025-11-03,S025,P084,WH-South,390,335,6608.9,2213981.5,2025-11-09,2025-11-06
PO01941,2026-02-24,S007,P022,WH-East,176,160,7083.75,1133400.0,2026-03-09,2026-03-17
PO01942,2025-06-27,S007,P018,WH-East,330,316,5728.7,1810269.2,2025-07-06,2025-07-06
PO01943,2025-11-27,S012,P075,WH-South,213,208,4020.25,836212.0,2025-12-06,2025-12-03
PO01944,2026-05-19,S007,P006,WH-South,345,291,514.64,149760.24,2026-06-06,2026-06-08
PO01945,2026-06-25,S007,P068,WH-North,323,311,6782.27,2109285.97,2026-07-18,2026-07-22
PO01946,2025-10-25,S017,P067,WH-West,483,396,3111.48,1232146.08,2025-11-16,2025-11-23
PO01947,2025-07-06,S017,P052,WH-East,282,272,1367.08,371845.76,2025-07-18,2025-07-19
PO01948,2026-03-27,S003,P070,WH-East,94,90,2363.97,212757.3,2026-04-03,2026-04-08
PO01949,2025-03-25,S009,P079,WH-South,142,130,6732.07,875169.1,2025-04-12,2025-04-18
PO01950,2025-09-15,S001,P003,WH-West,99,84,5817.69,488685.96,2025-09-30,2025-09-28
PO01951,2025-04-24,S007,P017,WH-East,153,149,5748.97,856596.53,2025-05-06,2025-05-14
PO01952,2025-03-30,S025,P094,WH-North,440,367,7900.12,2899344.04,2025-04-15,2025-04-13
PO01953,2026-06-20,S005,P086,WH-North,412,412,2683.09,1105433.08,2026-07-05,2026-07-05
PO01954,2026-02-25,S013,P066,WH-South,278,271,6590.35,1785984.85,2026-03-10,2026-03-12
PO01955,2025-06-23,S022,P057,WH-East,456,441,606.82,267607.62,2025-07-01,2025-07-03
PO01956,2026-05-17,S019,P080,WH-North,112,109,5694.0,620646.0,2026-06-09,2026-06-11
PO01957,2026-04-19,S007,P022,WH-East,136,113,7083.75,800463.75,2026-04-30,2026-05-02
PO01958,2025-08-01,S021,P011,WH-South,411,411,7695.2,3162727.2,2025-08-22,2025-08-19
PO01959,2025-06-22,S020,P036,WH-South,187,185,6872.15,1271347.75,2025-07-12,2025-07-09
PO01960,2026-02-04,S001,P053,WH-West,36,33,6607.41,218044.53,2026-02-27,2026-03-07
PO01961,2025-10-06,S013,P076,WH-East,401,387,1819.91,704305.17,2025-10-22,2025-10-21
PO01962,2025-08-04,S019,P040,WH-North,249,241,5809.38,1400060.58,2025-08-15,2025-08-13
PO01963,2026-05-25,S003,P035,WH-South,383,378,7193.14,2719006.92,2026-06-12,2026-06-15
PO01964,2025-08-07,S014,P043,WH-East,473,412,6183.15,2547457.8,2025-08-22,2025-08-24
PO01965,2025-04-14,S023,P045,WH-East,322,288,7714.42,2221752.96,2025-04-29,2025-04-30
PO01966,2025-02-20,S001,P041,WH-North,30,29,7152.57,207424.53,2025-03-03,2025-03-07
PO01967,2025-03-18,S012,P064,WH-South,413,402,6957.51,2796919.02,2025-04-02,2025-03-31
PO01968,2026-03-05,S001,P015,WH-West,80,74,7332.43,542599.82,2026-03-12,2026-03-19
PO01969,2025-01-04,S017,P044,WH-East,405,364,3055.75,1112293.0,2025-01-23,2025-01-31
PO01970,2025-11-07,S019,P042,WH-South,264,264,4016.26,1060292.64,2025-11-14,2025-11-17
PO01971,2025-03-30,S022,P059,WH-West,432,390,524.57,204582.3,2025-04-12,Unknown
PO01972,2026-04-16,S013,P085,WH-South,89,87,800.7,69660.9,2026-05-07,2026-05-07
PO01973,2025-12-29,S010,P004,WH-South,326,294,4269.34,1255185.96,2026-01-19,2026-01-26
PO01974,2025-01-30,S023,P071,WH-East,260,229,3389.05,776092.45,2025-02-15,2025-02-23
PO01975,2025-06-07,S005,P029,WH-East,348,330,6128.71,2022474.3,2025-06-18,2025-06-17
PO01976,2026-06-01,S001,P041,WH-North,403,396,7152.57,2832417.72,2026-06-16,2026-06-13
PO01977,2026-05-08,S007,P006,WH-North,213,213,514.64,109618.32,2026-05-26,2026-06-01
PO01978,2025-09-28,S021,P039,WH-South,343,291,1910.51,555958.41,2025-10-22,2025-10-20
PO01979,2026-02-05,S013,P081,WH-East,332,330,7060.83,2330073.9,2026-02-10,2026-02-13
PO01980,2025-02-17,S016,P100,WH-South,188,174,4482.47,779949.78,2025-02-27,2025-02-26
PO01981,2025-12-19,S013,P066,WH-East,251,211,6590.35,1390563.85,2026-01-09,2026-01-16
PO01982,2025-10-08,S013,P081,WH-West,113,111,7060.83,783752.13,2025-10-21,2025-10-22
PO01983,2026-05-15,S022,P093,WH-East,467,414,7471.92,3093374.88,2026-05-20,2026-05-27
PO01984,2025-10-02,S001,P027,WH-South,151,150,3376.64,506496.0,2025-10-18,2025-10-17
PO01985,2025-02-28,S021,P007,WH-North,404,344,7730.21,2659192.24,2025-03-24,2025-03-27
PO01986,2025-06-30,S021,P011,WH-East,478,460,7695.2,3539792.0,2025-07-21,2025-07-29
PO01987,2026-04-16,S022,P090,WH-South,26,23,1950.75,44867.25,2026-04-24,2026-04-24
PO01988,2026-02-28,S001,P032,WH-West,101,88,6504.58,572403.04,2026-03-12,2026-03-16
PO01989,2025-08-01,S017,P087,WH-North,155,129,5608.98,723558.42,2025-08-24,2025-08-30
PO01990,2025-04-10,S022,P051,WH-North,369,338,366.79,123975.02,2025-05-03,2025-05-07
PO01991,2026-04-07,S019,P040,WH-West,98,88,5809.38,511225.44,2026-04-16,2026-04-16
PO01992,2025-01-19,S021,P007,WH-East,461,384,7730.21,2968400.64,2025-02-03,2025-02-11
PO01993,2026-06-20,S019,P001,WH-West,29,25,1589.96,39749.0,2026-06-30,2026-06-28
PO01994,2025-03-31,S017,P025,WH-South,129,118,1867.3,220341.4,2025-04-17,2025-04-20
PO01995,2026-05-05,S021,P095,WH-West,270,265,4617.29,1223581.85,2026-05-28,2026-05-25
PO01996,2025-11-11,S007,P006,WH-North,213,213,514.64,109618.32,2025-11-21,2025-11-29
PO01997,2025-11-13,S025,P092,WH-East,125,115,7533.17,866314.55,2025-11-30,2025-12-05
PO01998,2025-02-01,S021,P095,WH-South,390,351,4617.29,1620668.79,2025-02-11,2025-02-12
PO01999,2026-02-23,S016,P100,WH-East,226,226,4482.47,1013038.22,2026-03-15,2026-03-21
PO02000,2026-03-14,S003,P016,WH-West,169,169,4791.69,809795.61,2026-04-05,2026-04-05
